标注名称,特征向量
磐陀裂生之花,Ky07wI4bcL8c/Wi/a0wOv9zfnr8Dktq+7psGwGh21r9Y/7+/8rxfQJ+UjECDz5JABg0BQBhEDMDOYUw/ZUWhPsq4oUA6KyXAzgOwwOjEV8AI13A/FBlDvkYbZ0DQH6LAygQ+P8DFB71lu5FAouyAQOzuskC28nW/2MG+P9bsoL5n1wDBO8LcwIifDL404DG+jw1XPx6o28DftqJA7DCPPvZkBz8oJPlAbtJNwMiitkASbt9AaEGuQAHmgj5IySq/LAkgQIM9IkB7hg5AKkMnQH+IhsAEsi5AkHKxP/i7lr8Av2jAM90uQNdhyb44bcy/ErKfv2w0E79P/IHAWnkPwA==
守护之血,j80OwDo6W8DAi3m/t1SBv6suDsDUD4Y/s5+3wIaWkb7zkWfATb4FP4ol0UDi3uRAebMoQM2e6b9tbOO+SD4GQGYXGkHuP7i/uKaSvr5QO8CGSU0/1C2EwEQUvkBQCSTAClMFPxDaJz2wVKtAwxDOPxoChUBucqs/51EIQMltsb9wobc9GlhKQMQ3FL+QQxA/v8NxwLOKscBgbrw/km60PlRak78MgYJA7jy2wAA61Lt4VLNA/eH5QP348b3pbWg/JlTLPh8xCkDdpQnAx/zdP7pgtL/3VkBAgcsxQOqmL8BsBNW/Pksovu63N7/mbZPARhwBQMpXcz5qJSjArleZwA==
便携轴承,J7sxwDh0PkD4x5DA39hlvz+Iwr7eLIK/8PZxwA+JEsBjgoRADFslQJu2CEG5qAy/cOWMwDASzcAGOonAt5V5QPTUer9tKOk/KLPiwDzibcBSNhNA0hQOQFmeEEGFSrnAHtzjv7w7R0D8fp1AuJQGQRwAsUDWLxjAvVzEP06AS7+uGoDAdbCmwHxmS0D+RQvAqupVQGTENsBo2Fi/E+buQD5GdUBSOvtA7WYywB+5iz/AQOpAEHJivSZFzD+WZ0+/8TzKQCdExUAKielAzW0kwKen4MBoD1BA2nwKQO5xKEB9goQ//CSCQJGBsz8Yi4g//lvGvx5oB7+C2i7A3rRhvw==
史莱姆原浆,+Ms6wBXwKD8qMSBApFKuQKZ+0b/qQeu/+VcVwS/AxL8CJ8w/QEMnvE1I10CWuhhBVjLSv/biRUD9upm/aUIQQNvFIUG+Y2q/CwpUv90EV8H+7iW/UllGwKqq7UBaCq6/JMTdP66AOcAEuOxANqHcvyCrg0DmTLU/oPBNPZxuGz/68aG/WEUJQcSb9b+Mkpe/lKPjwMtCFMHUZ7g+TPKLQH2uRcDn/45Ax+i7P8H460BxaA5BCXg+Qe+Gh0D03t8/2Gfwv4LtjsCz2ajAXrJjQEyklUCa4I1A/CzgQARJpT9cbXXAzFcPQHLvOz8g4m7AuosSQFBfWz2w4JHAou/bwA==
气泡酸莓汁,3D3AwMqUpECmZZ7AEN4FwHuTKcASO0nA/HtTQODIxMDc9QY+Jjnjv0iCtUAojbI/P0WZwCk3JcDGAB1APGNqQOVsor9A+9W/Onp6wK547sAFzJhAkFRoP7QiyEBXAyLB0R0kwB+gGr+XDB5A9gTEQDGAvkDWn7o/WXi5QHc2E0DSpVvAqe4ywc5qpb+krQ9AzlmIQHBmzMAcypBAlhWHQO/+kkCWEjpBygIWQPxllL9P3qlAEUZyQAO2yUArlM6/GnjDQChkdUBXwpdAIPYjv35HMcHOv5dAJ0hXQC+hycDjfoi+TOTzPfNWcMAQ+J7AzH1YwN5AZ8BuWiZA2+rDPw==
士官的徽记,wyoNwLLVe0AQHES/7cmBP4I5HcDaRwO/CpCcwK5IRT4uG7M/YaaIPx27K0AyfPJAGcwKwCDAu71WOqO/CC73PoHOSkDSV5A/LhrAwEhG/cAOWdI/c6qjv6XIFkGqxYjAfnbVv8eYGj8EHQFBILTJP+h8XkBeSm++CUpKQPg9c72CEX4/1osjQOKKRD8v88C/Up38v1IOo8DrgmzAMD8MQKDEcz+QtOlAbjKQvpSwUUCINslAhul/QISw9D8ZFN6/srjEQDRq5z+ysAVAm4ZBPj4iDMBqvFpAZOyYQLft4j9ZjyE+lCDvPyfI7r9ZXgvA8oS7P1iJaT/k68e/7iyKwA==
紫苑云霓,lBKdwLFCYkB64ZvAVqWMPwXRksCDYY7A4MV3wJ6zJcAAbbY+tnHSvyg/6UBe5UFBp4oewNB77L1UIQfAEJIWQMmjmz/er2m/zFEiwIDyKMHkIC5AMCQCP4LfcUEdtwfBG6CovjKyX8A4FytBM5abQOo150BZp1+/6apaQEArMUCW/XXA/+m4PzzLkD5OijpApgZvv1RLIcE5VAFALcXSQECgYUC3oyZBsO2KP7sgukCAMhBBtEULQYhCn0CuzOq//qIxQMX4IUDyXpM/5sftPo82AMG4S0dAazm1QIx8/b9xnOm/FlBFQHKZgL9W0ojAGIZIv9XTdb93LHa/6tgEwQ==
熔毀之刻,DQVNwL30HUCVtz2/yM9GPvABWsAcGSO+rBrPwBykCsBuB39Acl5NvyDe20AwDA5B0VwswHd1cr9GVlq+s9kOQAyOvEDbH4c/XQjHwN0rtcD/1ghAKWI6wC2ZH0F5EqbACMQEwMIopT/8jtdAgqddQBSsWkCmCEhAFnriQOxQXj84NES/I42QQIlgjD/rABrA1jxawJaEzcDVkeA/bQIlv8KRo76i4ARB9Stev3tAtb9mdwJBDha/QGmiHkDcjc6+yb8JQcC0ZUAO7uM/+w77P4KLG8A4BMFADoTWQORf976U8DC+8JCaPw8aLsDJxI/ABl7kPqpxj79EGay/zEFkvw==
横行霸者的利齿,YYHWvrII3D+eF5zA+7q5vzAyzL9qu6Q+1TUhwILiBsA2y9q+YJP/PyVeyUAvM5VAogkbQOwxhMD02vC/tkQ0QCrmOEB8/iK+TneWwHachMCOYS5AUxapv2krQkF4MNPAgNkYwAAGML95KelAfGhyQBNU7UB1ka3AKaq9P4t3AL+wjujAxXilwJBo1T3HYAo/K+xOPwK24sAIr36/oJKzv98GK0BUwABBgWk5wEoNPUBVigdBkTukQF/BmL8ILJ2/4kGRQGMm3D9jA1BAt9FSP9btZsDvI6M/Nq13QOquKz+57iO/qgK9P27woj7aIZfACp/IvuBuOD/iGbG/z8O5wA==
惑光的阔叶,chBCwOI9REB/2f3AVu6gvz4Lk8BTT/2+hjbbwC6HjT+wIJ6/upyLP49oDkE42zZAMdxkwA/IEcHh+m/AjHMGQdjKZsDFs4VAFov2wMI54cDGRHU/1XsXwJpSMkH0LeLApWM6wHEmNb/Olz5BG2HGQB6hDEHxpQ/BFl+kPwhX2j+Ao/k6lWF1QIcZokDpFizAqhyYQEgducAYso/A60AGQYOhYkC2skZB8RFtwEq1UsB/4zFBGs+HQNT8ez9dg0fAqLY2QNxzxkCSx+JAyTv4v1XiDcEb51RA18qsQH9UmUCevCO/neuaQAmdN0D3AoDAwIuAwP/y4D+NaAFAMLygwA==
紫晶块,N6JFvrqva0DlUJXA3IZSv4UhZsDmDf8/ny8xwC4n3r+3WfG/0/Tkv15uzj8GBFpAsMo6PyO5LcBynLO+JW5QQC4pw0CUUwtAnyFxwKmElMDDxMM/YTU/wHHtH0HDjpTAbGWXwG9hTb+yLOFAUJY2vl120kArqOPAvhYKQNajnD5Qu83Afy6wwFJ/YT941uu/256dQL5wlMCreDC/6Vm5wNC/uz8GNfBAbz9xwLS9Cj9nBwtBp958QNzGhb4H7QLAHvrcQCvDVz+unx9AUdw0v4DiYj/AA5M+ggz3QP4CsT7K6a6/rGUJwJB3ur89mwzBFmOKP0QuJkAPfN0/yizyvw==
[正义]的哲学,+HmvwH6lFEDOl7w/F2pKv18Tmr9nAWC/fh/1wHFQZMDGSXBAEGbIP3+Jij9HyhRBaff+v7Ldeb6tnXPAHbutvypyxkC6DE+/ujIZwex0+sD6zKRAMtO8P90ulEFCUOXAts6Yv/48JkDPEDBBmsBHQF3fmkBCp00+nvX5QC2+VMAc3s3A4TJ5v54Jur84hsu/2HLIwMIWFMEVPB+/vfCdv9BvIDyVNwNB9GB8wDDU2kCUmiRBlVGjQGHl7b2TDA4/Tr2AQafpM0BCH7Q/yMJ0QO1VScBYF7ZAN2yjQIlivz/sAY6/Csm7QOb3DcBwRcG/eGeXP23J2L7SlMzAZBGnwA==
米饭布丁,izKWwB41jUDynF+/p4k0QHDWvMBlQTLAOdFdwCjnLj/oGxhAOastwFUNlT6l+RxBwFTwv/anQUBAH5+8vohRvyuel0CU8zPAPmtawMnbWsH+iPw/2g2Gv1oMAEH1i8nAXEI1PzlPz8BGhPBAzjo4v1dg4EBgqZ5ALF5JQKOwjkAbR/Y+1gsTQGeApr8oHe4/uigrwDtfO8ECLnZA9+DqP7pCs78mIT5BsD9oQBw8A0EmMBBBpEQqQacuq0Dg6T++kfQdQB5y/b+s+1rA65smQNuq4b+6sYJA3wEMQawuOL+rZyvA3DeRvreI/L9jOLbAQP0/P1bRiL/IETjAyNDgwA==
执灯人的誓词,5D7qwC7UPsAetgzA9c85v6ablT8BoNm/eTWxwG3vhcBg3LM9z3aOP6O3DkFsYDJBuBK2v24u9b86jEy+Z7E7Pzke+kBFtbG/XozTwLqX38AfK55AS8Ppvmi5T0GUgNzAVOoWvmwOhj+4ACdBVsyrQFZz5EAsAEpAtAkWQe7QK79k9tHAj5CJwIQmgr9UabU/dSHAwGLyRcHzWwJB/1P4QAvkpD8jaRNBDGp7vrDax0DB8SBBMz0pQSzIxEBau/A+zv/GQNS8/T62wJ9ANPt5QIZKBMEMy+JAtRlbQLyCtr8UO9q/tqO4QLw6xT/aCUbAWK8Zvi4IJsBgxLI7kqS/wA==
灭诤草蔓,v30GwJceFT9sMDXAv6uZP6seSL+WQcK/LeSKwIDyJj1WYZO/X1g2P16dKkAU4hlBs7EFPzE3mD/BhhvAdFc0vz5tokDO1h6/XhdwwIZb48CTw8w/i/G3v1hrO0Giv6zAqnB2vxj+k78xAhBBV8G3PyK2lkDV4Um/jxVEQC9fuD+u9Rc/hsgUQHCIK7/2Rj5AgEOzwMKUDsGUGBHAP4XEP2ciND1wkeNAAdMSv6no30A0wgNBHozvQBRLtz9Qqo6/mu4QQLJK/b/ikNK+fY+vP7PD879GbRFAqf2vQGnsrj9HQ4G/pjEDP8Ihmb+y3YXARAgGQLMkCkA78g+/mOX1wA==
颗粒果,nGstwM6DJL7TnUjA758FP5AVRr2+RQu/3aAcwMmBScAEB6o+IS38P0Kl1EB7AENANInsPs5skr9Q9Ym8PNcCQO0gq0Doi9O/TzdmwCoRscBCIYpA4BjsvFkc3UCUPLbAq3auv5rWzb+8KBZA5JB+QB5JjEBUpzI/HrxhQIBqUT5dTEjA7LgWwUE6JD+rpZ0/e3yXP5e++8D+VZZAkMMPPpmGFEAcWwBBBOAMv6aVj0DBBAtB7CvPQEaxPkA7OZm/uLigPz+7zT+IDiNAgP+jP4HPQsABW3NAs7+JQH4svb/EVMq/NAa6PwDGij+84XfAtrkQP9Hxtb82RDy/WoiXwA==
祝圣精华,5rPWv9OxM0DQkhnAk5sBQObw6b/cLwS/fHTowNzkkb5Wy74/gLqBP5qfBEG0EgFBssklv/GVtD4vwL6/8kATQCIH9ECwIp6+7f6jwFwYGsF+Zis/W5qXwNiFOEH1EpPAFUK2v3COEsC5qwFBUqGHP5muu0AoC8Q/e4JuQCg9DUCQa2G/wOFQP/ySjb/c3ZM+1n0rwCzqFcH71zvAZ1YjQNSHV77pJABBdl0lPz+03kA6TUNBn68RQePvHD41Bnq/Bleyv0kCqb8gdmc9v/1sP1Ygy77GAGBAJpbtQKEXAkA/dTi/VvhZv5x/cb+Rz8PAd1U9QP2H/T/ov5O/UOzqwA==
[诗文]的指引,5bqMwHLztEB+YC/Ak6sfwKaSeMCiK1s/IiaNwOiaVsCYBzhAJz4GQMqAbUBBsfxAXnfXva3IXcBWE4O/iJgdPS+P3EDkqvS/Jf5FwenpLcEk+6xAmD3dvosHkEHe1CDB7bCEwEalD0DdxEFBCPSmQDd2NUH5iKG/ez/RQLZhub+TbQzBlCABwZS81b+u8CvALV5bv715GsFfhVY+et5owO2Yiz+iamlBas1owHCgw0CKBUVBlufoQIDEqD/Wdhk/uodeQaAGgECHULZA9jHcP59918AgMq5A02XfQCB4JEByhII9cr1XP2bhfcAe+9jAlIODviKhP79nO7bAPo+CwA==
一捧绿野,CzP6wDEMlD9DFuA/9gmUQFHakMAmxGbAcEsDwZxHUj9f5NY/YpY0v9Eip0Bxq2tBAayUwDR+ekDT3kfAQm8DwAtT0kDrhuy/W5qywAXiV8Fczw0/8p9aP+5p8kCLhIDAVGEgQBVbrr94409BWr4zPwWv2ECd4rBAwHeHQNkZi0AhOVvAAHgiQc8ghr8mOMi/0K8TwWY+QMEwQgBATB8wQXA4rL+aiQxB1zMoQI67CkEHjwVBqeo0Qau460B30uo+qY2vQHH5g8B7YDXAq49JQIr4YsAjvblA0wXJQPJmh0AuR4bAe06ZQExjH7+A6aW/CWPBPyr8mr+M/4vANkrrwA==
平雷之冠,sASHwIKhtr4L3IE/ABqXPzDMScDwFai9DwAUwWpMB0Bsbpm+aFerPaFGBEFKqipBTy9IwFp+Iz5CFJC/ebQ7v+77BUGF8hRAQmtywBDhnMCXYH3A7QjLwL0j7UDFUU+/w4a3P3yHpUC/+2FB6KNRP1qcqEC01WdAlGOoQM2BvT8sch3A3HslQcjG0b55QZ3A0cTfwC4Q3MAF4Jk/eTYsQaSPMsAoortAW9QAv/7H7z81aNVA+YQWQSOgjEDdR38/4AjJvtwUo76RhRdAZQIJQLA5k8CIAolAnsR1QBhHiz+7Nrq/A2zqP/DCF8BxBmzAM5/FP3VQzj+fGRDAXk5zwA==
魔女的炎之花,3yKXwPxZFUCbEKC/nkPuvwb6C8DbjlA9bKPCwHpFC8AGmwJA3gMOQIyU2UCXl05Bvvmov4FuiMBgwC8/K1YMQBLRmkDDReW/FO8iwVf/RsG1toNA61OvvyIlaUHXgxrBoJAnwLD4fz9rEjlBpuOCQDYXC0F2OyvAn2X3QH87DMAPsInA9tMdQBY3y78AKMe/8LOqwNPkK8ETRBe/PGkhP6g0uT6z209B868LwNJLKUAgAjZB5P4CQV1LGkDWzrE/71pYQdvjbUBzYoZAbnFZQK9ggMBYj/pAnEe5QAx5kT+4yR+/YxlnQMq0f8BgUdHAnCZQv38U07+zEX/AT58mwA==
竹笋,JF79v1VhBT8VsNi/6xyTvxUJgr8yVwU+lO8uv6gJV8C5DUFAQOWzvtTejEBhKJO/F5YJwHU6GsDsb0O+jK9HQH656D9/JcW+cENUwIgZE8AYUdc/TDGUvTwqbEBK2mXAQ4vAv5vwrT8uSgQ/rewrQIp2PEBuL50+ngwiQC1rhb5aTq3A0iCIwIaSYD+6XSK/yquDP3lTNMCy1XhAmvYEwOA1Uj/E+JpAOvOvvwD+377fTKVAS44qQO+uwD8ScDI/EbDDQGvDc0APufY/wBLyvL4UCMDFiTdA1yR7QOPWEcCeWma/99uqvpo05r/f8GTA8A9Vv6JCyL/GlyO/Su5iQA==
无光质块,gt4lwL0bkcDwW0TAHXaZwGZWa8BGlIlAY7QBwLbGMD+Q56bA4Qn9P0PT6b9ZujBAR/OqQJfjoMBwVZ28F58+P/ojykAqZBjAAYR5wL9FSb6lRHJA2vk2wAv9w0BRr4LAFpsiwESY4j/33QtBiFidvTQZFUGe/yHA1NGrQHDYUD5r/ULBvUkBwc9AJ79eXGPATWNIP74M2MCaqNJAnpmDwPq+Ez7GggJB8J0DwTgmtz789+BAQfO5QAygrj0wdUk/ITwSQbgbV0C6eoRA2FIsQP+wh8AyIxdAwUoNQLRkuL6yWRfAdoHqPmvCYr/bfLDAUk2SvzKUr7857ErADIc+wA==
浪沫羽鳃,BRSbv4xX5T/CeULAGk+0P6aYUz6gyiBAFw5jwCBO6j+A1I4/ub7iP+XYkr/ZqLo/huZSv0qbkL/uJz6/UwaRvz1AlUAu1v4/1pQBwRd8wcBwl2FAIUJ3wCNhuUDGuCvAB0VpwO3cRj+68bxASoYEPlZCVEAg2rs+hf6QQO5Eqj+tjWlAPUhzwDfmxT/muhPA7APJv+G+qMCaQynACtyrv3kiIr41DhBBgrn7P3H6uD/PegpBAHCOQHwiOUBJrgTAFLc/QB6zIr8FloxATMuOP4+Q87/ZTodAvhHNQICvukAjV/Q/ixSCvqytHj7amYrAy613P0YCgj/ZYKg/Rrl5wA==
漆黑陨铁的一粒,JmTFv4t9/0C4W1rAHGYowNVn+cCt+HG/gFSjv8Q5875tHDFBkHQSwM7bUT+YEtXA+nEiweUwV8CnJbG/giF7QJ2pq8D+SYdAaxeywMBKnMBwtLu98zSUPktw80AEHYvA54E1wOzwoL836KtABleIP9rorEA9ATc/JQJ1QDcFuUA2//i/dXriv2hVfUD7487AzyLnQPejgsDNpuc/mv+MQJzvJkCPqStBPgf/PxRGqz8NxQhBCCJKP88ztj+VRQbAa9kLQX6kikDs27ZAyC3Yv0/FRsBZ54g/0zLGQHDTY70eiTs/WE5dPfCJ0D7YujjApRQRwCvI9r5KmfM9bS+wPw==
昔时浮想之思,FGaawK2XcED/u47ARu1awFb1nL83xFtAzCl9wNJ2fkC+0GDAxXJmwL41Nj6vRYlBl9oJwB6KZcDhXGPA2M8QwDAyA0FGFIo/YDapwN3Pyb+gBHBA2rtxwMmTjEFvjQHBf0CQwKC0v0D3naBBqFRfQMK7RUEsjtk/5qAFQbtCwD2/tRDBBpGkwHuGob/QXZ++Uy/gwNRpFcHGxmpAtQSKQEDqDMDJ/25BT+qiwF7S+j+gFylBvs6bQCiiy0B26a1AWW5JQbou4j/elQ5BPg+lvyKaqMBymJRAI3g5QSjR/z0VcbY/1H+bPzql+MDSFQzBYe6KQBfymkBhGGu+Mhx7wA==
魔女的心之火,qk/RwEdQzECkxpXAau7IP2VioMBMRrG/9tahwCK018ALNZZAyDRxwGuHGEEG6PNAVAfdwF7EBsBj7/G+BrHYQFHa00AcO0o/SPwQwVJMHcHmpLJAYKgdvfa9UEG90wjBrD+kwPyZAb/+DM5AHTq0QPx3AEE3MQ+/zxEYQXCFFkBBXL/AkpeYwI5laz+OQMK/g8t2QOqVEMESYKVA2Hx9wGt2kT9D4kVBPK8YPqPrFz+UkFFBM9vRQGniTUD7e8a+c+08QSHgJkCI9ExAHFhAP3m9JMCjVNJAem44QWawqD+iwLO/DkLkPomQcL92tivBWLCIPbyqmT6+BrA+QhWdvw==
飞蝇假饵,KrN4wNMgIsDuzKjA+8a4wDHMLsBNVwdAhmnEwJQahj6YmrU+wKWUQMjSpT90khpAfYH1P/yFTsGej6g+lORbQHnItT/e+nC/S4MmwTXry8BgcSFAjCUMwDRYEkGJ6P3ABuSrv+i/IUBoeAlBrGryQPRLKUErNfTALlW8P75eosDxe3rAtkucPwrQ3z9HOla/hSiQPzqRn8Bnoba+mNMAP/5agT7RUSpB99IVwTbQNr9AYBRBUs2nQFzrc7/p7KA+fwsWQX74JUH6PAZBaBEiQNrNHMGoHLxAIIXoPOMHLECOmQQ9IpxoQOOnbj8b90vAEVahwGU+3b8d8M/ArG//vw==
冒险家的经验,E8bkv2CSEkAwJji//W4rwJMQhsCUqLy/iD+pv0Fexr/vTJ1Awh4GQCjQ+0DL3IU/UWf9v2+Oj8BHHDw/iuczQKmnh79ptP0+IilrwOiVH79cvxa/RrGGv+KbgUC3u4LAzvrGP2v1lD/9q4VAQVDDQMlyYEBdGoQ/5HaPP4a2MD5g6bPAOyIzwLshD0AyAkPAMQsSQBj6OsDPKWpAkQaIQCt6gEDTCcpAy4oSwCu3nb9xdENAG2ITQLT5ZT/w33m/X3pdQI0cBUHVMKBAiX6+PvyrBMHYxQdAI5aAv8evtcBNreu+Cy1kQFu1dL8I5U8/zJlxwD0JN8DQVIjAyWCNPw==
果味奶糖,eDrAwATGMMAoMI0+jjvXvx9ocsD4bgbASNocPqZei7/RlgDAFaDWP5sZqEC1waVABkOnPlwUor6beqo/Uiqxv9rE2D/oaoLArqtFwAEsaMBszGI/U+jdP6LswD8v0orApTESQDFirD+IK+dAQmchQKFp1EAHPC1ARayHQDQmc0A7rGjBMNLZwOLJbr9wCFy/g1Aqv/2BD8E7/yVBe+H1QPlNkD9FTflA0I1mv9FT2kCFJoFAi7reQHxMn0D1Hsk+M8OHQGjhbT7LrP8/fgx/QEYnCcHYEVFA+F3fPWaXAMAIf6bA0dBqQIDaN78m+k+/+nwswNSVfsDNiV3Anm0UwA==
蚀灭的鳞羽,HPHDv1qeYUATDvu/L4nPPrQXf8B4jXA+c7abwGpsij+JdMQ/qFNovRob10DuXxe/APqUwMEiTMAY8RfARMpmQAijEj76L2xAVAyXwLscBsB6vO2/HSoWwLL9k0AKcMS/kFGIv3qaP0BQCM1A3jgvQHeVWkCgALa+u6ABQIFgJ0CEZ3LAp80SvuoWTEB2TpLA6bqjQOCbt79JNGi/saHPQEpKdj+nrrJANCX6v0vIBL8eXctA/iWmP5BGRT87KKe/Kv60PsTyg0DCg45AF5v6v0pejsDskMk/MQhkQHcuMUC9Zgu/E6mVP5DHu7zIrxPA3o0Nv2am+D/kN9m+DNSavg==
忠实的砂时计,i6CRwLEF9T/c2kC/9QCiP4vdpcBIf8a/tpaiwLTeGMCQMEjAe26VwJ6ZD0Har1pBQic9v0RYHz+hZtA+xqxGQJtTC0Hqi6e+UXqxP1iXrr/o7uA/vjZ3wAYdD0E9iUrAbGxfPyQJhL4UcfBApy3AQKrPVEC/w0tAq78MQEpr/j7OfI7A6xtYQI21Sb/wkU0/ZUUWwK37isBzy8NA9zG3P5dC3r7tvI9AKeyEwIsIn8D6kUpASRXYQPCCdUDnA5M/ZmntPy96dUCvOgPA6OqfP3mMuMAil1lAqNOAQNgE1sCxQK+/QigmQOxW1r9O1IjA1pHnPkCgtz7pUgfAcZ+dwA==
落落莓,IIQ3v7OuC8AsMOG/3a7pv1kuHb6I8HC9dAvsvgJah8CODau/6D9mQLE9aUCLnSvAdQBjQCIZV8AmTSRA/f8sQMQQJ0DGpDW/4FsowPZAe8D/iAJAjoTfvkk6NkAKJXHAaTYGvyEVLcAKFre/HFZZQBDKEkBWZoTAZJf1Pm+2QMBzzKC/KKiNwA8wn74/jw8/XN9yQKCkS8AsHQpAKn4wwHqMCEBa2VlAf7TJv9wXO7/PTU1AnoqeQIgctL8qlizAnOQHPwwlLkC1dIA+s7hIQIMpZMDjxfk/H1HXv8he5L8yIrO/H5SdP8hASEBwR5W/peJcwPm0MMCD3oi/vO8FwA==
密固的横脊,trERwPc5Sr4WHlS/dKjqvgVQ7r+wCWk+nqSBwIqRhb7ghFM9X7FgQMR7iEBODaW/EUjbP8MchcBbzRo/bGo+QNQC4j8j3Mi/rUvwwIhB7sAAHzy/yiYFwGTpIkCCyE3AHimqP6LcGcDcSjJA0kI5P4SXt0D0Kbi/5yCKP94h075MpYjA7hHOv1D7H79f4uy/BlgIQDGSvsAxQlY/+jRxP6Zvi77gXshAIriRv6QELUAQWQJBXrTEQA4FPcAyWmy/2HCwPRQk+D980EQ/+DYKQDgWacDS0E9APNMwP5CdNEB7rSzABAkPQJyZnz9sHR3AY5ocwPSJm78cYSPAF9ijvw==
渡火者的决绝,rLXfwAIvgUCJ7Mi/thOHvyTC2b8N4CTAnjG+wBsryMAB/IJAiwj7v1c+JkFraS1BuvmvwIysOT/VPEA/wtADP6psBEHi5YI/VkvFwD7nFcE2jmNAFaXrv4fRg0GWhwbBUGIDwKJaKUCK4zRBdw+sQB4Fq0BdR4dAz6QyQZF1hr9fUwHAUvVvPk5kFsCSTfK/voxqwGRkKMEmF6NA0oBEQK2PiT8EEypBda4iQF92tz8KFRlBlbgqQTJP5kCTwxK+FKP3QLxeREC6Mb5AqERbQIKD+8AWY/lAGFXNQMYiecBJ3CQ/YEEiQFQkacAw4NbAgEQpPV7dGcDixgC+dLIMwA==
桦木,NYPrv7WLdkC5Mkm//h9WPmZ1fL/m4su/6f2Hv2Lsh8Ccc5NABn5IP+aEN0DnRwxBcZBMwFZ8MUDilK+/kKViv/QeYUBQvlQ9e1mmwFbe18Dvu0NAsincPqi3V0GpAqTAzHI0wNgpDkBmzARBL78TQCB1UUCHkvy+JiTHQA0KHUAIkOTAUXqnwFzpBr/4lre9tjJpwOwG68B5KaQ/Jy2cPgZwUkBvHOpA6VUcQMyZ7UCI7vNAKzOKQI9Gg0CdcYq/CqslQXufCb/yID5AblXVPph0KcA2vB5AumOqQBpr07889Ti9OYX5PnUhb8DDGmrAKLvdPwawK7++PXm/iQxPwA==
黄金飞鸟的落羽,jISNwMrToz+JK4DAHHNzv4vcUcBaYwpAHiTPwC2gKD/gw/S/XUoRwE4gjL7eNF1BiG9gv6yGP7/GkTfATtuIv0/MGEFPELg+vXmlwC47vcAGQfZAlXLwv5L3iEEwHdPArd+mwFKYMz9U2ExBRdElQITP6kDNhNA+aOAIQalV5D5129O/YtEkvyAs8zzgCuc+emWxwPRKGsEvwQu+RDBNwJRBmb/ONDxBCqKpwD7MDUBa3CdBRl7TQKpIXUCS/MA+YPhWQVwjLr6P9aQ/vlTtP61D0r8CJaFAIB4eQawAO0AGOok/eBuJPyllvL9Xr/fA6/ZdQOjEGUAOZs+/SYUcwQ==
枯叶紫英,XyMQwBY/kEAGDvDAOq+OwBnAjsCFl8g/rZyJwMQ2Aj5OkC9Ao2EfQOzTgr1FD6TAVgrOv1TnB8HnhjbA5wCIQFiN3r8WodM/S4U7wc/m6sBAp35AOMK6PXZFPEFHVwfBFECEwCNgib9lveVAU5pHQN0eAkECd6zAmoZEQO/IHr/4UMA/Cq4SwEVBKUC8T3/AaJCnQHoRqsAJbnHA1oRRvyckEUAimTlB+6SawM1qOcAL7jFB7488QJ+WO8CbgUnACFglQWrnAUG1sfRA4PWTvjdm0sCQV25AZ+FsQAz4s0CFMPg/qYAZQErO/j9juEzAEpdmwGzFEr+bkF2/eo7cvw==
贤智的定期,unsEwNnWpr4dLKK/8gMKQGIoHcAsmq+/bIeRwPAWub/8HAs+7oFwP4uTD0FJwPZA+nOTP8rlsT7ZuLk/ZslCQHzupUDILtK/H1VowO5W2sCASsS+TM2BwIazn0BB8ynArbEKP+pHY8C67o5AwCeHP3DnmEBoAiM+ZWdeQBtxXUB+3J7AoMmGPwSi8r/+hcg/vnXNvmvnDcEanDBAUzcXQATxij2qKapAYHSCP7o8qkAsywlBpVQOQdwQ7r5HeqK/I2xLwGaEXsCi+Py/hTZQQOY/vb8zkSlA/y9FQMbRuj+76jvAIJY/PNmSvT9LC6fAmMyIvWSFzT7fupG/J/S+wA==
[巧思]的哲学,Dk8iwCN/bEA7m6Y+No3LPg7spcCe0K2/psGGwMWv+b+YHGNAvBeAv5kgn0CFU/FAEor1vxaEGD8mBCu+XIAGQHojTUB8oKe+1BKbwEPIdcBU1Iw+dPwMwO+EAEFAxoPAmCkxPtA2jr+Q0MpAtyw0QEZthUBUGgNAJqF6QFL6GkBEzc3AjE7zP2gd7L0g0eu/S02ov2zuwsAVvxRAVkwDwOjo+z7F4QVBKRQxP1O3dj+QVPlAOLmrQE7/1L16eIY+esq2QHR+P0BESY6/ZDejP38DN8CXGUVAvnewQJM5K8CBCgPARUAwP57qWMByD43AyA8zvkKbMr/SeDvAOfu6vw==
繁弦急管,LO64wKdLqD9nLUc/YIRzQC4wRMB/1ITAVlvJwLQHs79S2zNAysIlQCNhBkEWPdBAnrRMwObx3T+QGJi/sgAhv4qPkUDQmee/LoauwEVCH8EAMEI6cAT9PwopOEBod13ApukzQOZD7b7CR7lA4Jp7QNpChUC95X5AoX8BPzjbTEBx0j7AnvlVQNGC9j5M1RzAxLEkwA+GA8HgBaY/RnYsQV1HxT64heJAMMpGQJ2I+0A6Pb5AtD34QEVVuUAfLNu/4NAfvTEf4L+dCxK/72oBQH43ksBOz5tA9qkTQNi4IUBydGzAloZrQAJalT8EesQ/5Wmtviw/HsDCWHrAjeWRwA==
孢囊晶尘,l9a0vwa17D5I1zS/SRGyvhAKlb9GYFy/wr13wCjmA8B8bYZAuvY3QPoccEBiOt1AtNMNQNy/2z+MKWU/f1vHv7Q4AkEIgRzAtZOwwOAmF8ED5O0/JXSzvxViFEFBxKLACN4ov9pFUMDi3sBAsg9JvwYD3UAGXaw/VKaqQNwI3T91cqHAvkxvwGJ93b8ygBo/hxsjwN5nO8HN2z9A0MMVvprgyT6j1AtBHm3NP4N5U0EYkCtBaMgcQRw9mz5bvKK/6kwmQI6ViMAHsS0/UfxfQL5f8j9pDTBAdFanQAyUej/6cSvA32Civ9zm7r67t5jAAA3wPw42u75uLBfAItPCwA==
风花的箴铭,g2zOwKAGr8D+4gfA3svMv/qwRsDwwKc+TO7fwIIPhsBwmVfAIk8xvoTtykCAkm5BKK5qQCh08j5WAI4/OAKUPdJLh0EZV1PAwu0dwGCf08D4CJhAJwONwBXCREGN2M7ApzrLv7Tolb/7ZB5BEE3jP4UPIUHlsApAaQkYQWqfEUC+W/LA+6XevxB4Z8Cr6zpAwR25wKgQbcHSEQ9BMMM3P7eVE8C3vxxBRyYawPFD+UA12D9BB9J0QYEndkAWcCA/DzOEQGLSs8DLlka/9326QCIVzL8mNrhAgES1QKCIS8DzhovAZHQ/v2zxAT/DDg3BKb1DQPBwiT0Mr6u+W78lwQ==
星蕈,oMtcwOh43byOBXnA3PNRwAnaCsAARik9pgMwQGyHfD9xpK6/PgnpPyx/icDmQF6/tgqAQExhEMApKxtAs7QBwLxMQT89II7AuhHwwIFBy8DxZeU/ajnVvwwoLEAo9L3AhvUzvx5disDXF5dAoI5evxw4B0GW+IS/55+KQF3YiEAbtJzA4ZsFwTt5UcARazBABnrDP9SBKcFzU6xAaHy4Pjv9KD/CmShBIPSsP+ao9kBWmQBBwdHjQGXUHL+nsyzANNteQGa2bsC+iM4/sRh/QEAl0sB0ubQ/2hu9P9AimT8iVwnAWPKRv1AhOr4R85nA2dwnwEU+A79UqHM/YRxiwA==
北风之尾,wpgHwPcN1z70roG+NGddP+anAcB4/GG+i4uDwPC7EEDjNzVAulc3QADYWUAnuQhBluYDPjhUDUAKGtQ/NfsOwHXMk0BgB/e+D0cOwdjSIcHsPvy/iEOLwNqLsEDCSDvAKp4jPnhMzL+ksBFBwhwtwFVRykCXEpZAdZ0AQdvglkBsMUjApZOTP7eqpb947Hm/sBBzwMTDJ8GqR+k/Kn+qQOgiBL9AFgdB0BmhQCDuOUH4QSRBWkgfQTAGbT+Jkua/UvWWvlDMhcDs3QhATcxAQIiUHcBlZ25AuqOSQB6olEDPDca/bgPGv4IAzb/8EZfAzkzUP7Gxh74+Pyy+bMyJwA==
「风雅]的哲学,Q/KSwIFPJcCM0lK/MWqwwHPkAsBkYnA/5lQBwO59p79MJKy+Jr+GQHay2L8RVQtBKJo7QKbEm8DQ9c+/gLcXwNPyXkB4emPAjAbpwNjnB8DcM8hAMMASQKKoO0EJ/APBrwZtvwgmcUD3IChBhw+yQNq6CkFJbqa/SVnkQAf0GcAgGj7BCMXmwGCmsDzDxre/a5EywLe2B8E6ArxA1lSoPqN4DEAsYShBnqEJwZF4s0DRtdJA8pZOQM0vgT8UgJw/8OCUQZA0yUBehL1A+VhKQHHI2cBqiJVAntovPsiz0r/sl+G/bjK3QFvJEcAYvmw+wF/cv44cNMD4G+jACD5gwA==
役人的制式怀表,prVIwOpjTj/1GhnAWgv6P/BQcMD8Gtw+xmbWwIoQkL4dnSVAloEiQAaZ30BRCUNA7Ybuvzucf8AwWiBAFN+LQBNW10Dgchs+KMEDwSr+a8Ew2Uu/cpmiwCa9WUCnNGvAJUf5voLObMDMoYlA9ORLP5Xl4ECOI/K/xgIRQAZkEUBupxpA1/guQCC0Cj19n8m/ncOmPwq8CcH02Em/x/VeQIIz3L+WiBpBXsnIPz/0mkAEfkdBunAiQeBPELwsMam/JS7mv0vmn7+8tZm+dSNAQO6/I7/D4qZAPJG3QFdPqEDmeg3A62GWv9ryD0D5CPHAIoWDv6DmpDs7Td+/CEKXwA==
角斗士的留恋,j8UBwfgWlcCDY8m/wC8YwM2gG8BUkOK/M0zjv4asgsCspz9A6jSdwBJLgEAwIz9BQVr5vwvNtz9W1Vi/fA68v2A0uUDQHOu/2tJMvxJVWb7ttt9APyoGP1qUJEHM74jAkDEcv7oL+b52oRBB8XWBQEkbo0Bw2dtA8BlDQWqQekBJoPXAmACtPaxQqb7cwpw/0iHnwP/TPcHeloRBopQsQAg2kD+gNPdA4pazPtOpCT7EhIJASkkXQVsmF0HGVGc/SXwzQRj5379Tr8c/KNqkQEDIBcHcELZAkgFcQMQyqcCYPo2/HKmZQPwV6j+BlEzA7gPFv1b1n8BFWWM/KMeZwA==
影打刀镡,5ndHwK9UQEACbI+//ImBPywdEMDrSoe/bl+LwIrxNMDEDXdAFkkyQN/YxkByDKVAXd4AwMSbhT3epbo/ix9LP5sJ6kAqZBK/4LPLwDNhYsF9cKE/8w6gv2v/80AumrLA0dCOv/xTBMCDOatABgEdP3oh3UAD444/vcV9QDMrtj9RNiDAjPyJwOw6Qb8EKWq/eXYVPshcEMF0Jhw/Wa+jQPNjmj+CqhJB+n5AQChvKkFp3SZB5RAYQeiyWkB6T7a/bzoFQIA9zb9GFxJAJhahP8IVa78MUIdACYWyQMvohT9g9fK/Ql6gvyzYc7/aTp/AeQL2P4KAob8S/Lm/jrCRwA==
星螺,mAflvyXzzT5yJjHAlZ2bvhAFaD9acuQ/XKuTwJPokr9YVWi+PWFEQLF5XkDIMrxAVApvP/DKBT+goqu9PNWtv3n2I0FwTPk9GB3cwC+eLsG+RDFACpswwDMaNUFhILXAFZ5jwMvC/L+HsglBW+novym9/UDGPgQ/emj7QAYqND8UQe6/tCLewPIF9r8ARYS8PDM+wFAfMMGFHyM91IytPxBzrzyOUh1BeSE2P5TSH0Fh40RBjB4dQempPT8Tz8S/uC59QE7zoMBouEVAhNr6PxPjqz+lKm1Axb7PQJtrjkB+sVa/dgwIwLTpfL6x7M7ArJR0QGP8rj8XPa8/KELJwA==
超级至尊披萨,hpHswGfKIMBgEKU/HOeDvzh/QcDk8hbAuguDwAsgLMDIfdK+HjuIPwqRj78gDeVAHsKsPlg/RD+ObHu/5qLDvx73U0BmlEHA5C3GwAa8z8Cr0VtA+xw1QIT70EBjj7LABJmJP7Mj478m7+FAkZSPP3B93EBmVrM/IsPtQIvPVz+KGQPBAyGqPwbOs78WIp+/A+fVv7WlIMHuIO5AaL09QMSBKD7OPgFBlgchvdYHyEDM5dVAEyjtQGJpGkBc7w6/RK4fQZoSmb9mRmi/ybqcQIDmnMCtc55AmKeyP9izkT92UqjAnGWcQBy9gD/UOAC/tFb2v1MHUMD+6ybA9EuIwA==
榛木,cjInwGJMgEAM8l4+WY2EP3ic07+/xh/AtFd8wChXZ8CvfFFAMPKEPBWEgUDCSG9ABEZPwOqfG7+P22bAULhXP0dQnD+u9/k+5xsLwH0dzMBtnAFAB88nQAOINkGZ04TAYIDkvnwzlT/VqLlAGXOrQLRHRkDP9BfAgUQxv+L/d7/auV/Aqt0oP1UwvT7R0A7AeWrhvxKLXMBiDpW/ScdEQBz5AEBF7ppA1JUev/4dwz/eG4FAte3yP/IQY0B8iXO+ISTxQAWAJEDEzSw/mmsQvwLWOMBmWQdACwEdQCxG8b8hSMW+hvKDQAjGbr/nLkc/Mhp3vtaPHr/evmXAwRpEwA==
遗忘的容器,bwsWwObYD8BgasS/GL/SvwhyUj9MixBAieyfv1hOjb/SH7HAoCHdPfp00763VrlAXM9JQAqwBcBOlQe/1jMHPt4rCkFPcxPAh+Oevw7Xsb8wj4pAcv6tv2sn/kCCNI/A+OEAwDoN4j8a5L1AH1XFP1fjoUAYPMS/4VglQI4qXcDac2HA/iuswCPE3r/iwqU/kxF+wMzbw8BSA3RA+TS3wOIkrr/8L8JALo+1wC4sM7544JZAxi6vQNQK8j9ayP4/u6bYQAwPoz9A/AU8Z+8oQPVXhL88VzpAj3iGQLQoL8D6nLS/smx7P5wP6b8oaqzARM2mP8JXcT8sV76/5l5JwA==
祭冰礼冠,DVCIwNaNlzyiPCg/amkcQF7rg8AYPR3AWh8kwVQ6A8Aw3Us9o3APP2abTkGgCwJBN0pTwGv23j881V89ZwPcP9aNQUHT25w/UxK8v1THHMF46HnABaeZwJAv2EAWpgLAGC4mQIoB1D6yGAhBOErCP88/hkDWz2BAzFkBQHPcbj+enjJAkNocQYTHnL/H6f+/yo52wFiF5MDZPom/p2UkQaC31r9aCY1AxjJuP5nwg0AHQvdAD6ZKQVgjQ0AIdvS+lJzBwCBno79Yov+/VgzYP1H+DcCzVnNACAZZQKu7zr//EjvADGg8vzYyrL4h6IvAiq0gQE7mXT9MUxPAVnS/wA==
霜夜的残照,1oQev0pvdkCpsTzAKUjVP2N4AMBAV3E+XI9ewGkiyj9h4gtAOlYav8KYhb2R2odAyXXqv8OERL4heZu/7jJqvz/C0T/Vw1JAbCqpwPfVmsBMlEo+lXMlwPfZ40B7cgXAsIwLwERqZj9kbNdAGCazP/gtAEDavb6+67kNQFRHrD/E7IVA65CRQIAzsT8KO6u/PFuiv5zaHsCI34zA3I2JP9B4jj3Y1K1AtsfePxqUpT6xuZJAEG02QKlv2T+FbBPAqoIZQNap9z7vMhZA5C7rPeOHQsCAeeE/EFqbQOlchUDrExFAMC8Lv8BTFL+rkyjAAH3wPvLc7z9CBBk/ABZqwA==
平雷之心,HsGbwO3zf78k67Q/bnGNPi/LkMDSzL4+WQ8NwYTrgb7KlnjAb/zXvkfT50DtPpNBD6TUPkBUqj+SsbO/xDLZvi4LNUEgDms99gyyv9orj8AI7mI/Q9YtwMRRTEGxhIjA7YRYP0Q63j9Du4NB6/qaPx0c7UDNeQdATHbWQE8ggr5yxjLBovV7QA6Blb+P8XXAuqffwJhUEMGKYbxAc+22QEUxp75z1+hAVdOYwE7jsj9KvtRA8g4cQQGPk0AwcwRAzXHPQNjLAEAdpcM/Ldg3QKfVWMC8ZYZAHzSUQDwJIcAssnDANz+jQGaMM8BI5kXA3xcGQNbvDb9AIYzA05zkwA==
千灵慕斯,EMChwAvNQz+WmV69Wx0zQE9hQ8Dw7fm/llX7wKbkEj7y5QzAwMpuPxYHukDm2wdB8C5kv/RmKUAIray/0PPivugQCUFva5m/q/wxwOfGYMFrUXo9QW4AwELFDEEE/5LA6l+lP+uYmcA+uypBTMiwvzSaBUGSthRAiyYvQAqWFUBu+8m/jLeZQPbUPsBzb4e/EFKVwLtCR8E0cGQ+mwgIQSwrjL/44RBBiowtQJSMEEEFkSFBI7dXQbPjg0DIEgi/eZwSwAadwcBqVFHADiU0QM5P3b+bJYpALvyrQJw6MUDMrH3AnsrOP0blcj/BEIbAA/XePxx6Or7ymsu/V8AWwQ==
证悟木,7BCevw96T0Auz4C9oMmDwD/9ScB8t12/CH3uPlc1wr8PD5RAHdfHPhLavb60RYtAsKIGwMb0rTvAJC+8VjTqv4hWJz9zIt4+kOVFwBEDO8A0i4U/qmY+PiJGIkFbJ4fASNeRv7djAkB+kPhA6+D8P8P9dEDK0tq9QbF0QBez2T5eqqDAJ3YmwHLEH74WdwfAD04pwIq/jcAk7hJA8tGyP0IgSUB7/dBA3gAlv/7fUkCoyVBAgv4GQFK6EkCWUtC+WUIyQW3yRUDncn9A8siLPughlsA46F0/A3uoP3epmcAMfmU/A2eMP91+esChVTW/LMsTv+yDvb/3ZRrAjdq2vg==
巡山客的信标,A7h/wC8iAkCKe+i/jAlFPxSz5L8xc2C/TR0Cv+DbAb/TuzK/2t+bwKR7gkCk5bdAzPyQwOB+vD+Ob3k/xmQfP8leS0DeeAhA0rXxv5MSJcBsD7U+kxIiwH2lVEBsfsK/zz+vv9Cjtz+ftKBAEv3QP4t3vj88WHpAWVW8QFHBD0BCNA0/MVL8P9C2tz7ncF8/uKvhv+nzXcCKbaVA06vuP1j4Vb9UZ4tAl1UUQEbpEsAT6SBAWNuXQBLVm0AS7Iw9tnYSQND+2z1h0oI/qH+1PkeZm8DntkBAiBiwQKbtwr/U4ug+VtMtv/4ZC8CMkLrAoOzAPl0qcD9BAGZAjs1UPw==
勇士的勋章,RjKgwNwlMcCVpCXAkQ/1P4A4pL3q53S/zYi8wJz8H8DHgZw/sMCeP+IywkDfEwdB8iT5vQirqz+qyiE/IuMcP9AfJEH4ajDA/qXswH7HOsEINTxAYuSBwI0uCUH5IpjAgeCXv7X2J8BvV7ZAcH0EPYJItECKREtA+z4JQZvgSUCDh5M/bw0hPyi4LcCoPHBAEriewOlPW8FsnDlAJHeBP9gX4b8ZwwRB9a0IQAhwH0HEXlJBlipSQcfq4j9NZNC/ftCyP/jLvcDyqry/soOZQLBNNr/xDL5AS47IQNO/N0DC2wnAYdGfv1xZpD9bRwPBwD8YQDeeFD5co+I+Rz3swA==
春律的片刻,qODjwPBEAMDWop2/Lm2NP16uE8CuWrK/IL8twdEAGcAGqMLAoFYbwIL470Cb9bRBR5XLPm4sDkCawwHAomomP/xne0H1eza/t8TJv2qV58DckTRAlJO4wO66mEHQu8jAarxyvXh+wD1K7INBdA8vQLj91kDUDew/Z40DQftyJb++M0rATB0OQXOHXcCQ3UpAkKpDwekyRcHiq78/pnGTQCZgwr9yj+pA1rd0wHqzYECeBChB4PhWQcT2akAzRx8/3iWtQECG+b8gizjAzvBIQEZhkcCGc7NAGbfQQMJFgsA/JBvAzm9iQDiINsCEiNnAB72HQFm1IEAADEq+GOAzwQ==
枣椰蜜糖,TceVwFj2BT94XMi/IIoLP/QqDcBmrPa/GhZhwKT0Ar9ho+S/f2XyP6RLP7+GqOpAeybZP0Sb6T+uXY6/audMwHI8fkAsfEPA1SKjwNtwEMGSHahAQIkJQCKa6EAKjczAHKi9vnbqKsA49NdAD+aPP3Q2ukAkL+0/NAZ5QGZF6D8YQxvAq206wPLeEr9aAic/9hpSwEH4J8FCEUY/X5ENQESWNj8HDyZBgFQKP9RmBUEMgedAM8PiQKzZcUCDtSnAfKXHQGTcHcCENjI+dyZSQCOUKMCAmopA+ASRQBQrLUAPeErAANBCQJhuTb46UzK/4Eg2PqFV/r8PSwPAyC3vwA==
守护之花,ScONv0dxu78LWjfAOoDmvocfKcCDQjBAxFsdwMM1rj+jRQLAEB2/P+BxK79oQxhAcfMZQCc3x7/KTGpAIKAmP+O3tkAhvYk/MuvLwLMT8MBTZPc/NtipwB+tKEB7MgXActMkwPD5UcD/3IxAWkUkwHiucEA0IY+/N8GxQLc1Vz9fIkdAA5iGPZr3bz6QDLO/NoNvPh+p0MCuoV0/Cw97wPgYlb/cXc9Ao18bP88HtT5bQ91Ae5cHQcA9Fr/yyTLA/iB7PygziL9T+l8/jmmOQDiFwb+e9VdAqQOBQIW0hECf5xu9h2i1v0BtGEBbN9zAERKYv2Zqtb7EZ6Q/1tSXwA==
奇迹之沙,HMybwJGKu74nIhnAA2VKv3DglMB0vOG+yjQDwXItlr+GU8nAqwh1wGPxwUDg6YVB8liYvkl9ej8Gk8m/wCjnPyQ5TUGMKz0/SBFMPqvvnMACJ5o/vOmxwK6sekHIIKzAzEJwv0ZY0T6YclpBnEaoP5lYwkCo8v488MjHQOPvBL+7TJS+rYsRQdT367/pYbo/kyDgwFAxCMHfiww/aI4MQGbIhr8sZM5Aq06KwIdeob8k8QRBzjUsQQ+O+z8foyo+jLCSQDwU+T6A7gHAdVZPP6bLaMCUHk9AehXDQHGgpsB3abe/PuZTPllpbsCxWAjB1tF8QEexUUBab7w/uM/8wA==
昔时遗落之誓,1C3fwGThgj4MsoO/7cxOQKkGnb+gQF/AuuPiwDxq6sAeT42+8tPdP/iKlUGqUppBGW1iwEz1QECHZgDA4Q2ZPyH2ZEEZM1y/MLpcwJyf9cBiQBlA+KAYvu6vWUF2X+HAVouuPiG+Y0Aq7lhBRy3dQAysB0EdoYFAeL76QLAbMUBiR2LB3sUHwVTszb/Wmci+FmWcwHcOPMGuN+5AmC9WQUIsXEBzWwhBlnB6P7CUMUFCrR1BPAQ+QcgfEUGJOD8/niKKP6aYzr/O059AjkYtP9QDy8CDOqNAvpGUQDjta8A+E43AZn9LQNqj27/cTl3ACGtkQCXGsL9m/STApEACwQ==
水晶块,oHbMv9BrJUGx+r2/b1SnQE0En8Cz07C/wrIkwRKsJT/q2p5AqVZIwPU3/kCKDXFBFNLQwB6Qmj+DCoPA6uJ6QBHuDUE0nMs/uPFMwE4EgsFQbse+NdawwOXQl0GHwtfAtdMOwMWj4b8m1V5B+urPP71VCEFo26I+ycttP2mjEECB17U+MO3GQHpbAL9QwJm9TeMiwGNaHcEwYa7Ag0+hQN9or7+Q50dBAJynPf7pBkFeIXhBSRwXQZ2zkECGkQdAJMMAQJyjjz6e/Hq/G7T1v411VUBmgWpAXPRqQSqEOD9PZgW/zCxpv9x6psAP4iDBHt62QFv9mkDfWZDAVNwTwQ==
混沌模块,sGokwJvAXD938Yw/rD7NwNeO48C1zjS/dyIwwEjqHsCWcsFAcY/5v7TZDEDo4XZAcIavvw/j7b67hjxA0BXuvo0/eEB1BQy/tPXuvSKSj798DJw+r8QXwLiQEEEICvC/Ogq/PqaYoj9iT8JA/rMMQGeqhkBqFhNAMlSEQAwgmz87I/LAq9wVQENcgL4nwoHAKOPtv0Q7psAxr/JA+qg+v5DQeT9ms7FApVvwv+wUHj7T0VtAQjrAQMB6HkAEPeY+wikAQepjb0AXPwtAQ6ZEQKdVocBa5Ow/JoGPPwm47sAGSOy+Q1LTviigMsBt8kTAdiYEwOroWsBIKpTAipEyvw==
华饰之兜,SIPzwMuIasC5xZ+/CJfJv8PlkcCm4d4+cAnQwGzPjcBZDjY/Sfnuv52o40B9CttAzO/5vx+WoMD6ijY/VSGjQC14ykCWeMK/OVazwPvM38AY/tlAvAgev6339kDDZJ3AzuOev16gUL8qqjpAG6m0QKxKnEBBddA/zIz9QJhI4L8mPWLAnghwQPX56D9wO24+oS5Mv6n50cC6ytpA1Mivv33Sxb6gNNlAqXPywALPk8AcRMNAZkTiQIKKNUCGg4c/DhxJQb69t0CGI4y/teOPQJAHrMCqSQBBBf9pQKCksr1qo+S/3aKfQLwyHkDW5pbAaQwrwLjxk8AdvZDAVOs2wA==
驯兽师的护符,FidOwIKE4L82gvS+nki1Pmx1nL+AACU96ARuwArRxr9gjTvAQEziP5pr/kA88d9AFNKbP3xOk7/0inlAyLKUP9dszkDsi0i+Q+KDwHXs2sDNx1I/ICllwAzSXEB7PV3AanmoPl/Q/r/0+IVArps0QA+QVkDofMk/ziprQM7onL/M8BpAVYrTP5RNvL+L2ys/yuIYwIRUxcC4sxBAOj0nQKzXa79oVLxAyFjdPu4vSL8Yuo1AhPcWQZjAGEDSA6W+lBk0wHUPsj7I3y49e22NQGgfqsAsbJtA4VGdP+M0g77PAZK/bpTHPxH0lj+qtnPAqFLGv9BN4r80oxy/eR2dwA==
受祝所缚之印,4Bhvv6QznT+slgjAztwCwMSmbcBcxbU/4LQtwDT5HECGM19AlJP6PsSyG8BuSwFAOWETv/Nkg8CKIj8/cudXPzXfCT8GrW4/Me+ewIJ++b8kzJ8+UtwvwOgXhUBhMP6/5dytv44yhj8n0L1AnpHXP8dIk0CEnRPAE9GlPzRs5z/neXTAKzBkPxzpH0BeDVPAdk8OPwqxhcCyfsk//JeMv+63Lb+nIf1AE1wFwAhy1j+G2MZAuqADQFx0Sj9/8Xe/z/fGQM/cIEDDi3FAPL7nPwpzCsCPNQhA2G6MQK7cmT9ilHy+u34RP8YjC78/XkbAgKHdv7JKgD+cSA/AEXiEvw==
最胜紫晶断片,Go5lwGC3hr+VqjPAEdfrv7EfbsABZya/O0ikwO05iMAt4oLAKTVRv9bkKkHXMchA2OFyvWqV/795CsM+TqZ+QC2O7kC6GNE/lDjTPqW3HMDoY+U/c395wJACE0F30l7AuJp7v5gtVkCjir9A9uGdQN4AOkDJHYi/c/Q1QKYc779dSHXAOZ7LvnKyRz/LAp6/WChwvXIQJsAsa7A/dXgoQL9cGUDPsWpAf4NhwKgMjMDAqmtADmLjQMMAeUA9GY2/A8JlP4pgvkBM/SVAjMhRPk/M+cCAZ05AHgCcP1Zxx8D63Nm+jo6XPw4zuL/a8o3AOmvqviQbuL8j8Qk+49RGwA==
休眠菌核,Tc82wMOzBD+Ue3q+PnkhQAbJr79Bc3c/GDEIwf2t5D+OyEk/GW5WP6QSCb/fZ0RBKAg1PkqtH0B/dGrAPNdvwGkeEUGW5ZI+kJ3RwAzhucDDHVhAeEUswPSZP0Hqt0LAwD7Cv6v+jj9fSDlB/ThWP/CrjEDdcWtA8yy+QFLsuz929cs+MomGQMweOb5krhDABZYUwblQBsFgHArAjNzyPnT4H8DPDQpB+wQuvzQFlUCLjxRBCdfIQH0JHkDOhlu9XtDqQPa2EcC0DxG+idYkQAMk4z00AJ5AKVHoQCJZo0D/YUi+sgr3PzsQ4r/IvPO/wWZiQEB33z/vKA3AMefnwA==
聚燃的石块,iHobwAfEo0BhG5nAc40Yv+KAmr8WUAq/ZUf4P/cGJcAWjpRAssZ8vrSHYkCnaz/AVH0iwBUfacAJ/uU+14OpP4KmdL+GOa++jGbqwEpkhcBaSgxAPp+wP/uUjECM7KfAktFHwOg1zj87Efo/2POvQNFRvECcxZG+KHo0QMUO8T9IxJ7Ant4VwZuMIT/6WNi/5SPoQG3fccDEDGJAEnrJvjwjC0B61wRBMlCEPxhAS0BvVK1AQ8KRP6caH0C7ccu/S/20QGidGEC5rNZA90tCv0KPu8B3jh5ANUFqQFVvCkByTnI/+hyjv6pEzb7i33LAP8EGwIpoCL9Sp8y+xOn7Pw==
高塔孤王的残垣,rsohwH+Op0C5wh5AAHNxwF6C3MCIqAy/PchSwMynbsBQTOdADt83v5MiqECgUzM/zPEvwD0GNcCaczu+3nInQNDUP0AJ5yq/4S5xwFLjmz6EOEw/8BdxPYFTAEGBg23AzrWPP8u4KkDNY1hA+8yLQNNwa0D2LFlA4jYZQPrLN8D8oTnB6C2HwLgYAD9uW53ADrstQDSCxL9xTMhA4u/uv4vGFEAT84lAvTarwL3t+L+iO2lAwQO4P+NczL9lPQlA7skmQZuoMEHCRFFAZw4FPxfitsDpv/M/E8COP9Dl6MClNyW/Cu5EQIbOW8BWQ7u+6WASwCJ9VMAdBBjBZx8wQA==
霓裳花,8ztkwA5Al0D6pNvACVkAv6p7ir/lQb8/hn0CwCQxa8BA23dAolW7P6eL5T9dOv7A7oUVwLaRuMBgJx8/Ys6gQOfH8D9KMts/nPtcwSUZMsEJJNdABquGvyTwGkHK2djArILFwMdKccB2Hm4/p4IVQOe/20DnppXAKEzfQHvZgT+OSUq+EE1Rwd40hD8gPu+/K6kDQctxBMGQ4Tq9NHOZwBmSzz/xTz1B5l2ePwc6LECcKlxBWW6dQIgd5L8flZnARbr1QLypwb7FyaRAj3osQKQUhcDTbaZA4Wi6QAooDUGpxoE/Mt9hPyTNw0C1TufA5oxdwBMQkz5xsE5AALlKwA==
被浸染的缨盔,vSSTwJxVkz8RcinA+QFtwIggEsAAqsS8PEe/vwLVob+uSZK/8oDRvt8a9kDQSVtBy5EUQAEdML+RCyM/p6MTwCdG60C+D+u/ApjlwMJshsAUwSlAHYFRwEaycUH/cuTAfQybv9i5BkCtgkpBlmxsQLkJA0FspJpAv8QZQQGuKz8sT/fAzhKiwLk4YcB1aes/GxyYwMgiHsG899pAqbo1QO4AIEB9ahdBssSNv/Q6S0A1AORAnPEXQYRcU0ChzEM/ysrVQKT/CUBVKKhAwB8jQIVFQcFI4ntAoJ4IQM47UMCu7YQ/NjyGP139icBkL7jAU/ghP1XP2L/Owo6/qxyPwA==
教官的怀表,pI+cwFBNEsDorI++WjigP3q4ub4gczW9kIsgwTxzML5ktRU/kjLMP0Grs0AAXzdB1ESoPEgZED/8cqG/yPLePokcLEHoYL6/EFX9wNZ7V8F8IQ1Ah8ihwMCtNUGB1ozAxgfGvpJQor89IhtB+kRXv8dAqkCgMWtASiwAQd+Ker/Sq4tAzwsWQfPWEsC8t6w//qAvwUU4O8FwnkPAwe47QESCMMCeneNAYgkVv5BhuUDMTjxBkeBPQbkhED/Ybww/SDeZQEwDEsD1i/S/Ap+LQOqH174DU+xAJ1HKQCrBhUDKF3C/xEO6P0pFP7/FGbXApGIpQBYsp71rWu+/7nTOwA==
狮牙斗士的理想,KQ2JwLdphUCvIZm+nxopQISm8L/4Yh/AIliGwGe8gL+gcAtA+gj+v+u2tUCbZbBAQ/mNwIz/ij+6keS/ttCYPghTU0DY6AW+ZrYmwHhm9cBSTABAYFSNvMnnAUET9lrAJC0MP9rUnb+b46hAqLKEQMoqNUDBOY1AiAgJQK6UNz9ZVlVA790bQIxCbL6IF+M9F0MowMFjzcDqD88/5dqIQA3tLr8KdNhAYCO3Pz7KuD+iYqRApna2QKgok0DK+wk/kCTqP5i46T4ZeUK/37iRP/ZUccAAGYJABd6WQK4K975Y1/I9wyJiQLir1D1899S/yLLEPohYrD3+M/C/pICdwA==
霜镌的执凭,O7U+wPKtD7+Miae/9Up5wI/cFcCSnlI/UJ+EwEhLHr/YoQLAbj9PQBVDwD/5weBAwAFbQMrzRMCB0yO/MeSsv33vtUDgpTXAFhGhwOY4pMCJWGxAoS4Pv1QMKEFtYePAldN/v+Zr1L4JgBNB0lAqQBmQE0EO8cS/BugsQE5l1L+MH9PAsjZXwBBQ7L95zTK/adpNwPJXDcHBHqk+zaU9v9gETb7ueytB572AwMYBl0DdmQFB73LgQH2ZNz+UBRw/d5/6QCzduD+hhipAKkRAQPdZSMAZj3BA04ggQLO9M79zXRjASo4WQLil4L/APRrAMP4KvZ6AYr9QAovAcryzwA==
电气水晶,BM9VPoBV1D+ooUzAg5W4vcnMAsDzw+A/ipW7v7RmCMA+Vkq+6EJFQLarrkAFemi/JvcOQNvnhcAW9DdATN9vQPAyhkAtDbc/3ca8wI4KrMCQGta9U86DwPvFyT9uuSTAIEocwDliL78Detg/+iDeP8H9iUB8y5PAuDBPP9q2iD43fZnAIqEFwa6Dcz+8iS3AB/neQLLZI8Cnw1++ON3Kv+ytGUA54rlAFMXOvU2qpD7AItZA97KRQKjuzb4fZzrAWBoEwCLnGkB55otAO5dLP2nPNsAbZ8w/bDUNQEdqsz8U8Hi/CZPUv87OPD9bA6rAr/z0v7wmH7+AOBI67r+Nvw==
秘源真芯,kpNxv9okPUBolHTAUl4fvv5B1r/otgS/x4mywAoRd7+B9AZAO+o5QAHkw0DeeNhAdQxMP59iIMAWMU3A8LWXP8wIRUBag5q+gpzswBCV78CW9w5AeeWDv9iHZ0EwRNzAC5MYwDwstL706yBBwPd0QCAQ+0CyWCnATporQOP3+T7waYPAIF22vyhYgr2EjtK+SSTiv+7ICcERRobAJ/+tP3RiCEA7DiFBanfjv+2tzUCP1CtBvsO/QL1io75rvmC/qYWTQOXhsj9ZjVVA50OmPqA3Q8BRZiRAtpGqQNy0VEAgyBq+evy5Pzxkb7+0U3rAgPdlP6Uukj/DPjTA5MjmwA==
汐藻,BMvov3HdIkBRSSHAQJDqP8i5CMAeu34/B/rNwHgf774mNUNAlPPJP7d1s0ConAVBxyvyv+ydIL8Qd0i/ODAVQP6PGEGw/d89uw0AwU3VbsHSJWY/6rKRwH4OM0EtFcXA88AywLT7p7+EEx9B90sTwBZUC0HWuIe/dCXAQMQi2D9LLXvAiJgmwCGeJ7+wYFy+pG/6v7CDOsE8aZe/oE/FPxhkHT2ImS5Bgu3PPpEZKUHwK31BpeEwQYnQmj8YNMK9vCaaQMbe6b9SZARAf+2QP38nJECK7opAp0YlQXOhXkATPgDA3dYOwCjkBMCkACjBn6V3QA63yz/rhsi/UuypwA==
赤念果,sViYwJFFPr/gmdc+FJ0swHIHEcBvOFW/PJFDPs7iU8C7YcZAoB4XP/thh0Cmwj9AzA4dwGNoz79yLw9AmDMJv28RBUCf6cW/TIGzwM0OjsClIG5ANtEbP7IAkkBKdYLAhNm+vqYWLr/iKSJAYmWBQPhtdEB2noNAmPHVQGM89j+evfHASUbzwGCCIz/YrjS+gkV/v2vy7sD/MhBBASceQP35/j+HS/tADDWLPiyopUCK8qhAYkSYQHTWhUBveQ2/yNAaQTRFzz9T7kZAv6BRQN7v0cD+X5RA4oTQPzz7acC1YYm/j9dAQMjjqb0ocVm/nODvv5ooh8BLAgrATvBQPg==
脆弱树脂,J9YmwGEnBkH0kd2+39raQJgCj8BILE/AVLoswQ7jx78L+cNA33H0P86nU0HP7M5ApjfdwEZBKL+QxSU9+givQCHXqkDf5h5AKe4BwYQNr8Ee2S3AdtCAwIJvD0G94IXAKAvnPamGYsBaycBA6L4zQDhmjUDd0Fm+PkEdv33Unz9KZBNBtlYlQRTR7T5suBLAwCldPxGa1MBfbxvBzYYIQR4aM79V2/1A7BuvQLkQuECIJEdBRoQoQQYU4D+FHN6/d/3HwKjPJT/iQt2/gPk0PkA5F72txq5A3vD3QG/UwUBj+s++iJ95vsFlOj9pSbrAWjukPzbxqT8ryX7ABSv3wA==
幽光星星,hIfhv7iYdcCSlLG/InkkPTy/Ar5sZ6o/jUWywGFHpb86Wc+/XbBRQFZegz+BssRACp9fQB6svT+QkKY+IBLyv9+QV0HuXZW/meJGwIqcIMG6dxg/w/WiwPtQEEE9UlXAdhrJv4Ak7r71OB5BuWl5wNWY4UBOofe/+LmRQLfXoj+nZjDAIJG8vBpzR8A8xEi/6jTGwCb9NsEC4Qk/2qIHP0Xrnb936+BAcKOJvYfOIkHjkiVBNI9TQWvFJkCUorq/+OiXP19x3cA0Ty++X1CQQLiNBUDFcjpAxQOPQM3jqj/cnDPAuMYZwEDpXry04+DAw2s0QKDfPD/IDva+64nvwA==
锲纹的横脊,iYsGwFx0QsCwNkfAgIsewFQnPT9MoL0/mEt7wFhG0r+NDAzA6g2TQNvvw0CmLRnAP8iCQFk33cC+bmm/jEp9QMZAKUDykh3A3MPnwIJxz8AOXdw/CCaOv5NGykAuwbjA4ECiveZiA8CC/DRAESMQQLxA6kD6TkPACvLjP/35bsDlR57AkS6GwPxo4b8YymQ/QDnhP0qj2cAxfqc/Hok2v/CLDD1CwbdAsgCqwDhXsz8/dhJBK1TqQETrksA9Sdk+YPPjP7E0fUAQivo/c7RFQLBxkcCaf2pA4kgNvrA8QUBbSQbA0OFPQGMLHUD68jHA8F4iwK/o4L/Wp2LA8Nc2wA==
猎人青翠的箭羽,FgSewJ/LF0C2M5q+OLSDQML4Jb9Qe3a+dksHwTzfOEDwJF0/LI80wPmYgj/CfYJBsU6OwE2CiUDkrifAGRtDwLzHG0HQt6U9RPTKwMitHsHkhxVAPrl3wMoLUkEKJ3LAFOHMv6CVpT2zGlRBUBiQvWdeh0Cef/xAexURQf34S0BDKKFAvz72QDLU5b/8P6U/LC83wVaZMsHdmLm/e/uBQPRcksB6zx5BqrQDQBxBz0D3HTFBBpENQaBmo0AsOPE/ZuixQDA4lMDSacm/64MGQMw4tz4f7cpAbB05QQW1kUCSdgs/8MkNPmKwbsASuMXAVtO0QBCuW0CdtIg+tLLewA==
无垢之花,bV/RwO5m1D/ISo+/1bdNQIJessAAqZe/+bo0wRoTM8AAiUc78vkAP8w+YUEC7pRBgjVwwK5IJr5cuag+ek55QIdLNUH35oU/wWAEwYkRfcG65xtA/6lewIweWEHlf+DAdXGovzzLQr8Pj2BBbC5BQLU/BkHVyZM/Z5wJQQlcrj+JYoDAXg3UQFig+704ogbA3YOZwEPcMcHw3e+8v3IEQexJYz6Rfi9B6KHnvqAOS0DwTEZBK1dWQdwBrEDp34U9cl6yQJKAWD/sw/c/SjtCQOSFWMC0Df9Ad9QAQVMiXUDdQCnAmlxFQNgcxr0+/ObAclHBPyluxr8ekEnAFBcFwQ==
东风的吐息,uyXAv5XB70Cxk7/AmsWdPu1jPcAeOW+/+QkBwWfUs78jeh5AEOavQLmJMUG2KFhBxGiIv8SXnb8+X/C/+YnOv3hD3EDHr1tAWglRwawEf8HEJm8/0VKDwBwFvkFQXS3BvieewHBtlD89A5dBIBqNQLa8OUEOXjHAXpH1QE2B/z98yhHA3qIgwJ7Mtr8EvgbAIijMv2ozO8EulCrBgjQAQRyPiED6VndBbUIoQGgROEF1enxBa88xQZQQBkC/vH/A9WsGQKAy2L47XhZBruDlPTCDBcHje4BAUSbJQFtL7kAplQZA62lPv4PTQ8DEOdnAVSwaQC2GFkDYbdW/ri1HwQ==
神合秘烟的预感,Xv6zv87EgkC1mb0/yEnmvvFIjMATfDG/EmtswID21z3D+Z1AXlMEv4fGnkALYAdABCeIwBZEqr/WaOy+kDPaP+coez/LSSBAipRFwEwDw7/w4SjAlCP8v4FQlUDg2Jq+OLOxP4hVMkB5HbdAUAH8P6JAC0BY5e8/SJaNPyoaAD+iDN/A5qdIP6ZFA0A8iazA7ZwePzfexb8gmxpAPP6WQBJLWj/EboBAdgviPnc6D74wx3BAQkrYP24Mpj9QXRs/1HNGQI0nkEANh0VAmi8HPtqGcMCO5rE/QBoqQDBh7L/cGzG/RskrQO+T+7+OdI++JSuuvz6GEr+5BYDA4W2ePw==
吟游者之壶,GqkvwC2COcC0+wHAaJXdvqLvIMBkLMo/vpaFwJL2AcCO06PA+kRlPyTmfUCKl0lB/s1VQFfyLL+GYIW+EPngP45qM0F5dwLAkWnev6MxycACTlBAOKVOwOHQJ0FIrq7ArjDav2o42b/mYxpBoKpfPc0e8kCbQRjAdgadQAv4Q76mEPfAcrdVwITFEMBVJ9c/vFZ5wJiZEcG2nlBAuMp1vwhj9j6Xbd9AL2i7wFdpcUCmFg9BlV8bQYNjkj8F2GY/0/OgQG4+Kr+DPyu/vEZUQIKjQL/z+ilAZWSWQGbhQr8YjVnAUmg3P/CgE78uQdPAGsbkP0z3fb2oGUnALqD0wA==
毗波耶,9TtAwGPZH8AYuGrAvpaIvvmDdb++coE/bew6wPxDXcAkACLAogIjQFJhmkDgUO3AbcwEQFoc2L/4NpU/dHVYQHaK1EA4uBK+thyPwKvi3cA9vyBAS4gXwPLDnz8WNibAv+SNv+7fgcBK+gY/oPmbvxp+l0CG6ty/ZD5qQACrkD+uiEXAIJEnwbDMVT26OwLAUl+1QApI98C3T7NANDSAvv8V/j89KbxAvKaLP6injz+4BBFBmYMbQfQFLD+bK4XAMrY0wHwu7L/WRA5A8X8vQNx2V8Bw1DpAO8bZP0E95z+BsETABiI5PxNrrkA6S4rA3Jzrv+ZjF8C33F5AdA5kwA==
天枢肉,huELweDiF0A0aKVAmVx5QAydQ8BApMHA3truwNpej8CuI6VADSUIP9aug0GwCQZBhGMKweZYQ0BPheM+ym+ePyq4pUDDWOy/qMyOwCXAXcEpGFTA1r54P2StCkC6gkDACqKmQFb79z+8KO5A6IhIQHU1lECDcQdBoC1QQAaMFEDm0MnAeKkHQUGpCcCFFYzA1FezwNXWD8GeDKxAXmGNQTYPmb4UPa9AVcHPQF7xvECjfaxAnZk9QUxrFUHB7hJAThhGvyI/mL8EckO/aEcvQBWT1cD8DfJAk6ypP8IswL+wOJnA3K+qQNbI/L8AFBM/6NmJv2PtncDg7ZXA9MwJPw==
翠绿的猎人之冠,BKA+wEfnb8DNgCnALvfpvzi+pr9UHwpAmHNTwNvCAECtSkbAl66xPy1mfz9SOxBB00p0QNbmBMCM0dQ+ek7Pv+MZE0GW1yrA8nadwIbyf8BxW4NAPElRwL7V4UAIuKDACvHev7X2mr95TetAJgylPzQY50DvjK8/1vXHQC15nj8Ankg/JAfPvxCcn7/MQC1AtNybwAvFI8HndStA/RR0v2syCsC6GxRBiQ2jwKZVqkBSpQFBKZ/4QDvyjj7DLxs/yc6zQATSOsAAWxe+t5qAQNCpdr9U3HJA3ICSQEyZ6z/o9Gu/Bs0Mv1wgCT94LLLAhk0AQBqE5z/mD9q//pvnwA==
「月光]的哲学,g5sDwF6OI0CIeQhAxun/v2mHnMAYyme/4G2PwNZg3790QEU/VwFcQH5ATkBm+wxB5g1GPwfxHr53mzJAbKy6PkSxhUAOFIw+5pHGwEv878Bg9Fc+EIPIv/29JkHyc7vATDorPvZ577/a6BJBGvXWPw9dnkBslR7AegyZQG8Tub8YpqHA3wtTQN6NiL86XyPAsP3ovk5Y8MAqZD0++gw2vzv0rD8t+w9BGXNMvzI5lkD8k81Aa2XhQBDxoL95QBjA9on1QLiSPEDknrs9bsyHQHjxSsAYt0pAeg6mP5/iLsCetSDAwrVXQFZ8tb+mSBzAlGqNvyXTob8Qn6fAWY6pwA==
北风之环,LB2+v0TxO0D84ljA1ESFPyYeFsCBJ8o/wDvQwN7grz/mJZ8+TLadQOnLEEHWVdI/GnWmvrB1hMAGFRC/VrM0QGX8s0Bsvj0/mIwnwQTZWsHMk+c+XN+ZwHCqAUF7rrzAMN5BwIjTRr5eBftA8jUwPxjeF0HTFizAVFpFQOOpwj+HQEXAvWTOwOgdcD8MCx3ABJ3jP5bZEMGcso/ApMiWQDA1Az/QrktBa3UrP9DDBUFYSW5BspASQfl53T7xP+K/kDt2vyh4Ib8v5ZJAL6DqPp0zDMCq25BA2rTVQGQp50AuzpC/UlM2v0DeFT2vfuLABraJP1Ujyz/N7+W/qwbPwA==
骇浪派,Z/u5wO1JY7+h6zA/YF6sP6w+TcBgoGq/Wm+ywCa0Dj8S0wTAe6XVP287YkCMh/BA2wfxPxjOnz+pnoA/twgzwD9jF0HUOnbAb6KQwNrgV8GQ/vw/PPSLv+AZiUC/J3jAzfmpP7xGNcDEXvhA8vYzv0p/9kD3lolAX3owQFYcJECIr6G/OLhjP+qMFsA1c5u/AK3DwFLIR8H+K4JAaYq9QF2nGsD+Kx1BHVKcP20h/kBdKf9Ap1BLQSNmrUDqq4s8iCKJP2xSr8BUKxvA59ujQKrgBMDG27VA8R2aQDRHL0CtJGvArTTFPwanFj9mgzHASKktPzWvCsCJQnHA1P3qwA==
角斗士的凯旋,9uJIwLQsur7AOKTA2D4ZwBdhHECCUYw/cgmwwFCxgj1czWm+KzafQHsjFkEuVfBAsaIaQMHOHcHrebrAXdCaQLCWZj+t0DjA7AcuwX5udsBTmbRAiwQev+tUdUHwAybB2ovjv0BELUDC8ixBMuMJQSYLG0F3oSPAz1QNQMfeT8AobaLAEtbIwOD8hb4nWd4/H33vwJakDcFidb6/shiHQOOXB0Acv0FBCKHbwMBLKb8qxDdBYMGAQMNpsD9VDoFApUz9QCib/UDq1QNB5JUWPtqzE8FoytRAjck3QHSGBEDs8JA/eL39QOjWob/RSpS/8pL9vwX1vb8xIInALA9OwA==
烤肉卷,VfqSwObLnMD+e0O/n28owJ6moT6AOho8HPLuv4gKLz715inA/hDMQOKpmD/WFBu/r99bQJjbicCVqZQ/xkLhv8OHXEBJ/aXAIaIFwX54KsG8LjpAmRjIP7m9Kz9ik+TATQShP1LkI8Cq4xRA5PsSQNNF5kDUQGo/xIvDPzwFGcBYt1JAu1ASv6VGE8DYyxVAO5ZFwL98DMEiik6+p2BFQOE7hr+3JAhBIe5fwB5MyEANYa5A5TwLQfP3Jb74V7y+nKWNQPZzCD8jDTG/BSuOQIiJt8AkV7JAhI3Gv6spUkB3hyPADn4JQPmo4T/UCGs+DuwFwJEWccBTIpDAR4pJwA==
猎人的胸花,8nynwOhaj0AgBqa/W65RQIs4BsAM4jHACtgAwR5FpMB+y8o/Q8ptP2OTMEFoNVtB2sIxwCA9az9QTde/2NbJPzP+FUHLXr6/G3fCwNviUMFjB3NAuhTbv8gbhEHDRgHBMmLAv5drSj7ACSxBoPfCQKQ34kB0O3Q/YD5/QMUClT4/eTA+83uAP174LMBWUSm+lGGcwFh2J8Ed0gPAEE2IQLwF/T2+kStBPOedPiiQn0DH4DdB8qEkQaYFm0BJQJw/d09SQOBsRb2GjBi9jx4MQBxnXMAoP8NAN9nZQAqxOD5MZrm/uv4pQDaTDMBefLrA/hDbP/eSWz54UV/Ank8PwQ==
糖,ntSIwNoIfz/A0ALAuFwbPxw2477WveG/2vPlwJjgB787l2i/mPgqPxor0EAQCyJB7b6Fv1zr3L8HSsg+mOoKQAkZs0CQFiU+VzrIwBPjXcEsOw0+KB2LwOqBNkElL7bAjDA9vta7DsCMkgpBudsLQPdxrEAIM4W/LcttQJpBDsDvkfdAEkE3QULj779OCm1Aw2/awDVmBMEoC3zAP2i8QDphfL+qYdRAIFwyPnQ1BkDJpAVBtC0yQfeLrT/IZBq/Yj0PP9TuUD4/rhm/8OcMQGbpncB6Pa5AhQ5pQNSS9D/2RwQ/JC++P1J+CL8zX6HAACMhvC7+Wz+L3ES+mKfBwA==
旅途中的鲜花,aKiGwNhVxD/cSSzAdgBtv9j4xcBCbiBAIde+wBSAjr8kcou/FGLpPk7M6j9aURVBxcPLPlxjqMB8GkFANmiOQHagAUGAtoM/bHYBwScTJMFiCpNA5H6gwNolEUEy8r7A2klUwL/wPMCAyvtAT9MbQBD55kBAqmvA/w2+QC7QUr+y7CY/cvOWP3AdCD/KpQXAvrrBPyxP68A0T7I/Slc9wDhMNb4G8SlBKMVfwEAfhcC4dRxBXjwDQWkkUj+5Z6K/Iaf2QJB7WEDd7eY/W3JwQPHqacCm07lAHHmrQP13CEC0niK/gFwZQESOoj/NUP7AtVIUwGbrJb+mTiPATc7KwA==
名刀镡,3PMTwMKHFj/pGv6+c/qdvx5OHsD7SoW/BiIlwBbo97/oKklA2AUJQDBm2UC6KYZAeseHv1Pd279wc3e9s+RrP84DFUAM1z2/iuCZwKyrmMCV6Z8/aFEPPgVzwkCz8onAQIpdPLTO3j9WFqpAdoNsQDwoiEAezRY/bNFBQA198j0677HAB2+Uv4rlgz+LGgLAub2DvxistsAbxgtAXHQ4QMv09j9QgstA9jYDwH50VkDN1JhAoqyXQFTW/z+WJey+aY/PQMuMV0AmokhAfun3P8HogsD3PltA/8XkP02aXr8aeZW/9F4cQEDoSb+7l2y/Ta++vw+XF8DvWYDANaCTvw==
流放者怀表,0/HMwIxggL+JAG3AYHe4vOj0ccA0vUc/1cv5wJy5acBcwcG/8JSCvgp+vEDDhihBKfVMvzQHs78p7hNAMIHPPw3/SUGgjo29gDfUwOLjXMFSlbpAKhaPwKbfO0HT7bDAUMxswLlLwb/ZUwNBZgMQQO4N9EDsbwc95SgPQR7YZD/PkgzA1QOqv85eyr4AoFi6IYMDwEHGM8FvFmdALoFuP5Holb+uhyBBoKhpv2yOb0D3b0RBcuxMQW/fmUAaNru/zyrFQHEyz7++GeM/NO+OQBCpNsBF9e1AVwX/QDccL0AoC7W/dPtlPuz5pj/wyxbBIJSTP3JbaL9cLn0+t4UCwQ==
流离者的晶泪,LEa5wF4yXL9FQ1DAqCrtP5TsKcC9LyG/TyYWwbQPHMCw/o3A9XcXP2zqFEFek4tBKg5Svmf6sL8EMQG/sLxaQPBZM0Egl4g89BqMwC1BX8GFvydAjI6ewN6hfkGAOAfB3qm6v91fS8CmR3RBdL8KQOygJUE89ijAdp/cQOJIDD6ftYvAOkKbQOuTKsDGcMc/fkG3wNJLU8GKC/A/WgnPQGZcRL9sozdBJrmpv/JEWkCObVlBErByQa+xlUAzUqk+Ak+tP00Wnr+mHAc/FWGCQDqmkMDeds5AMoPZQMIopz92kmPACPqCQBhoxz0jFwDBLruwPoAxjb3m95W/bFA5wQ==
维护机关频闪诱饵,Iiy/vttIpz82EADBl9Owvw+3UL/spb8/j5y0vybmvT8EpzlAVBkgQDlFcz8CD1G/Bfy/P3M+wsAfwd+/n5yPP9TsR76Ob5G+cOIVwTLsw8B0Ky1AaKwSwMsiFEHGe9rAACN8wM5e+783hr9AS5hwQPEPC0FAgJfAYH4OQKIWQ0Dh3Go/fjmKwNY7Hz+mm8A/oVqGP6PjBsEIOGnAPSYiwGNP1T6D1ERBGs9Rv1h9mEA6Wz9BkWGdQMZMqb/gZfG/MJ1fQDUEPb8xVo9Alw+qP2BDdMD70wdASu2uQCT75kAbW+Q/B7MSwNmP7z/+ItDAQGKgv8ILAEBkUaQ9C9u8wA==
薄荷曼果茶,3z4FwPuaf0AdP6e/jqbjP5YhgsALqRrAqNRxv6tMrL/0/q8/vv0sPxxrx0Be7oM/82Rlvss5kby3r+U/ROAnQMDYIj32jmPAH51LwOuTSMEghZo/xKcGP6apO0B73KrAY59vP0TZysAmdFE/DpRmPhDwxEASZdM/lpQRPwwNIkBASe6/vB+FwL+Nu78/cFU/qjSBQIq2CsHbswZAVERVP8SQhD/G0w1BOL4qQCbW1ECWb+xA4Bb7QL5Cez/GJxW/mMcjwLtFNL67sOm/1v0FQHJOX79+dxZAvieYQF83Gj8CAznAvpT+vewyyD6+VZ3AehaLv4sEF8DcfoDAPrWlwA==
山珍涼卤面,tHzmwKYNZsBJ5G6+qnOGv6WDar/SdWa/xrTBwCmCrT+kdgvAbf0JQFIrBr+UkBZBIFYoP4CK+r3802K/aqiLwFKy4UBtznjAVD+qwIjlOsFCVmhAqGgFPrzKAkG6iMLAr3kOP8M2Hr/YPC5B8NqovcfCA0G4ampAcba0QCXuOT9NhRrAKzsPQOboH8DuaJw/aCQYwQ+4VsGXOWdA/oQLQUBiDcCc5SJBBcyDvynmI0FOaAdB3QIuQaQ/wUDYMbo+uBf/QCPTksAiPNg+pMuTQHU4lcD0FdJAWgaDQBQ9GkDdvkLATxNbQErSKb8X1NS/mAmlP8x79L8n3jXAvZHPwA==
白梣木,EkuSv12sRUDY9IU/OOBsvz/WzL9GF7O+Diz5v/Qcur+lvB5ASD0YP1yybT9ri6pA0JIbv4PuqL68+te/U4CDvy94Y0C4uaU+kncOwFBrsL8c09o+eFqqvaG/CEERGy7ALuZjPvRDfEBFM9BAn2FZQPfz5z+lba4+ErXhPsPMrL8OLKHALJ/Lv+iBPj64Ue2/xostwAHG479w+pw/NMuBPwIa4z9t/GtAtrMjwKXOhT99mApAGI6kP8yXJUDEbr4+imjhQPhYlUD4Wh5AUDcTv6VGesCXHJI/PyisP3OGm8CnU7Q+6McWQPyAg8DcsIw+aBcUPzlnfL4oZ5DA65Ubvw==
八宝福祿鸭,dWQjwUSWV8AkjbI+vEGqP0AxHMDsAWvACGUUwS5pZ7+OKm+/SssiQBZJ5UB1mg5BBv4JwAAXW7wgSNu/Ap8xwKrd1kBH8oDAbuPFwEzHPsF3sYxAsI8JQCBHyUCpbp/AUUk5QEqzl766+gFBf9KsQNOhnUDOp+ZATmyFQMrFLD9mRSM/m9VoQDQ7U75QBq++0qfywM4lOcFIYytAr+VHQVJeWL9f/wtBUpa/v/Ns2UDrRNtAxYslQVvF50BqsIS/3nhuQCgYYr56G3K/TkKgQCHUDcH3DgVBYvUHQGTBKUBqWm3AQsXiQJFC0j9QGCFAnuUfvzhxiMCviJbAsqv3wA==
逐光之石,o5WhwAwKGT52vLW/mJI1QO5Ver882Yu/gLDwwPEnCMBMK6s/53vkP+ugKEH2ww1B9ucnwAdqVb8iv0g/ezcGQFIREEHsw4M+BAD6wE4WTcEGkJo/2r1RwEiDAEG6R4/AfqzwvizrvL8rPNFAMbgmQDQZxUBQKCVAqBnQQAb4ST81mV0/NieiPwBaJ7+2iaI+NHJQwPJJIME9Cws/WsnVQKiuGb8ThwNBl2gaQJxv4ECLVDZBVGgxQU6QM0ARTBG/61uwvgxQ+L9OAlQ/dL4oQKZPKsAX6c1AmK66QLdlXUBIX9G/1vKVP8enmT9QsbDAPADDPxLY1b2nDza/ccPJwA==
高塔孤王的破瓦,zw0TwMTBkEBdPok/EREXwFyIjsDc/hK/RhMjv6ZRNMBz2ehAdLawvjsJyj9/ChbAi/gqwIFDAMCeLC4/GWuSP8Rjgj9W9Aa/AqahwGaBB8BZrJ0/Cn6RP83LkkC0q0nAnDeCPi5gTD++mU0/CDo/QPHFLEABGhtAWYgVQMR3c7/6IvDADt6vwHroEz8BPz3AyFtvQJC13b8XZ5pAwNURwPBx6D9Yz5RAih0BwN/9gz9a3W5ADIpMPwkth79Sf7I+nhsWQXbJ1EAXQhdAMUmFP6rCiMCu1ek/kEvSP4gqT8BFjru+CoOjP4Fx278+a0q/NVL6v9h1K8Aee8PACIcsQA==
献与月的华梦,dE+dwGwb/L//SzC/+RDwP3IZA8CICYu+1D8EwcYdXMB0bz3APHOiPSDAE0G7x1hBiSd4Py9LRj828Ze/pqfxP/EraEEvAaa/2ad+v1y6/sD+FsQ/Egx/wIC2QkHDgprAsFXNPpAVMr9MXDtB/TiAP8ujAEFV9Yk/orKdQPYPtr4CSBvB+Jyxv8hWPsAwJbW+O5urwM/xNsF8RcJAA4qEQPWSRr/EC+BA0fMUwCDBp0DfaDJBAltVQVUWiUB7R9w/oolsP8y1E8DyAwq/WaReQMt7w7/Lu45Az9u8QC9IHcD9QYjAfqMoQJiKt76Uw8zAJVUaQNC0RL7U5k/AL3wHwQ==
教官的茶杯,S0xywJkwWMBhi0nAXWEHPhe0nr+yD78/S5r6wNRq4j+9xZG/aAq8P4z8ukDzrUZBTfOXP4LTN8Dn1dW/6ysdQOgKHUFgiSTAMEG6wBiK+8A4iT9AlEiLwBzlGkGEiKjAuPoVwGRij7/k6xlBHFvzPwSUD0Ercxw/pCLIQNdRaEBRMR3ALZ+8P+TA4L4ioERAdP6mwELGRsGNnig/dJiQQKGoFsDSXCVBKMKkwCa2HUFLUlNB4qwXQVajaD/8sSg/vYOYQKXCYsAy28++keMCQPIVyD+Ed55Alp0BQQIuZkBzkyLAvVILvxgO0z7zDOrAXHWDQHcJP0CO8cS/ou0KwQ==
角斗士的希冀,7fztwHsL1r+KAJzA6Kw5wNlJocDKlNi/wE9+wOu1yb8XtqXABrTWwB7mlL4t14tBDLW/Pvgz8b44nvk/+jiTP4uVDEGVdUi/RH64Pp6CJ8DCy4VARg7gwHP2dkF0f7nA9lrMv7j7OMA0VUdBfM2fQDwV6EAUi1S/ZUX8QNHIPUDF6FG+AOcGQfLtUMA7sqhA2gDswEuDLsHCzgdBqPZIvlwz4L/PDhVBEKT1v4rZXcDlyOVA4AgrQeBvm0BFFVG/YS3FQNj1EcC6SgHAIXeSQDN8HcHAEIZAKjNiQGtG3cCArJO+Suj1PxlcAL903hLBvVzgv6tGBUDXxn5A5sIOwQ==
隐兽鬼爪,+oOJwP2ImT+eWhvAWPUOP7sSisAulYe/Hxq0wB08NcBU3YJAWoPBP+aDdUGNqEQ/CmqhwDZ2lsA3Gpq/I2LkQFT5cz5NSqs/pSz/wEJQ8cDqUM2/Kbahv7C8aUB3yHbApgTbvvQlOT+Wr6JAJnpZQBqO+EBkemK+HlGiQBYyTECaTkXB6BXZv/awBkD3wIvAZV+0QHVMucBYB3FAccMcQc0QCEAVS+5AgH8kPSlhGUDU0CNB0sLFQLXALT/gpfg8RvevP+gFYUCbPJNASJv3PaUpsMCgkIJA+MBRQEEMf0CYymfAiykhQILivz91HWzAozE1wOPgBsCqKhjAxpNbPg==
小灯草,Vqrbv8WLuT+8i97A4EOBwPBxjr+Fqyo/6asWwMDGXsCeda3AKLReQEP9FEDI9eo/AjqFQEbjlcBd4jHAOcvOP3n7jkBEtPy+lzqSwPcepsCgs/VAObiSPzooiEHUzyPBTvaTwMzs4b8uV9JA3nO4QK7YBUFAgOHAt6gfQEBLKsC5b1/AUONXwfccHT/Slsc/ZAtUQFxs4sCSBg/ABAwIwP60skDtJDRBLVfAwLiTFEBgrhhBd0x/QIHRmr5CHX/AfHEMQVAnd0BNFJBA9fOOv/jv1MBIrd4/WFcRQGY7jb8YGm+81UYVQAASaT+/3EHAqheBPg0Ahj7w8xk/MlsKwQ==
天云草实,bK2OP/fFt78jfGDAmJuUvvjVkD/4HgFAUBuBv4qNSb/qdzC/1OIRQKS+0z74016/b35hQJw5777GSzM/2LdOP3N4y0DgVw69L2KQwKsNqsBPKOI/6EpKwCjOkECJSyHAwxNFwKCoJMD4ugpALC44wMJofEAdzTbAy8BkQAFHhT+UGUY+YzOuwEDTB7/ys5I/hIntPjb01sCMTB2/YouKwOEqKT9xiZpAgFV0vJCOuEAz9vJAV3nMQKb12b/DKzjAUTg+PzKujcAPIRM/T9/+P85wKUD+LTc/SO6GQDofYUD2mQG/oKRewLDcCEA8qMHAXviuP8h5ej/B7BBA9kZ6wA==
牢固的箭簇,AbCIvyreTUA03DjAWGeJvtD8gr/IDDy+UTw6vqnzhT+J+VdAFEeyP+cL8L6jiZS/Z6ISwERBIcCuL8W/Z4ERvw96IsBb99U/oKm3wEYoRcBq+hs/XmZSP3oBbUAkPxbAZ0Sfv/OGzz8PC45Azo1WQCWgJ0BxjBK/3nWzPzO5zj+/gx+/CJM/wLl9E0Aung/ATQdJQAjt1b8OSCC/1EptQMU2FUCYQ65AoOViPXmNHUCl5U1AnyPxvtQpxD/7bhLAjLiOQEw6PECWe6ZAVCKHv6rRncCFA5I/S7/oP7DTTkCtFqY/RNmXP1ORbT5wbC8/wMS5v47rhT1C6GG/IMwUvw==
武人的红花,njq0wGamkj7+zHLAq73VvyBK/76PVRS+HQeMwA4qS8AGFgJAaKiUv24eokC8phFBv/hKwMdzZcAwYKQ9Q8kKQAl0l0BI22A/aU3ywPMgAMHdNJ9AwnGgvwutPUGcWuzAyJdpwEtlI0A+sOtAYI2TQCEgoUBc0M4+qk4VQZx69r/5OB1AeIiFQJa0qD5iz+k+NuyVwGzs0MA1GpI/RIuOPyjKIT+cg/tAZTUYwD0XI8ABON5Au1m/QFDlfkBe4d694nZLQWlobUBSqZVAqynoP3yOwcAI4uxA9MSbQJA+jD+U8fw/vPzvPyHTwL/VKrPAssNQv+ykzr/n5GI/EiCUvg==
悼灵花,TI0WwK4zAL+wpJ49CyhDvzbKhz8iZoC/QnvBv+U5FsCGDZ+/TusAvkH+M0CU5aU/KPDEPteegT+wCAbArQDyvgaMgEDw9OY8TIJdvk3CWT8886g/NGFUPr2I2UBqQOO/fgI2P95j+j8EVGxAxBYSQCdyA75675I/CxULQLpZqb8hDU3AUuEjwOao5L7YoVA+7NgTwECTUcB4YoJA/H2GP/yFlz8BQoA/gvACwHzgGr/RboY/Q0o8QE6w/D9PuoO/g5I0QKbktj/G9Ns+k3i1Pw+whcAkMKE/5AstvsrNccC4bSy/fo1OQOTj5L3KzW4/ONq6vSr1Pb9PB7K+M++Tvw==
虹彩蔷薇,NZ0TwHQ7j77A6YzAy/A6vy6t8D5cUPa+7vMLv2g/HMDizKE/rlGEQEJweUCgQwnATv+mP7DAPsBiQIM/HjPBP5Rr5T9JUm6/E/njwNcm6cDaqjxAJpwWvwLhk0BSZ5rAhaHUv9/aTMCLnIg/kh9RQE8ppkDIrhjA3wk3QK3nAEBdDyrATc0lwfjIVT6Tgcg/XchxQAii7cAIib4/8lMgQHUjPkDOxABBhp3QP08o40D48QlB/E+zQE/Ycz4aYHbA1Zoov31y1r+kHFlA8h7qP1xlqcDIQRxACadlPy59QkALslC/enlKP1PrYUB9ew/A5m4LwMGqjr8bLhA/go+iwA==
琉鳞石,SjxYwAoibMADqyk/l5jlv9QzOr4PNY0/J3zXv+v28r+pRgU/1tOqP6IjMj+id3RAlCb9P4/JS78uX6s/DjRRv9rt8EC0K0zAqp6ywMMG68BcpZw/H4oJwIDCuEBkr2/AqPWHvjRLhT/EepNATBOyv+Kkh0AVjIQ/l+GYQAil2r+5t/a/Fk6APz48F8APzKo/S//BwOapBcF8CHtAkrGFwPwjEsA0DLJAoi0PwFDQmkDux8xArxIWQcB4oj/92ME/uLbvQMBnRT0QZNC/fpujQPTrpb9we41AMiRiQIAJir/xyQLAMW8Yv4TtLcCu+7PA9DSZPidhBsDj3lHA8JvoPQ==
晨光的明誓,sCZHwG7n/L/OkGbA5FzDvq51e8AGlWBA0NajwOQP+r5U8rTAMwiFwD7eOsDzditBCQrzPzJv5D7bEwO+GknrPwAVTEHgAzw9HL2RvziGscDhD8dAGPGUwCwALEH0o4XAfom0wNpeScD6QgFBHc1DwEY13UAsne+/HNUFQQSbXz8mxBu/xJkiQLjnn7+uQeM+eNpSwPTIGcF6fC5AdNwdwTHoR8D+KQlB/CiDwDlVOr90GxtBOMsPQbDiFj8lUsa+0C4uQdgWjMBMdYzAUMpcQHVroEBI52lAKj0sQRpRoj8kA+a/f+Q9wHg0rD1+LkTBXHJ3QAUhNUCuVQZAkA33wA==
巡林官精选,JdAVwPnz379iENK/OGqUwMqYkMDmX3U/oh+HP3CYLz7YVnnAhsCQPzXXzcDCqShAL2eCQH+cLj+y0XhA4Z4cwPhhPkCIcTbAjHA1wAhoy8AWFjpAaicQwPoWmkDQ16fAxaMJwP4iRsAnPqhA7vBrwG9VxkD2mMO/8Mm1QCmWOkBL45nACtGfwD5L7b8gR2k+dJ3uvfaCH8Fc56BAC9OAwNTqvz1roCpBuMKBPuX1tUAj+9xAmSD8QJd42j+3AC/AiIDeQGIxNcC0mhm+f+KgQNtj8b/JYAdAX4tVQJFbFcBov1rA/3/mv2yLE8AZIsnAwv+Hvw9A7L+abwQ/8GyBwA==
哀慕的恋歌,eF/6wLTNmb8kAiRA9NC8P1nBKr9HWiLAM44IwXq2ScDmxN2+7Gu5PzK0I0G98oBB+mIKwAb1kEDI2569RBtywDx8VEHukN+/cj2RwAkRMcEWsL4/JZ7Gv+q2REG+QqDAFIe0P4aX9j/eLFJBq3zBPyaJ2UDCFu1A0cYXQRzu3z72ylXAzeF1QA2ieMA2MY+/W0EswbBGUcEScJdA6PstQRUew7+e6QVBLE4wQNCcHUG2CAJB7CFZQQwc7kCaPrY/9dNdQLN3q8A+oNo+4ACEQErjb8AKzeVAFqBvQOxKlb9yRUrA7NJZQAyVA8CiPSPAXEhuQAMwy7/AAc2/gG7twA==
[抗争]的哲学,N84Bv1UqykBOPSm/kWMvwH2Pp8CkaLs/UCDFP1p4PsAMQaxAdZI0P5QzWsBQLofAUDR5vzFltr/McZBA83iUP4CoOECu0JK/y1wCwdBeBcFQZxlApDyXv7UuxkC9aK/A3nBkwEQ6SsAnM/Y/DUi2v5yxwUDA8R3AhqdEQDC/Ij81y6/AJAMkwbr6tr/CNGzA4wnVQMDTz8CrIRdA4Ao8wfZpmT4rui1BSrfqP6JknkDrLBdBIqufQMqPBMBmS5e/8ZEOQS7EkT9YEJ8/2aJCQKR9+z4XqOk/x1nYQIq4er+537K/kMFSwIw5GcAjIgfBAE66v1QUVL8IQC/A3lBJPw==
深廊的回奏之歌,mGV1wAZTzr8p8BbAeWKVP3R73L9HjlM/RscFwQ+z+b8xYj/AEHUsQPnhDUFS0TtBp1b7P0Mnmr6Sccy+oFy7PhQbXkEw1f09zfzCwF+qBsF0HfM/BF+0wKenMkEOnJfAYZnXv5hFML4TWSlB0+UeQB6P7UDRvGQ/XwXSQAYPcT9U/yTAvL7Fv5xM4788zzW/gRWZwEbrKsEpDQU/N3psQKoMer85hhRB6ERWv95ysEBd0zlB4d08QaMr9T/QG6a/1Ny2vkfyM8B2k4g/wMBBQK7BRMDWz59A7eirQDCQ9j8zkeq/9GqlPkCgwbydL8PAoqgYQKdKsz/dqDW/fcQWwQ==
寻宝鸦印,gAbBv2FsYz9V9bO/m7xpv+a0u75HPsY+cJydPW8pib/St1Y/rngev9VaAMCANg4+rYCHv/RCzr+wFD4/a+omPih5tD/8cb0/sy0uwJSGHcC+4F4/uRKMvzpsb0Bx3b+/7feNv+qhnj+GwxRAPnrVP46zhj/iD4W/KpzfP8vFq7/cwx8/4wMmvxJgPz/Q+4m+XUYVP8Zkkr//KcE//qoRv+IbLz8YRDBA16OEvu5seb9axs8/JvziPzAe5z/eWZC/Gu2RQBEgGEDcR+A/Z3JUP8HTdMD6KsQ/A2LfP4GJh7+AZjM/fCEJPzK9BL+kNeW/6Diyv8ZdUb52Cgs/Ej8NPw==
慕风蘑菇,qJn4v0k1BUF5eUfAxC4LQGbUeb9cyQ7A/hcXwJV0r8B8XMxACI4/P3PEyUCVrCNAdERLwHWRNj49SkS+Kyn9PifKikBAyx28XpoMwXIDgcEoYk1A2gSePvy2Y0GMCN/AbMVewIIFur96to9Ap8V7QO9dvEBoFeW/XFwjQKVcEL+anDhADIJ+wHoT+r/goqq82l/BPl589cCEQZLAd99DwHh74T99JBhBtfudQC4+y0BT3B1Bc7fzQLsDI0BVu7S/ZzugQOI4Bb+qxsg/goOTP3k5FcDKxWlApzXdQHBFcUBW2QBAqALMv0F0wr9fMdbA/mCoPn7qlr7k3SnAdCiXwA==
无私的妆饰花,5MHZwOKIicDCWMC/VDjcP62PvD6kbe6/yv16wGTw8sAMcx2/C6/yvsoKBEENXvpAWsupP+PRWD+VQpQ/k70yQG2IDEFwc3bAkIEDwJZXlcCaot9A1uxyvyog9ECIwZbAyM3avdJ3bcB9OJ1AeKNvQMi7tEDYITFAChgDQUiqA0Cutk3BliAewTASQcA2cGY/t0EFvroSTMFcJWBBPqpLP6v/tj+eR9hAWGmbPxPIk0DWeR1B0Cs9QdHq2UBWh8S+hbj7PpM1K8AK1J8/RkKvQBiBtMDC8cJAZ0omQNE/W8DdeobA5Ie3QA9KWECs5YbAXoP+v1LFlcD84h4/rLbbwA==
海灵芝,09gmwOJZS7/LwMy/25FAP6Ko5L5NCfQ/ok2UwFBbdb5NflLARtsPP7gQl78h3cO/pyvWP/Se+T8obzu/XWadP7d/KUE8b/g+j8OPwPcHysB21Ta/phPCwMB+JUCOl8i/3sC2vh3VLcAUv6VARgTmwCFZhkCcZbs9fkGQQHQlpT7GSPG/tJuFwPAr07/zswPATO1Rv+FZAcEWZj9AkUvBv+hPs75kTLBAfnIHQIkgL0DnmyhBwAEdQVoo67+Wk2zAiyauv5gIbsBURu++SFCNP4QUbr0KeNU/4k6DQCpRlL5Nu0vAHPAfv+Aev71xwLHAiAbsP+K5zj8Tqm5A8smZvw==
黄金之夜的喧嚣,l6/4wBDFtsBX3tG/NvqAP25Dk8C8UJq+S483wdaY+b+KOmrAljvCPz5mKUHah0BBeIndP6I4msDAavC7FBqEQJJdRUEChCbAuESwwIDjHcEaqINAfSZUwGPL3EBgt6HAFlYwP2IhFMCVhM9A5kXTQHa450BZsle/aAhPQEfIcL/5kDC/jenzQDTdNz+s+i8+o3WuwDO5IsEmu2dA8NwUQEzaQ8DeEglBBVjPwJhDXL//Ux9B5CNGQSyHEkALicC+ZjxjQFT48j82dGfAXuCyQON4bMBugw1BUoZ1QCb8BEAFy5fAItWlQCoXX0Ca6IjAvquvvzKz3r9J+5bAMEcJwQ==
攫金鸦印,inrVv3XKJr/jBi/A9+/tv3iT2r/2N8g+F4gDwKwcvr+DAkq/BaUQQJ2IGkAcmMI/EK+wP5BQd8Cy2S1AAWYCQIhTZ0COr4C+3gyIwDHa18C0FuY/VGoWwNOiyUBME5LAk7Wcv4Ys07+bmWBAL5kMQEVxjkDh7I3AcgPCP/TZ+78kuX6/zSmQv8A/pDy0NWg/0ujRP3HNxsD5J4Y+vi7vv28muz4itsRAzIAJwL18UkAAG8lAkH3ZQPNT5b69XQDA408jQJya0T/lZrk/K8NpQCqkVMAFcChAPe8VQDwJp73nvYG/WNhgP4zX1D/Yw5vAfZ78v9xssb5Qtqm/uIeGwA==
饰金胸花,6B+KwGxurb+C+Bg9AD6DPBBi2D8gF4q/2gBFv2ontr8FPhC/x70XQFpZ2EBI57dAxBMmP7mjgr8+7AVAikggwBgFrkA1yMS/ClLVwHd7vcBUlHU+qIKWv66IYEB+cZfAvf34P7KAFD/iGbFAYPhfQMyDgkCVyYNAvN6HQMS1rr9044A+Hic+wGK2IsC6zwBAupqewGlI/8DKK6FAIm6PQEaaFb+WQ8FAh6uMP8CyOkDIj4BA8joRQfd6P0B+qZs/HMg7vsJfFj/i0hJAf86hQO0JAcFyqpZAvj3DPvu/XL/mYaW/5002QKCdIL9AAvO/YEXsvxId/b/+awHAyMbcvw==
月落银,e8sbwAEZMECrGI2/lhmdQKS1gD9GmRPAoDKawBgJZsC4TI5AVKFyPxDiAkEglhxBXoRhwLY/ckAF0APA0v5+P+m8G0FBDZ6/zANxwGtmZ8HacUk/Y7yUv9LOKUGwYpzAyiRjv0HIDcDN6O1AcCCovjHIskBWN+k/ROR3QC/yM0D1Iea/glj3v+qGA8BCoQdAdK6jwGHONcGOnRa+D66vQMWTFj8S+edAF+qBQKzBV0EaMjtBej8sQe4Xn0BeS9c+CHzgPTamtsAwXpO/GsBrP+r3SUDCJ09AYr0PQUsR8z+msxDAcSrXvwOItb9/DL/AGmyLQOmQcT/Wkb2/jT/QwA==
胡椒,z3vQv7Irxz+tF0TA7hcWP0xZRr9wdOS/KqHRvzjfkcCMX6G+u0+rP/wuIkGtiCI/XsXePaEQGsDPBGo/lFKpQPmdfkDfOmm/psa8vw+H9MAxOw5A2EIov9zcwUAwe5XA3Ccev91QC8Cc/hk/s/d7QG5Jj0AxK0fArk9Ivi/ZwL8hWTHAi8HPwGgQCz/ZgbM/Fi9bQEtbsMB3yzNA/F/xP8dmWEBGNZ5A6DCQv4viFECWpr9A/E7cQKuq8j/xg4e/2Jj3vyATEkAH67s/yEsPPx7KN8AyEgFA97wgQGxSEcDe96u/wvSJP14lD0DB6oDAsEzNv1iQsL8XW6O/IGlowA==
摩拉急速来,qO95wLgos7+7vtI/gUEEwEzsJMDcafa+7DNjwIRI/r757QLA+N6DQBzjEr5RrNJAsH07QCickT8mSa0/+IMRwF4Hi0Dk64DAuQHmwML1FsH0ve4/IC5dvT/H4EB8xtrA3LN8PuQASMDx5f9AmnKgvxf39UA5kYw/uEjGQBzoGT4u4NjANNggvpNbW8DzDJu/j8ZdwKJCOMFPxC5AlKIJvndhkr/u7DVBDdnPP829BEHQixRBUOcfQSnDsj4GtIO+fgvVQOIwuL/4prG/qdmvQBk0FMAsy6ZACx0iQPrBuT6g7ZHAdsjOP7D6GsBUxkPA5uCMvsfFO8DVUlXAUJyNwA==
深廊的遂失之冕,ROl2wIR9Nj70jbnA3j7hv3Scc8DnzjpAfAcvwLYeE8AECxA/BSbRPzpYyj9JgO9AbUklQPiRxcAQuvM/vQXnPw6N9ECmxVS/O+YiwZoGFcGmYcBAu5lPwICoH0EEi+zAvHSpwGr4DsAtagNBqphsQIJVOkEMJarAXIzWQG0XKEAynCjBMRwmwSjD176MS2K/mDcSQDlCKcFj9oVAL/O/wM4PgD1ta2VBTvMOwFpwg0Bf2VxByuMAQVgc0z+vLCK/qCIZQSLdLb8qLpBALVyJQGisUsAp7KdAQfr6QNjyq0AfhfK/tOm9vobMNT8zESLBXr7fvxE5sr4lHL6/Oua6wA==
凉拌薄荷,Df8MwV2WYsBF/+s/fnQNQG7ksL8jVpDAJLPpwOYidr/mFyg/7hQcQD36vD8S3jBBI3AZwJY5HkBIWma/qMFrwOATqEAIBk3AFN60wHNmRMH4ZQFA7S9YQLS/nUD8uJTAtG9fQAevrb/pERFBHt4GQNnWiUALGYVASNZ/QOIjUD/0dBXAm+sAQXJDpr5wON09qk0TwWMmO8GA/aFApOs5QWIKkL+jQt1A9GXXP84uI0EoerRAXE8uQTwRA0FCZcK/pGLAQJ/VMcBPkJ2/7/KyQCECvsDgHeFA3mT4PyKPCkBtJqXAQNLhQDm+yj8NLE1AERmxv1cthMD3p4DAspiywA==
谕告之钟,Loe/wEPVJUB6+ZS/id32PwRGp8A+99W/31bzwDWygcBqaOS/ShhKwA1YYUELfklBXkGPwIBLOL/woxe9TMm9QL0yGkEnRJ4/pz8IwN3S0sBS3kE/sMKIwDbJDUH6I23A8Oobv2h0yD9CTQtBqEKKQLs2rEAmE40/UA+YQFBYoz85SvLAx9ukP4Sc8D4pAdm/1IVaPyvbxcC8NJBAPH/iQMwsfT8LPb1Aa2/2v4v5N7/e3vpA+HMGQSt0qUD1LQ0+DaTaP1xrGEB+7c8/wqgePszxl8AXTphABA++QEw9b8CuH0TAt3M1QGqYqL/TI8vA/8RRP7YOBT+BOh2/NGxWwA==
自在松石断片,PFgrwJg7lkAIVnXAXsbOPz4BjMC2o/m/Eh8mwT/5iMAvK7q/+pzgvvLWUEFi9xhB368vwDZI3j9LYgLAxjKoP7fEYUFBV21AaooIwARuLsGorQ2+ROyawFSXjEHZzdXA9DEdwDxejT4jNBpBcjWTQDWAsEBIUlo9V4ouQNqhN7++TgNB6AnHQJxNib8A2iw73sYYwPp6ycDOIhTBxoeVQP7lqT46Iv5AIMFTPWTF5z+IwhdBkr0vQQrXuz8AXEbA1i0jwB6EcL+tp7e/uBOYvwj/LsABPTxA6czFQFjWeL+WBFI/gmx3wCuKzb9Q6efA0BKgQLIVdUAkVOM+L9knwQ==
稀光遗骼,IHL1vzGDhkCb74PA0CfKPVCiJ8AtmaW+mWTAwCkTHUAQP3C/EBM3vYYSW0BWbAdBjuPwv6NQScCXAC3AVRufPyDh2z1EYX9A8vPPwK+btMB3c5+/He5RwIJfQkFCxqDAOwDOv1xA4z9zglxBIic1QEtnyEBDU5HAXWQGQIwtoD36yl8/fqABQQoisj+qTgDAkPoawBZihsACG87ATIfCQAi8aj+uRQVByyg2vzUrpr/E29xAhhiEQFGnrD8d37m/YFM5QE+6OUAyW6ZAjAw2v3sy2sAV5xBA9f+RQPstf0Blb3I/ku4kQLLt478erFjAmC97v8ciN0CcAy8/XOKSwA==
椴木,SVhRwLmmnkDqQK8+lYP7v+0yTsB0hB/AAqXaPjB/jsAynQRB92Tav6qEPkBvXiZAypLIwJYawD/CsR4+KiqRvyDiOD+GHpQ/2Cw8wFxlocCoZxVATr4yQNJTFEF0AWrAlTC0v+cwkj/YbqhAnq1mQM42N0DWLyNAasS0QMqj4z8yMYnAR1BVwJJONT+WP0LAvE3yPmIKoMAFpr9AVn0mQGjXbUBxntJAROwlQCkmTkCOOChAUoIyQMZItUBzDpy/OCYyQTXNyD8b53hArFS0PF2QjMCb+AhA3Ak2QKSUjMCw7F0/fPq+P1e4778imUq/bnY1vxn0PMDYvdW/htWOPg==
漆黑陨铁的一块,ikQGv6AM/z739DTA9CyDveSZgL+o9J2+T3R3P1TNV76s4wa/00n9P6un7z8yYoO/HVDKP6YTNL/kzoo/hjUyP1D7Gr1ccl2/id55wD40esDWEW8/uDhNv2JXPkCyvH3ARLpnv2XjVcAWu11AABHpO8OPlEAgjNq/8jnkP60INUA0l47A5NnOwCZcCL5MUpq+qmwpQLNu4cDyMS9Al7BKvw94qT/+hOVAggX1P71ikUCnT8dA1emmQJxrJD13dQbANud1v0I3sr9K77w/oiwfQMFIIsCoWVc/8YMiQCoVjj8jXQvAikRtP8yRzT/9wEDA6j74v4mF5r7Vr4s/b5RiwA==
黑铜号角,+t8LwGoOBz9GOpXA4OBewMeCP8CKPqc/nMiLwO2oOkBOr+A+RqFiPk03QL/s2MdAl+4+P8xxxcArcpy/CdnIPuLG3b7uf7A/iCCzwGV/s799gtk/l18mwNqkJEFWp5bAju7Yv/XM2z+rBi9BHWaGQDd820AEmHLAwOQ/QA+Lxb4B6RvAub+bQGYozz+gnwTAqgerv7xEnsAt5+u9afacPzhZtr1TlgdBDTeTwLUxB8Ausb5A6NokQIvB5D6k2EW/xnr/QDjGj0BW2bdAL0DQP9gH3MBqkzlA1T0nQB3bH0A0MMM/qgk6QNxDpT1WTivAsW0iwPXrmD+Erta/QGx5wA==
辉木,mMmsv/IuZkAU/42/+cdqvcrkgr9/MPO//78MwCoc0L/FmYBATQpVPyeIFkB6PgFB+prlv7QkgT+VERLAFperv6eBaD9mQ76+kDCSwE0t2sBMDZs/YC1jvdoVUUE0RqDA2bixvwpAqj8leQ5Bo2ZMQLgYb0A6izm/B6AeQKIG1j+3V0zAwLfNPJhJKb8s92s+ecShwL35xMCR4tG/apHwP7YQCEBVGOVAcBxUPycvwkBektdAaGZlQGHXR0AbHIS+h5PvQOE2cD/Mz/4/6CRPPGHfZsAtzfg/gfKEQBoLTb8Fcvk+suuAP1TZiMAC9O6/o/FhP2AWBb2blgnAyXJKwA==
枫达,G0eowCQnyECO4vbAzF7tv5WXPcBg3FPAAiU2vx78B0BO7aZAOK+IPxzdsT/wQjlAs+yewFYLI8AyVQ3AJ6dMwBy9BsHA02U+OfpBwWh8HcHC/q8/tJyrPzzCI0HaGRvBVpEIwHJugb7VyDBBN0O5QJKSCkEmyi1AIpu/QOen/0BuTSC/nAEowLgy0T5MyaI/6lKLv0V6I8H2B2jAzUJBQbfEG0Cs5oZB2x/ZQIaYBUE3Vy1BzFNwQPQAikD9fmrA/G2+QLArMb9yNfpAZDA+vuLZWcFJqIpAjyW/QAH/t0BaQMc/QP65u5S3OsA07pS/amUVwGKH277wpyBALv56wA==
梦见木,EjM7wHDeQD98nRDAiVLFwA8zT8AlUNm+PiQYv3avY8DSLRC/4ceNvlOCnD4H2v1AJsGMP45jEsAkiNO+PiBZv73m40BmB9K/6+SIPy6a979+bphAtnW8PqUafUFqn9TAXhsmwMcmMUBe1gtBvB+zQN6ey0Dv9IjAfpwZQM3WBMBOWdnAyH24wCInlr9lnDk/VrhBwPnMw8BA2YZAuqkywLoyMUBKPAhBuZTRwJO5CECr9I5AUKCFQCE4gUB4mC+8HMZGQdrXgEBpXzhAw6k8PzHUpsCOs7s/J4jqP4cCEcFo5T4+3WdNP5CdgsC/RHDAPCEuP6DjVDsZEmbApiySwA==
坚牢黄玉断片,fLhVv8tADUCWNcS/cuSQvsaq/b4ynGu/IudcwEb21L+/psG/ZOOVP+3LAUEz/rVAodS3vkVyRb4o+Uu//Y+BPy7XrEBvkpI/DKydv3KFG8BmQSC/B8scwFZ9HUEsoY3AkLutPGLKcUBc5d9AmAd+QFZlIUDYiTI+dqpNP3fVFMC9DM2/vzZuv1w/yT3+Eua+NwIewFIQXcCG1BHAEytDQMQYzz+lUZpAhRjyv35m9D+Ow4hAx1efQBVOBEBadk++zJ0Bv9RWhkD/eEpApi5Bv8NDksDKeME/aL8jQPmfiMAyCBU/OOuQPkpFb8BwlzXAmUXKP+yNgj9Hp+e/BdYiwA==
终北遗嗣的迷顽,f6ktwP+omEAH3F7AySZOPzv6msB0cYG/cARlwGgL/77tf5BAaWslwCdStkDY2nW+O8PQwGF8LcCtEFC/ERCIQMBmA8CuLHZAlx+AwGKYOsDWK8o+EcgCwPfGmED+XADAtRnnv0gErz6uYqxApveOQEb9X0CERA++sv0oQLnIjkCXAlTAfioRP6zFZkC/aZDAto2/QENmP8DbhTNA/POOQCGAsz9aGwFBdA4nQJCHC8DVd9dAs5IPQJAva0DfcwnADUvGP0c+KkDaWJFAKTSyv/sUs8CGqzRAomClQGzyHj/CNX89dqTNP3+HxD8F4m/ALHYJwL5o3z7fpBxA8s5tvw==
秃秃豆,blM8vz8s/D61sjTAgzYWv5SYJz+/oDG/ALy9P2S3LcCmDEI/5onZPwpCjUD4nDXA7Gi/P51V+L9ggMC9s/huP1oktz/b0qG/93twwH4ZBcALOHU/UneeP3YJNkAU9l3AIQ4pvlowt75ILBI+UfwwQOtbU0DwLa+/fOXVPhKKGr49WULAF0HhwKidM74gA38/d9c9QOG/a8CISyBA5Uylvz+JB0AcolNAAmqVv6zaMECNJkxALgRAQOSuar+Mnpu/OPJnPwbLTD/fueA/K3NZP0RFOcBNkp4+fhP7PhYvsz4wuzm/HrgBvgrVlj+ru+a/prmpvx6iNb/EK4C/9xfIvg==
夜鸣莺的尾羽,A8bGwGVgH0Cd/VbAB/sIwNzrBcC8jAM+pqVcwK0XicBEanO/PdSAwCSlDUFZWSNByJgfwHaeRL8RfI0/Fp77PkXYDUEYARJA66S+wBd3g8CijqFAxYKSwH2pWEGeZYjA2G9VwFJSqUDEWwVBSWKrQKi+ZkD6BmVAano1QeR78r+b/4fALRVzwPw3pr8tkj4/5MI1wEO0p8AplIpA9ZsUPwFbGkA7CbRALhSLv76Rh8BD66ZAMLDeQLPapEDetTq/EbccQfZbckDjeqZAXNmjP0CnOsFU2LZAjo1JQExjWMCjlVVA/cjMP3zlPsABff3At4TlPvnTCb+s1ek/GnkKwA==
魔女常燃之羽,oq4ewb+HgkAVzkHApq4hv1m8IUBsBOC/VJ+8wFqNYMDIu6Y+m0MmwKnjR0FlR3dB8ritwFyPTcDMMpq/6FquvffnxkDcBfu++CAzwc4qOsG09ptAWprlv6HilEFP/yDBtHIdwNkez0DyJV1BpZQZQTEBBkFpeLBAzC08QQPLdcDbE2q/LMQWQFXpgMDE9mxAcqkOwUZTF8GI3PM/wocXQTfSLb+4jClBgPebPEHauD4HKBVBajkcQYcK90D012NA95k2QcbXgEBsI+dANiFeP847YcEd2yhBnwelQGiQDj4WyGRAKvGRQDFjq8C4c+XADr6XP5633L4QbEI/VEwkwA==
异海凝珠,+grkv9YnBr4dbDTAo7imP7ssaT+yKQdAUwQuwE9YEkAI5eM/aaAEP+nPgcCWGxZBbr7aPqA5oj9VYca/LGw7wGVqoEBYYtc9i5T1wHqWysBIvHFAF0hnwDfSEkE61xrAUjRawAgqjD6NdRRBXEBuv/7sgkB31wVAFbn3QAU/dEDm1wO/D8Xgv/ifKb1wjEI/BWnmwH14CcHdt6A/4F+3vlioI7+fegBBVtvfP2Qq10DfmRNBPIepQKMYUUCfYKe/zqnwQPiyccC2OyxAdvgOQOZrsL/QiWlAcWDtQJ4StkDca7M/6p+Kvrl4rb9kZInArr8TQF25mz/cVrs/3ISewA==
隐兽利爪,W3ZDwEAbwr6BxcjAAjeEwHTez8DGxBZAfObWv/ziGT4WEzVAkeVSvgaAqEAAwNs9XOWTva/p/MA8cyq+ov+gQLJ7s79APL4963r0wArhBMC5y84/hEESwPZjl0Da/5fAG8M+wPijv70gMNpAaeZWQJJXKEFdaHfAogeqQMv7gkBRmXTBJpOqwLRcOEDr7znA70HlQDwc0MD1/ApByAyfvzvUqD+VFyZB+W2wwC7o8z5IVCJBjLmkQD6H/775OGa+Twv9QAxXpkANRt1AgDkfQIdd2MBqSilASG6mQGFllkCsjx/Ayh4YP0iA1D9iet/ApW6bwNxhyL8NgkXAsDqSvg==
祭水礼冠,4N6ZwMTWwz7WdFC9MnimP2X/i8Duh0DAWhEjwdNgU8DpiJ++adUdP1adaUG8tSlBDOVtwMDrsb42LTG/pGhFQICaLEEXoMk/2s/Lv5JT88BGq1jA7spnwNuxF0H0QGnA+g/uPxO4KkCGSRhB+y2WQP+XrECMCME/j9QwQFYzR7uI+MC/w4oMQQsjJr/YBse/rAsNwAzxu8DGYWy/FiZAQVhowL6kO5dAsnCVv6hYdEDghONAXewjQWoTQ0A7EA6+m7o+wGtMtT+uPME+lHIsPk6YgsAOTHJA1oEcQM/ERsAf/THA44NzPhbxlr8zIXrAoPAYQIv+mT/4HC7Ak/23wA==
翡玉什锦袋,813xwHdfBkDwdKg+2FZ4QC68z8CboFDAvXjIwMAJOL+U4O8+XjLWv3aH0EBkbi5BOHpEwGyiUEDilHa/EU2vvlaUxUCOcTnAAFaUwOXUYsGCZBpAv/kuv+a1BEGWg4rAHPq0P3BDdMA0syZByaCsP98R9kB/yH9A7nhoQBz9sUB0Z7LA/zSLQO7QE8Dus7K/+DGVwL66UMH1R5VAkj/lQH5ZhL+++iVBqehGQFRH10BG6RhB+StQQTgq7ED9nDO9AopoQCtyncAtsW7ABCiNQHVcp8CZTbdACCS7QAoZJ0DW6mrA2uFwQECLjz9+yJDAHNkrvmy8BsCQ1H3A7hoXwQ==
蒙德烤鱼,OkqYwPbRH0A5Os7AYfMbwNHFCMAudcW/gr4uQHTCAT9hsds+cObqP+yfg8BjKhPAkqdZvSBpbsAoBX+9SXs9wD6mf8CigN6/u9oRwd791cBuUIBAa006QIzYkUAoevzAJ6PhvxdhAcCQtoVAOBGiQFnzykC0kM08QDdeQMxPi0DW6RFAzJ8Cwe58Hj/0tAZAHHskQMjS68DuThk+EaKlQNwnR0DQYkNB/QGbP3irikCMB65AeFcIQHSyHUAeDZfAqiLmQEw7zT5aK5ZArFVzP2m5MMEDRjNAr3LsP5zWX0ADNUk/kSUcP4sMKz9gtte9GqtfwJl+4b821tY/zvxLwA==
杰作的序曲,TlGIwOi8B8CkcBPAke7lvvFYiL+HjC4/jpydv8YSoT/+DIfAb4lvwBgJ8j98qi5B58LEvpnZ9T8SZJw+sW36vx7Z1UAUW3u+xwUSwOFV+b+CEEdAX8dEwIcsxkBoqCPA0mvEv5426D9YIwJBOGRQvty5GUCtLZFAe/gGQWf1BT9KM8k/jL9bQKyra7/IFRhAYojswIgqyMA/x6dAn8T9v84K4L9JHIZAKBeovzbYFMD6diNAW5DsQGHoh0DML3E/MjSxQKDcSz1wDH09ho4/QFv6qMAk64JAWUegQBzq8L4ZbTk/Ef5FPjOWGMD27NLAhxujP+jUqr0g9QdAA7grwA==
封魔绘卷,BbV2v+jzk0DmmrI+oeAcwMRIlMAWEIS+RqCzv9S9kMCoxApBfVMaQExm9UD4Qz++Xlhbv6fKEcCZQZpAZrU9QMQAMEAAqkm/HJDOwPDh2cAh5Mk/GO/Ivy45xEBAZ4jAynmBv33fAcBxqdA/kxhHQMTvqEBPbqA+XHduQEjM/T7MNzDBwicdwbgpSz7M227AOyi7QA762MB11a9AaLAPwPLWRECoChVBAm7TPxvu0UBx7gZBYBm9QIJDOj78+6S/MmaQQCntekA1mY9AezhdQPTAM8DIRzVAdbBcQNxvWcCHKIu/wBr+PPrdj76gzIPAAKIewOx8bsBv6LnAuBGBvw==
豆腐,anVav3iAJEBYF5O/DE4GQKytIz9SNHq/SOOXwLmLzL/gW5FAbEV0QC+psUDMIfY/yxiovx7W2j/GOma/BNL+PnmE5EAbwca/8zLhwP60bsH0sg2/LqVNwIARBEF6tYjAw1XJv08WEsAzysZAyDU5wAww3kCunyS/bk5rQPoHSkAGx46+Ra1hwDKnFMDAWmC9Fm4qwK+aQcErcDTA/ruGQHVygL6PeBFBjvinQMELd0GWFWJBz8YsQeqbdz8F4rW/Rmg2v+PX9cDwKCg/+kG4P81CgEAubypAWk3fQF4pc0D6VRHAnwpDwF6Hyb6u4NXA/N1SQLpn7j+gZsY9xiezwA==
烬芯花,NIgRwLFaY0CGBnXAMZZYQIQlWT6q6n7A/q3TwOqK/z4qg3JAfLCBP7ofA0GfI+hAcEumwJtiIr9OLZDAGsBTQMHjjL9qnLc/ghabwOpJMMESu5K/H54iwKguOkHE5ZzAnvuvvfrskb/OAhZBDStAQKhEbUBN/hjA/xdqPyifWUDec5pA6pQZQRLqnz/YR90/ytzDwIq3CMFvOsTAR70gQbCQwD/wqgJBxTeXQP/ns0DuzzBBcnjOQBg2X0Be2gDAKPPbvwLZp78dk8s/cttGv2xWX8Biv0BAD0usQAwmNUC0sIU+UYNFQNyaTL7IKhzAlD33PiyTHkCbj+0/ydzHwA==
提瓦特煎蛋,S0TIwDFKKcCDxvi+m6AwQKvD3T+WjR3Agi+kwLhmfj4/9lrA8YEfQDbeTz7iDw1B5/VAv5NOjkB+LHjAFNiYwKJhskD+NEXADjWkwPR1LcHTGypAz3bHP0vu1EB30prAvH0oP/wtl7/MWiVBpOTUv4ihvkCCz6NARC/NQPQ/e0DEQje/cuYzPqTyQsAWMO8/l/c2waOOTsHmiHW/56VOQcB+Ab7eIPxAyM5RQE7sQUElsABBSKkIQfhUo0APopm/AMCqQKNcFsFmRtK/1AoUQF69EMA/lYhAahyQQEfLpkCoiljABKEcQP5BI78Et5c/MF1HQNcrZ76I3Wg/+53qwA==
炽金之锅,NGGJwIZHLb4LdndAYM2awB2vNsBfdiW/D8GGv4D6trwo9IW9elMiQNTgRkD5IyhAxHqaP+PPlb+njQtA3QENwKvFSD8b9CvA1AmdwP/3CcBZqYe/XB/wPgqxOkD2KZnAYj56QNMbcD80UshAjEMMPquil0C12qJApd+SQL+pRsBZ6QLBvKsYwFSPBcCQpvi/cX4xwCKPzMDRaMNAusSmQE6eeD+GIuBAHwDKv6bd7T+CFABAuqfGQOs3B75KVQJAzdiRQC3wtEDA2/w/UYKtQHHiBcEWXkdAAkeyv5W4m8DV9FrATlmZQALZTcC+c70/0iFSwG57oMCf3evA8lruPg==
失活菌核,JOFLwMsaEcDg8gC8eAmhP1L0Ub9wjek/v6vOwGu3XUAUGIy/jDy6v6AAB8HXESVBKyibP/LH3j9qVhHACehCwA8R4kBY08K96PmMwIlxh8Awx2RAoHBzwLmGAUEQkDm/3HGmvywudb4nhRBBZqHhvzyE/j93MwdAoN6qQC3IQD/T5FZAk5kIQdA3J76E7Vw+MmIlwVOn1cCWc7w+BhYVwE60ccCVNaZA91Dmv86UpD9c3MxA122pQB6OGEDMyue9CgkWQRDFIcDfkhrA4KhxQAYLrj6xm45AeuDHQKbqbkDOH8C94McaQMDMEr9ZFvy/YgDpP2qgvD8KqOW+/jmowA==
薄荷,7pgsv/iwSMDOTuvAsA5wwCAwjT8H0CFA7WWwP18CKsDIduW/DpB0QE7XOj7DzmC/YFDCQJoxoMBURos/iHyfP2KzjkBWMva/UYLswBAdm8A5radAn6wWwK6lC0H6i+PAwN6bwAdyBcCwKXZAZI25Pw+WBUHpZsjAhqirQBcg4z3WJZPAS6MrwZjtvr+RmXpAQclAQEtfFcF70P4/3LXAwExPC0ANIQlBqAA8wNb0xUA4YRdBWDT/QPIj2r+ApkjAQs6JQBYQAMA1Go9ACNF5QMNzfsBKtd4/LUUhQJ49Z0B+K0a+gaP7v/AnNUCU+/PAQ7zMvw9Sn758AY4/QPjNwA==
夜泊石,NKlxwNk57T+03R2/Y/XoPtY4jcDY/Bg/y98AwVtyR79XzExA2nEdQLAEMj3FT1ZAbZjIvsyVfj/kJBtAaSQSv90xBUGt64Q/igQ/wcHGdsH4sRA/ZB2kwDI9BEEToYvApXgNwHyiesCJV9lAZYRDwDihyEB8KuI/CywDQQ5JsT8CQapADNK7QHr5vL8fuk/AL8slv7+nGMGy3UjAa7E8v+9UB8AdBiJBnHiJQKJxvUDX7UVBDyNFQbLkZL88RoDAIwxiQNNAPMCJnU2/Of+VQJnXob9u7btA2eHBQCLi3EC1FZC/Ah05wMRPNT8P3NPAYygnPyLFeb+W0RC/stexwA==
教官的胸花,OByMwDjHKMBxhl+/PJ8gQEidWr8eRQM/DHbAwMya2L2KIQI/2Nd1vV8sZkDOt+ZAuaaIPrTSqj/A722/nXt7Pjo1GkEW0gPAUczGwCPInsDK3iJAbX6OwOijmECkVei/wBb5vbAuEb74aLFAKqDcPtizR0C6crxAccHxQFsxVkDS2Po+Hf2HP5qUdL8muQw/cGKjwEaEGcFaU3VAviEnv1IvJcCawc9AnQzaPvJWgEBlVhtBu+URQYB+0j/InSm+co64PxQDJsAxtsO/mNNhQDjXaL/8Iq9A/B3GQDh7+T9XNMm/INx+u/wdnT2eA7XABaYaQFjtAj+Yui69tNuZwA==
北陆双手剑原胚,jgFZvr/HbEDyBKvAtVvVPxCddT5zngC/k8+ZwFxfYj8x/SFAoPSyQHiYpECGfmxA5INDP60gLMBqgQbAuy0PP7BUsL4rK2U/18k+wdO3NMHtA9M/dvuvv9BVPUHn+NvAqo0ywPBa1b9hPgtB47dWQBix3kCSSWzAOhsvQPtX3T+dIZI/d1Pyv3q22z6EBIi+1PeXv6H6B8ETggvBeQkqQAbRB0DKtzFBlL0mQF6RAkH17T1BbNrEQBKESb9VmUzA7OSFPvh6xb4A4qBAaK14P0c5i8BCgUxA7umYQGhQHEHLDJQ/Ww1gP5FZkz+/3kLAjbD8vrbanD8JVJW/NusEwQ==
垂香木,pk+vv27oOUCwMFc/DpQ7wE++McAyone/iHMAv4IDh78cOtBA2UHcPtCfHz8U1os/6Cg0wHakM7yJToM/2L7avzqxQz/gCSc/ekc4wAyXUsAuEK6+QO07v0lGyUAgUPS/gIQZO5LCrj/Km5JAAk7yP3ap3T8M8A5A7rQxQEMQmj85thXAJl3uvllmlT6MIiXAR3yBv872W8CluU5A760SQIAt6z8ah6NAFJaWP3vAM0AKpDZAmxQpQJyxH0A1F4K/oHzBQDdzIkB+2T1A4YJ5P/s7jMBbgLk/lNWXPygCgsCu7lE/CTTjPpXvLsDUbSW+cNVmv0+O6r9+virAHj4IPw==
月女的华彩,S8ZQwHXNDMCQNGo/KF+pP8I4BMD53Is/9O/zwLs4OD/ocD3AnGqcP8AjgUCMwj9BkV9pP0SMwTxywgK/YP0IPyltCEHAWEY8kPOBwOso58BekZ0/1AmBwJzq7kAXeCnAL9wOvlqxSz4iTh1BwOtou7SkjkAmuJE/xqSVQJqFGb/Oiry+hp/uQHHmg7+SWOa/EL33wMBj5sB010y/MFUkQNTFCMAEKcdAHLoFwGSHCj1GH9xAnJgJQYLEFEArEG0/ckqBQJcWr766XJ+/dbFbQL5Yi7/EaalA4yKAQHZb+D8wf/O/DBg/QExTjL/UvFPAOKCUP5IiEr+h1x7AkZmxwA==
「月光」的教导,ERQ0wFNYQ0AoKQZA0YQwwEnZD8HKXf++iMKBwGiUIMCsrRhA2I2NPqcZnb4aO8ZALJZlvframL4Xi49ARn+WP9U5OECTdpc/cqicwHPS88ASkARA6lDQvy0qAkEwdI7AltGUv1l/pcCNk8dAXtCsP7AiikAJIDzA6NOuQBhwSr+slADA0Cn2QPpbKb6CfYHA6EFfQFBnp8C7MxxAcouQwElBsz8WXgdBaHDOv3/Vp78WG3JA6aXbQAbPob9IO2vAKewvQYm7gkA0PP+/AuqnQJJEW8AXQUxAYDWWPzL0GcAu2Pq/Y08zQJ9rZj/88izANCNkwBhhS8AeNKvAoDGiwA==
「天光」的教导,zGWHwChkLr+Q3iTAP4IUwRzDNcDWmKU/LGXwP1gR87+/03dAhh/eP3z2ssAy67NAR8ROQPUMrMDyWOC/Zw98wODbsz7oOITAvcK8wLFpRkBRjhRBxoWHQIZ8b0GIwwHBLZcxwEhieUCOVBBBpkroQASZJUHaHU8/pBQFQeReKL88eZXBw8uIwebMMz9Uc7e/Tw2SvnX99cDlvTpBfjE3vzqplkD2uz5B1GEEwXuo/UDo4sNANOnLvsf7TUBLROI/c7+2Qfrz5EBz+h5BRfznPyuYHMF7kjJASGY/PU6FdcBpkRI/7H+cQBmJIcD4+bM/S1EawAtJhsDP0crAsmk5wA==
真珠之笼,OOWUwL/1rkA+iRjADL2vPzuuvMBn9Le/ThDBwCkZCcBkajZASe8ZP0LDvUAowJVB/R+awFJ6ND41YwK/63b2PoawAEFyYQJAErEWwaxOV8HsaFRAvPSNPkp8gUFT1xbB3VVkwOSRzT5YLXtBQgYFQHNaGEGUwei/3GIMQeqUVEC8u8nA7tJTvoCosT9YpNS/G7ukvz7FNMGKyIm/W27+QOaxF0Asf1BBaHsVv9fBMkElrTxBGizzQGXjlEA+7ua/G5lkQeSTy7/HeI1AmRKHPysiib9Y5ZRAJrcYQcAPUEA3KCfA64zgP4110L/6EMXA0TVEQOiZeT+Qzs2/tsHywA==
未能达成超越之水,6oaEwNXihb8wdDbAOjLAPw5OiMBc58i+FR0DwYx6+750xEjAbAVpPzJJGkED+jxBjowGvjzNyr+Kysu/w2lFQKhKJUE4ZJ2+gl/Ivz/dX8GAmJ+/oNmEwDZSMEGguc/A3cQgP1TkPr8YsWdBvAe5vrPqKEFyHYPAKt4lPxiAjj+1BePAA/mcQNbhF7/LIKm/R6HDwLqsQME44uI/5jnYQC50P78x3yZBz5+Iv89xi0Cd2EpBwp15Qe3rskDur+Q/1FytviBeNj3AqJA8bm8eQFWfFMAOCIBAAv34QFUpKb96yKbA3jn7PyZHs79njQzBbImIP1xaYj5SbVDAetAEwQ==
须弥蔷薇,DgXZvxMJJj9fHKjAScJTv0QGK8BLHke+HI/2v+U4nr8mNK+9f+j0P7zAIkBYBze/3SeKP4zQgMCPG64/CFUdQEAmgj4uDAZApy26wPn3qcAAuZM/GML6v6RpnUCS9GrAD4fVv0sVO8A2mWJAYAhFQJ6aZkBkcpPAMcMHQPD/bT84Dq4/26JBPus0uD9GOD6/lG+xQJM7d8BivB2/dPGGP4ywL0Cfv6xAb1S4PjYem7+Nh6hAz8mmQE2kgb8kXpzAbPkQvzai8z+toUJA3kXzPyWc2MAK5c8/SPrTPuoWX0Bmckw+he2aP0OggkAdJSjAXMhtwI3Z/77X1uU/2IOhwA==
空行的虚铃,iLNtwMzMGMBK51zAOGpewMf3HMAraAg/NBWdwADS+T1fYJzARChXv9fMFEBghxlBDrcKQPVwo8AandG/GIq3P0+tkUBRjUg/fCU7wK7tCMBDCg9Az4xGwFdxQ0F9sL/Ae7SCvxbe7T5rpC1Bzi2fQCjj1UA6l3fATgg6QK7gQMBK0TS/uVXEQCxbVr7qmm4/S9GwwDjHvcCnzKk/DAlFPnRu4b5C6/JAKwSuwISfrcDLQKVAcM3VQLCl7j8te7w+KpXwQC6ShUD+uMA/KmwTQFr3BMEmyHFAxxr+P1nbGsDIN3++ZYuDQOqyRb/Xn3fA1HH4v0y5Az5ArCW+2HSYwA==
熏禽肉,hvl3wPjzXMAQuQdA5RiGvwy5CECIUEa9BtHbv2SA8L8a7o/AMfBVP9MYAEHW9ARBuEYkPxUnmb/Gb0g/s0XEvpx87UAU9MK/dIyUv8e5D0A6jWY/9v18v8TcNEBLUC7AckKjP48BrkBAL1BAFFaXQBknnz9KLolAssNkQPeFY8CJya7AKB0nwCydOL8CrsM/AtrEwDSqGMCVwatArWF+QKdIrb/ihrU/rmGhwH4vqL9ka7C+qXFGQBf/SkCzni5A0NhqQPRXPEBOS5w/NlX1P9INnMCt8pFAuCWsvkQLisBdoOS/wuhbQJr3XMDlcrM+cYErP1aSQL8NmPC/bjcMQA==
[公平]的哲学,+PClwGFeG0C34PU/OnX/vpRMgL+9V5i/4iTEwB2jkMCTVJhA5GqvP6FPVEAm7+RABt0lwBrCGj8r027Acu/Cv3ca0kDIB0S/KeL4wCBHpMBUDoxAwUfdP9btgkE5c7/AVuwOv+KDckAgHBVBVqd6QHi4hkD4XAxAC1HqQPjhEMCmByLBqUO4wNPilL++hBDAWnCTwA3dA8H1KQVAanjTPhbtTj/Q3OlAUHAxwAVU60DUyxJBYF2OQCmkoj9DtmA/EPNWQR+2MUDX0iBAMudIQI2NcMCWl5pAhkCRQPg2Er+W+La/0kapQIK+G8Aw3Ee/dM2jP5JGfb9qAc3AuNB2wA==
感别之冠,ouHhv2QU+D9gT3C+KGZFP0K3H8BU4qm+j1r0v8OSTL+06WdA9p4nQGcvsUD+hr9A2cAuv9gOS72Sa1E/TOuWvNqISECYcAK/Mj2zwAegqMCkfs8/HiqEvmWngEC62nbAK/3XPV5Dhz6iq9NATCtyP+iHlEA2HCdAtHSEQEHYB0BSFejAdyWfwPZfgj/LL1bAm33rveIf5sCrJppAtDpkQE2UCUAnN/BAMRi7P4L3r0DzbcVAWHG6QM0DYkBaexs+TAYYQJf36z/4Q5ZAWxIfQAwGPMAcckVA+71/QFYoDT+y+gHALPQaQASgBr/gOgzArRtwv0K6M8ASwWjAGGpEwA==
升扬样本·王族,8z7wv/I0BEGL7eXAnquEwBQilcBU6SI+WxsFwcIMWT9kNwZB3n8xQDs7uECVd+u/amUOwcCcF8ESJgzA5e7IQJ5OjMAokqtAgPpewVwYX8Eo+zw/B2EXwHo0lUGsyiTBZFaewDDJn77hclNB/nZLQLqGHkHq1cLAfwvNQLlg4D61pHBAeIarQHMBHEAc2bDABtJlQJP7DcH42RrB0T7ZQCtKjD9L8IRB8Du5vjjr4T/uLotB8g6mQEA2CMDQaw7A8r0aQVl30EBppCRBtKkBvja+psBeErVAzv/9QAiM4kCWdVVABGvuP1DfKj+aps7AkswiwMl2zj8agCO/BJM4wA==
导能绘卷,LOohwPcZgUBrxzU/5uEawPLXZ8B4aNu+KRAuv2LaRcACoAlBwKNvPTRAqT/AhkG/w2+vwOg3wr/z3uA/Im3gP3LY0T832nk/tYTMwEVOk8AX3C8/jGJgv387skCqsDfAON9qvy7SOUAi6y1AZnZ8P06I1j9n+PQ/HY6oQGf3ML4RUqfAKTePwEqYkj9MFD3AX1fgP9MvOMCqFY1AUrglv44/FEBQCqJAYEMqPNr/H0BLBKtAimcOQPHRtT84gMK+AFMcQUU+vUB3pJZAmcGXP1mmc8CIeEVAbAI7QM+bbMAKMqo+0nWLPs6UK8DrDUTATrKyv5ovGMBQVW/ALyByQA==
老旧的役人怀表,B9LUv5oL+D+yL1XA8Db8PyveCsBMmwc/PfCZwCDyq7y6wYZAiL1LQEUzJ0DwAiG/o2G9v0CWgsAl1xRARL5fQNMJg0BYLA4+tRUJwSqEeMGwuk6+sqmBwLx3OUCcSnbAAwbXv2eulsDe/wdAoMWgPTCTx0CZmUTAxjxkPy2z8T9Ls79A9jLVPzijxL2siSm/wOkkQJq68cBYVkrABYa0P/cQlL/eJhdBfBA6QN0Gu0B88T9BgNoHQZjJnL6pwAXAasENwM0p1L9QCjc9P8UdQBJfAj+TdIpAWdW0QISf2EAKb1W//zcXwPIaHEAnIN7AjMOhv1/NGD5Kb6K/SJmNwA==
千层酥酥,DOzDwBGcIUC2BVs/sBlSQHACScBI03jA5w58wFUAKL+6iiNAN2M5P8w9kUAcg/5A8r+HwJM4PkDsUpW/Dt8SwOU5fEDNO9a/9ue1wF5NIMGQfb69rh78P9ADiUB8FJPA1mIEQPy1l742SAtBTrPLP9E9t0AuQINAf0s2QDyKhkAxH6DAXpkcQMrQlL7Ehfq/BDGCwDhsHcGDGGZA3nwYQRg6sb7Hvw5BGnF9QFCtG0EDr9NAtLgHQU7v20DJmgK/bSIzQB9VSsAYvS49QgkGQJEehMDQ6JJAHL6TQOgn6T/egoDAJiQtQMWuo7+QpW+/AJyVveBcxb96gA/ASH5CwA==
胡萝卜,JBepvdM64D5FBV7AgM5fv2jyzj8kTaA+OjO2vr9Ojz6Va6A/SJMoQFGlsD8tvBfAMF5SPw64UcCOdGu9wfl1PzjCn7/ZeSw/wE2SwBYSr7+gUgy9a2e1v4wbKECR3R7AW5hTv2+lpj/w2zJAQnYbQLoxD0BQJy/AtuQlP7CxoL2KZrm/3wlTwFiNjz+8ky69rw0CQLDpNMCRaRK+IOHSP2XDuD/x3oZAqkqyPmtAGkC+zYFAtE7/P2YZCT//ugXA/Sx9v5wW7z9l06pAZWrxPuc5hcAY4pg/zmEwP9y3yz8pOEc/2V1IP2SDQj+SDYi/zZIFwDTi7j10GyY/ddEavw==
琦色灵彩之羽,ZUaEwHnXeb9isUm/mb+CP52+GMCnWKI/w4dzwCzgEb81/ULAWYuKwL+ylz9FDyVBL3KuvlKzYED7Jy6/Gf2LvzjNJUHwwgs9nuHfvumd8r8y+ntAa0lOwKmjzUCMmym/2FY2wMLQ0j+yQtBAYWoIv+LcJEAPg4ZAUEr0QCiVKkCJQMjAIv2Fvyvvgr4YzE2+tXSkwAcf0MA8Vs9AFitPwEtWAsCWeKRAHrxmvxzoir180rVAisvAQDd/nECIXRM/tyXyQHogO8DZLQnAZLQKQKSdrT5voltAw30BQVs+Y7+frcO/jiAWv9bqI8BkyuHA3WBiQMJdvj/wlvQ/CvBWwA==
石珀,t5Cbv1jFvj60SjzAplsOPlT8HkC6nO++KumIwPDgKb+FpkBALkatQLvVn0B4Mh1BIoWhP/Boar/mFVLAtpvpv3gbnECcCjfAV+8ZwYtEI8EUjgJAHPqev3hqdEGi4wHBUagTwPzS3z+objFBrt0pQJZUA0H1NIi/dzOWQB/hkT9OhMHAY8ixwCS85r/+8TlAPZcDwTxGRMH0O2rAObhUQCvIjj9LZjFB5CQhv+jJeEE/9FtBPVT3QBhbpj86fUk+LDjHQL/Y67+t8o5A2oeWP0eR4b9YpHxA2vDCQDI/f0DLvye/A3OEPs6FhsDbTHPAIjVHQJsnkz8zBEzAcSO6wA==
永续机芯,EGu5wFbVAT82o1TAsdeqvzkBR8DmOvi+Foa2wLRITD7q+BtAFOEiPlR2fED1QKxA5t0JwAFoq8A4rTW/8Zp/QNTQ4z/sNcu/APrtwOwhC8FWQzxA3Ozov8uJCEHLGcnA1pEAPlvZNMBiW85ALBB1QKFT6EDFEvM+m92LQCGnlD/waOi/pvl/P+PeMj/mk3I/NsWRvyZnF8GcxHxAimVWQAyrxb5Q7C9BqQLmv9Oesz9fDDxB3pDfQOQvgj9VRys/g0S6QElkaEBOut8/4UUIQFkKt8DoqsFAhz2hQIVbYz+Frrm/II2DQHpSLj9b5YTAjMj0v3PdVL9kkwHA515ywA==
肉龙掌,40qJwOqvnkCU9hXBIXJRwBKzWsDIYxhARDh+vnDHrT6iupVAy9M9P5rKn8B/aULAXcM8wNV4vcBH2si+Vt4evwKwPT+q7YI/jh1dwXOH/8COveZAhF1Lv5MOOkFQGhfBtF3LwL/p2b/e7fZAuEKDQDdxIUGs9RC/5V37QM6me0BpAANARrdFwfZA0j/Flbm/N4uvQJqNGMHHj6c/LnAYwORDpT+RWpBBCrXFP/lYbUCvRWZBZzyhQOej1z8WBkjAGmMlQZXG1j/BWRBBy2GEPywyDsHAZ5lArkYCQfiRy0AzZElAsxvDvzx7zz9Yv+TAfK7iv6BSGz+kNQ9AFAugwA==
遍结寒霜的傲骨,+IhTwOeCJ8CEsaS/0fL6PhKf68Aw7Sw+6AEawSCkY75AVlDA3SiKP+XmWEFpk49BqC8SQEw+5r0JBlBAN4EyQM2KXEEIl2q+6BhpwPL3+cAG7i7ABGYQwVZh0EAsuHzAU6xBP1tP8L9nVkVBktwWvz5HD0HKj/8+XufQQInnkkD0yvbAyNb3QPyKyr93t8S/aB1TwJVGMMEVri9AwP2pQAFOkL+GJABBM4bfv0AxUUCZgDVBVhRyQdF9fD9xxvS+wcF9wMgFFsAw1di+RaKZQGytrL9kOoVAHaORQIjb9j4ZwqzAb8Wvv6waSr+59xTBrIzJPyD40LyrcQLAUwgIwQ==
清白饵,gnW9v1JkG0AKhU3AyJ0UQJaURr+flei/Cr2WwKH2+b8+EjhAGMk0QEgS9UBw969AsBXGv9CvXL+Emgq/IUf8P8ghmkB0CcM+fKGvwFTsL8EMip4/iC3Hv/QxCUGPUbzAxT7Cv2xBHsB9361AduM+QMlIuEA7Mbe/HNSnP6LqtD8gM3FAmZF+PxAJgD7agaE/vNeFv5EjAsGH2ojAjVqCQEoYrT9Otg1BSr0QQJCN6UAXHxRBIesCQcG0J0Dsjf2/4gbav5aR7b9ekcM//E+KP5L0T7/WxVhApBerQEAfT0DhAjK/Q4scv68btz8vbGzAiWlXP0fvzT7dk9G/8CjpwA==
沾露虾仁,4mShwOtVxcBj8/Y/ClgEvoHZZb+Ax8Y9dgQLwQghlUCn8QrB8jxEQJDxm0B1n0dBO8ktQPa9EUAA6nm+6AtZwH+JBEGiEBTAos5lwFQd4cAZFaW/WsSbwIoQr0B2hhLAKsMuQCiDpz8juWRBO6xtwH4Ru0B9/a5ArLbMQDbdbT+zL2G/QkEVQTMpQMBNVL2/Nm9hweh/NsHhM/O/nsUvQTzCacBgH+dA1KLAvvi9rUCxBOxAbvNAQcO9KkB3E7E/hBE6vxh+f8BSD9y/3j+YQLyqg8BQyrdAB8ojQOWYKEAldm3AJgRRQHAEP8COWMy/rTImQOLSML7D9Iq/CE7VwA==
龙冠武士的金哨,YHHzv55zXEAhNI7AtgPAv1OnBcAonM29DTE5wJ5ZRT8n+do/p4thQEn+l0DKGIQ/BkvEvmPSocDayQTAlUXfP5iuGcAgscy8qf4TwUTR5sDG8v8/oBLxvXg+FkE60OXAwgLYvwZf+r5dk+tA1haCQGhs/0B82mbAt2rdP8jnBj8dGZTAqmd8wP3bpT9y1cS/G/RrP4n928Auk0vADK0qQMnuBUCTqzhBeEyTvyAVcUCviBxBrrpWQKFLML9HHLa/yt/EQNb2VkAQv6hAbr82Pq9pvsBynEpA4qNWQKyDkUDyLPe9TO5HQLBBGT7UAxDAZv/xv7TXjL1pqgfAg+qBwA==
唯一的真相,+W3rwJqImT+1ISq/MkKRv/z1W8CZkOq/+iJiwOxMKcCcat8/aBoGQMpegr9c8PZAY+YgwJBDf77Cucg+Kmf1v+GVrEDArX/AV4ETwXCzXMGpPp9ANCUEQPNKPUGZsxfBsKClvxYMQsCL9xZBDq0aQNXAIkFbpYw/pMffQLLgtD/yNHvAVhHov0nNWMAIsBQ+y9QzwJyqXMGB63FA7RdAQJdQtb8d8mhBWaPPP5V+MUH0fzdBKJAlQaN1bEDavzm+Z/o5QR8rSsAoQva+uZesQPU9i8Btp9pANCmvQBEHCED/sWnARkUJQCzDs74uHXPAbPOGvmHhCsAtiH/AqI/TwA==
松果,wLRfvAWxL0BvTnPA33tEwArbk78gzmO/nA3FvqsScMBK+LxAf8KEPkeP70DGE03A5HVmwOHWcMDwZea+wm7OQCSew78iTz4/dCIowOM8RcAQZhE+rgWuvxJG5kAdobTAh24JwOZPbz85xF5AW6yfP5GphUAXs6S/vuwpQOUmzD2CwHbA9C9MwMY9dT8GdwXAYaIZQDmuksCtE9U/DBLmP0vQdkBrIstAotxzP3eBML+aEttArmeAQH5S9T8duIQ+LFc4QNjlq0DP8sBACkKmv+6OJMD4988/j1WTQJfflMAqLeg+xooQv76GAcAb/ZHA5kITwIXAGsDsOpw/rbWDQA==
游学者的爪杯,+8R0wF25EL86JVjAFGvyv8ZChD5US80/B+wawAb3DT9+mVzA6XsWv1FhIUB4b6lAnwaxP+P1jMCMcuG+MSANPwwqxUAOGYi/tQY0wMq76b/5/odAyPsYwN5x9kCAq6PA4gnHv0pjhj/2lbtAoCm8QGzKqkCiw9I/aLMdQB30CsAADwVA3G9NwDorSb+ApwRAqqo6wHoEqcAcEFdAx2ofPwLZz7/jVANB8EGHwCqFKMB88Z5ApaOcQOMNXUCnbNI/UAFYQC+aVEDIdi9AepJ/P3iIxcCzq5NAxohdQPvUGsBGErE/hfcCQKBjhb/+Z23AGzmbPurFaz9IvEW+rP5kwA==
混沌容器,3cIRwHolkT+3g4O/LGdMPtIYQMCWSg7ABUkAwOTMrsAAQpBAwHkDwDbY4UBPXfE/iAKPwABiPz+yBA8/SJOWQIz1oj8torc/XjdgvvezWcCSdQxAYJaTv3jjnUArC9m/jKLRvyy+Vz+irzs/NQQIQKIJKr5M/2s/CKaZQEtO7j/LhU/A5E4vPyzP+j//qty/1E7nPxosT8AbnohAA8uAPy6iRUBCKxJA/nsBQMgNyb9UUVVAkmRtQH8BikCv1u2/Z5yMQBqUDUBX0HI/+oCIPierBcALUzFAVdNCQDxhi8C4Se2+Q/oEPwWaxz4G7VvAjhWxv4CEPcD00ds/Q8gUPw==
真味茶泡饭,6KQQwarQFD92e/2/pyOkv3y94b9EOR/Afn+bwJXL1L8EyC0//x2EP6nfN0DiyEpBiIsKwGCUiD6FRBw/0MSDwJg+rUAK3yvAdigWwQD5QsESTbdAOhPeP8IxR0HgERvBHfZev8zqRL81kj9BSamGQNEZFUHR/qBAaOMlQenIKkBTVmDA+Ic9wA/vzb9SyX4/aLezwPheZ8EwRKtAj40TQSG0pb0Pgm5BtNAkQKK2L0GFeS1BHWolQYhU5EBYXz+/r9cXQW+yI8BqloxA2VGGQCuwCsGF3ftA5+y5QJIC0z+piwrA4MFhQAw2nr/ftSPApqTbPkSNB8DaNQO/DX/kwA==
黄金乐曲的变奏,floawHNgD0Cz/C++0yxMQNSIXr+iVh6/nP+YwD/AL8B2TBs/YlgNP7i180CeAjhBCnpwPyiUU0DA4lk+G+k8PowGPkGghBPAI8LvvyPwPsGfC/c/+EYYwMR9LEH087rA5KMmPwY0nsCQ6QlBRjtvv7Z99EBGN5hAKHqcQChGtz4W6I/Ak5yZwGbGhsBtABQ/T/w8wMpMT8Hiw7FALrY5P2DKyr0/fg1B/PIEQNcNAkF2wDhBE89ZQcz4W0DaUBJAp+Pkv0wROMBxzIi/jvhKQMZe5T9oO29AJ/IAQfiFuL86DTjAYB6+PjDMs7/vHOnALrxkQOhYRL9stILAAP8KwQ==
梦中的铁花,Fh6awCzrCcDgZKi/m2WOv38aDMDp1eC+HGSQwL5qj79kq58/hNsJP+TslL5AOQdBTaaZvl/UOj4Mabw/MoKKvwLNUkC54G0+bUDXwOhp2cBu2qNAFhy0v/z45ECeGnjAZl7Iv1khAsB04OpAKBJSP0RRc0A7qc8/lGoYQdsZ2D8MzTk/FFZYQLJTpL1cOLm/XIFawFapD8EMvSVA6FO5P04zaz/JJOlAVsv5P3weBEAgHtNAnZDeQJIaNkDMlSbAWecTQTZdAsDCP/M/tnKQQPzgksD9UbBAvuACQAqdIUDqxJa+E31dQErpNEACBR3ACEbPvwCYKMClEQJAWLq6wA==
祭火礼冠,wT0TwRP0Sz9Abrs/EWsRQNsuo8DXxqfAx8IwwZR9/cBGiQpAEeoZwCBYZUEbEGRBPkQKwTv0FED0S48/oz+WQJvjQkE4u+o/K19ZwI5iN8Hj18e9isVWwMA8SEGUHo3AIow6P1eoL0BnQgpBNxqpQOxDYkCqHUJAfC0QQXpZQj+o3izApFwXQcNT075gBL6+oFxJwECnB8H+tXpAO9g6Qdxx/b4rebhAUN/6PxJDsEDIsxVBE+9DQe4H00Dj6n6/7jJ4QK7vkT7gSIS/+o0KQH6Um8A4gu5AxkWoQHJepcBfroDAbtXWP28Vlr8u8MfAwn8AQCCjs76bYG08J+CWwA==
深罪之羽,wEWOwLAKaEBcYRe/hHbWPz0AqT/c1fw+4F5uwOQW/L+Oyxu/HvUdv5dr7EAFZflAHElRwO4Ccb8bwsM+Eye7PuL6ykAwISFALg0CwQuspsBBRBBAoysQwFgK/UDHn0/Abx3Zv53rqEBJ6u1AyvWMQO8ZQkB92Y5AulL9QBpsSMAbvBjAKayIwEcpJL9+m9e/XUcowKhLO8Czw4c/hV+TQC6oiD86XK9AYu2SPyr0/79C2IpAikl9QCV4pUAnDKU/Ga+jQH8ockDvKsRAFHtDvZiQ8cDze7VAMvlkQOqvlz9q1wlATEdDQAZVPcCYHmnAnMdlP2SA7r4zwnC+lDB4vg==
猎兵祭刀,5OabwCCNSj8YuYjAL2RGP644VcCUsQDA/sucwBAmNj/o/cpAST7kv+S0rEDSybZAeBu3wEvfvb+mP0O/6xONP57vMT8JgfU/nn+ywExIwcAAmLU6y6dVwO/OsUCs2OG/PaUzv6Rkoj6oLeRAXZOAQNLDYkAVsFVAOlC2QNJRzEC8UDlAtjvYQBOIHUBE+U0+IjE7vxNQ4sAE7wdALuMgQck85T4I8N9A/Ik5QKDhfkAujfFAYYm/QNq3lkCYAjLAzxiMP75zi7+ixEVATFDHP4BF1cDSUnlApdeeQKQHT0DkOS8/m36pPt+p/D+1YEvAx1WMvwwjxj0gwLs/j8+KwA==
老兵的容颜,xhnTwAGjcMD/ZzS+JvjOv6TTTj9L2iq/gLeZwFzRU8DELmPAKkGGP3Yro0AOdARBWgqLP26pE7887gPA5CI0wOWSPUEUd0/Au84pwJZvrcAuf7VAK+KcP95GKEHRR9DAXvU2P2iQ7D/IQOhAT3CiQFVPmEAosZBATGiTQKnDqMDOvBVAh9AJv7BHUcDsmTtAbS0ZwcugCsFFjzJASiAJQOSYZr/oM7FAl93YwAuekT/W2HFA7toQQWRCPUDUtg5A4PkSQY1Joz/+0oi/eet8QCpiy8D/LbxAcSzUPuH3UcD0tgy/Uy+QQB64u75ygzO/e92iP6vl1r+3AozAipyowA==
岩港三鲜,3k8OwQLZp7/N10O/T1BSQKc2kMAa1YDAQ42zwKlkA8A/xac/b5eNvlLU+j+mNEFBlx5ewEJAMkBsJzG/Zhbxv+mLwkB8UiPASnG5wPfAXsFUWW5AavUSQHKpvkDPlrvAi6MUP3rjJ8A36w9BAFepP/4BuUB1mj1AaJqjQH/ngkBrDQbAb/niQFTsGb5m6AI/mKO+wAjRSsF9yqVAf4/zQEFMjL+7DBZB5uUfQOWKEEGkEfdA1+46QUWcDUG0hxDAAp//QJhshMCEnSrAQp2kQKGXocBU/OFAk4aqQKIZRUChvJbA4BV5QN5Vkj+exuW/m42Gv8YwZMBykADAvOnMwA==
琉璃袋,j5ewv079mr0OumDAqqbPv8Rewb9q8ck/NkBQwNMThj8wx4Q+8zJUP7RRVj+LR3ZAq30HP1cSM8DuDLm/Gpgwv+KHiEDnt8k/VjF/wHa0pb/EA0w/vCBCwDKs/UD4oVTAo4fjv3CmzD8+MAFBWRUAQCNFokAIowq/XlptQMSwnD+SwDDAROgLwEhgVT+LI4u/OFGYv2B/l8D87p4/oMkSQAYAXz+dZdFAgAogwCR0qD9tvMxAf1N7QKCDqD/xTYO/mWCEQG1jpT/csoxA7RXUPmg5h8CypdE/skA9QH6LYz/U9hU/kFeHvMueCr/DT0XAlThAP2wokj9J7/A+YPFewA==
「堆高高」,R7/NwLg6Zj8cyOy/Jvv5PjdZYsDH+2jAcB8xwNtYdMBtu8Y+clJTQORfCEHcXUFAT/SNv/DTt78fF8U/yv3TPwRx+j9e21jATLwVwZaQLcEWjF9Al22nP+g8r0DioPfAwLB5P86xcsA9R0RApA+uQFYer0DztW4/WX1UQJwnEEBG8XzA9NbEwMD3cj5mppg+yPgVQHL7IMFiYFBAIUKAQBpuLkBwfSJBrMSMP7wZxEAPaRBBpagCQS6G5D/55VzA8A4iQLtHDEDhdzA/itNtQEaLEcE8hbhAw+KJP4dcBT/m5mvAaCOeQIS5DEBj9Ya/OkpnwApVgMCOYMe/bXyHwA==
鎏金之鳞,zsahvxEmwz8qjTLA9oMYv2+wtb69uNE/UimmvrZvmD+b9oe+TrCbP/cEMsDZg4VAY+3Uvnycgr8KX9G/YiWUPi1fKr+wSnQ+9XLrwGaxo8BUzllAiCSqvu+kCkFKGpTAfU2FwCmKLD8kHwVBIr+Cv73tvkBEUE/AspPOQDxJN0BpmyPBuC4HwfgnHz8AnWa//PRvv445+sDcOAZAPhuDvz69Dj9h5BlBKF3sPV8O80DZaBpBdPwVQNkO3T/2Pj+/KV4mQdU50b9DHpZAFouiPx1Th786vR9ASX3cQJYJnUC1yYu/GmjPP5UP3b/lO43AKIKCPkazlj8y61U/8bMIwA==
涤净青金块,JOcqwLLMbECw6iPAm5H5P/ysn8CRs1A/A54fwX764L+AKvy/ebLiP1NUQ0EE31ZB5eqvv1VrCcB5fjC/aup0QCS7PkHu7D5Aj5CYwL1sJsF+/CY/+fSiwASdSUHaf7nAmMIZwD4wST/AxjdBvshfQBQB70Bm3xHAASo8QKCaKT4D+lfAQX7Zv9aIdz8oHm3AEskXP5hzvsDI9IjALvy8QNrF2T+QyxZBr/Y8wNFArD/xyD1BEb74QOzgLUCUUFe/kvkLP5dCXUCTCXRAGKKhv+6h9L9f0IhA4kjrQGbKSz9h8aq/iH7ivT+VHMB5e+PARcVvQDBMzj8pFh7Ag/P3wA==
羁缠之花,wxG9wP8dAECgr1rATcghP2rdvr6Caoi+5bDdwPcbqcChzgc/Eqp3QDCKMEE+xkZBHGkWvyPKMcDMaD2/ZHQdPhtuMUH7fqe/Sgk/waSZZ8EMS7xA6VPKv76dmEGzWyPBmoxLwM24oD9xuUdBULjMQHoTFEGSsj0+GBf9QN4/GcA78lHAvu7LwPI+P8AAM6k+vxCowBiFRcFLQZq+VLwpQF31qz/7IklB2EK0v23bp0AOhVtBM9A+QX5FjEDPUxw+80f5QPHSCED9TaRA1xVpQLVyBsFaaAFBQQKvQImPMUAg5gk+/rJiQJRN3r9WqdHA3J5fPzYnwr/da2LAP6r9wA==
血斛,gla8wNLgUj80GIE+71MqPyTLG8DiJee/HtVJwPKd1cCRkIlAlH1PvyEP9EBFAzFAkbzjvxlZNT4+blo/Zi/hPyf4rECwp4o9YzDIwNwXzsAaYElAE1MlPySZ2EC7SKjAzBSJvrO5BMD8jhlAGrOVQNQxdkBeVRxAOfTpQH0a9z70y7HAQkVEwFWoAb93RaG/x/ToP0T+8sBo7wRBDlVDvlhCtj+65+JAKFfOP5a6Ij+FQ79Ax1EAQZOWN0Bj1te/DD7pQIBbjT8gEMM9RdGDQFpzuMCQK7VAXcw1QJa10L9uSijAlnxUQFlA5z/eviXAFR0WwDmtiMD3fJS/y9thvw==
慷慨的墨水瓶,BpcNwJSOoED+48y/ntG/P6wrS8ChtANAo7LvwPu0CMAeUPO/TgEHwNLhfUClVqZAPh3Zv6JpUr84Wr6/+s5eQIVmMUHSroA/9e9XwD4TtcDQX4VAJf1kwNMHQUFMqa7Ajk6BwBQ45r5Jf+pAHm7WP8L3sUBVaO4+4TxSQJjh2b8GH6++2flFwNndjL+SQ1DAPJA9Py9gv8BbwUC/Gni0wAXbHMBimhdBxA9GwPZANMBcIClBL+TCQK02Uj+27lQ/pqShQG9X2z8AB1+7BabmPtEfAkAcwIBA+kcjQVpgpb5h8w+/yQ6CPjDM2L8ZlfzASnlQQFS7PUAgvoa//rqawA==
渊宮之羽,vUOKwCw5uT7No3k/LmY9QMyxq8Dg3Gw+QHIlwUzpfD92gUbADVAVv9ThKkGBCoVBVOsLwKQ98r7viu4+mQaMQBZ/FEGhD/k/T/qcwPZJ9MD4KQi/JO3CwEYfxUASJfK/MW4sPmRkXD4TXx1BnsT2P6GvhkCcKs4/dv+yQAmzzj9qSsW/MI0eQannhj9GKOS/BqyGwC6HtcBoVKK+f0XnQApZ679IZrJAgbAywNyBWr/FyfNAonz1QClvmz/VfIm9zMQNQDaiAz8eFsO/MCv1P4HZnb+VN7JASV6sQLBHLkBEsDTACas6QADgGzl/UZTAoV7dP13pyT8feArAQIrBwA==
侦察骑士烤肉！,E4SZwMoLUz6gYJQ/bZpFwLaZA8CzNI2/vk9Cv1rdf79EOXDAOx4iQAgbkD+3tBm/i1/GP/Q4qL8U74M/17guwJbNIj9Un8S/y/exwI5JIcCA6948xzmVP5KDbj/b8aDAqJFAQPzrAkBowFhA2+n1P5xDXkDnUJ5ArMCZQInV6758YtbA8HrIwEaw57887ai/ubO1vn3WhcAXY3ZALjvqQLV+jj9bmKpA/g2Lvw7iA79G9M0/OhlKQFCeFDxigR6/fnqwQGiBkEAUCRBADNktQB+4F8GexGZAZ5kowBgNWMBfrEXAvQ2DQO5oUcCEODBAAzwWwFW/csD/8hDAcX/HPw==
战狂的蔷薇,UCGFwHwEE0BH/EXArCZQP1ZplcDAbEy9UlORwPhnY8A8Cyk/K1WHvz9Cq0AOqMNA8oyPwJwytr/0mgNAfnZ0QPrBv0Cahk5AZ2vAwOz18MC8Av8/mOd/wPwk9UBSPHrAUMmDwBc4EEAkYNFAiBW2P0WWkkAyA03A8DbrQEqeHUAV1t3A5ohFwEtP8T+xs03A2LpwQFKzt8A7MhlAnm0+v+k5Fj9WWPhAMzNGPzofyT/MdBlBLgvEQDH8dECZwzPAsxbFQF1vMz8+/otAIIbqP5gVQcB/l5dAyuzaQCi61T9VXwvAWj/NvldIL79NCQrBRPcuv1uEQD9Vwg9AVuyrvw==
炸萝卜丸子,uLfxv843KUAISKLAyO6Xv7QEDcCaMIA+eDiOP946lT+GN/4/WAFFQLBWSsDrV6K/twLWP6pzW8Dzpt0+vAeVvyegGcBP7IK/X1QiwSh27sAeZVxAk4SvPz6WhkD24svA+IIqwGonVsCYTm1App4YQICY00Dimx3Akn8mQJIHRkAza7C+l3XRwPBekz+WqR095OKGQGMj4MB01Bm/t65KvzsHLEBgeTNBtubEP+Z6wkDk5eNARGJDQKPVNj7JcojARw3CQBr6g76f+YRAzHiWP2t3tcC48A9A8rQ0QIQAw0DAGKk+43FKPRiD4z+2gwbAseESwIpoo79AB0i9DOuBwA==
黄金蟹,u0ewwBYkt8AyKN9AvAWwvxjYHsAvaxa/0dSPwDAbmb9rSKHAT+Z7QIAiesAgEuc/4BJ4QJaJPEAMqqw/q02SwGA9+kCFsIvAIkFYwL4M28ARK66/WabcP+oVfb/o0yrAUBORQC7ti79bImtALAhwwJ2/dECc6RtAoHNwQMV1I8BZgMLA7FcNQBTXTcAGlWTAviqJwOHKCcGfa9NAZre/vTOZhcDLFrFATB8KwNJ8vEBkaWhANekOQQ0lVb+nliw/zmq7QNgD6r/rHcXAMb0FQcndoz9eIJJAIrrwvvF5kr8SbwzBgHFrQBz6wb+cC8A/Iki7v2mve8Diy9rAfJBqvQ==
魔王之刃・残片,aQCDwJDmasDb26TAMJWDwCWZasDw+FpAO5NrwIAS7z62CKXARgThv+S0wL9kPCZBsrIAQOB7ocBqkv6/KRrkP4h230D/FJM/FELvv45C8D68VMBAnlcLwHaEJUFSJq3ALSp+wOm6G0CsgzNBK7AWQIhL9kDMf37AjlLfQJfQHr7retrASMyHv9h16j8aVjq/PgUSwOy4xsCGX8pAtuqcvwhTjD6+CQNBx8USweHjd8C2HMhAvi6IQMr7HkB6PuQ+Jr5lQdI+T0CO3nxAwpPjP35jcsDkrltAkC+mQHFtgr+qBnu/1hc5QHq/wz64prLAgzYivqQ2Nj+y4AA/6/KQwA==
裁判的时刻,rRFTwNlmq7/Ty7M/dnECPpLS4z6gY1i/5JgrwIQgycA/5obAGKnBP9J0G0FuqgVBW48mQLLU9T/vrtg/glPbP+FtFEELRtW/fty6v1kDvcDteDRAPy1ivyn4EEHFB7fAshczP7gnnD5EzeNAP5tNP46ShUA0Y7G+6Ym3QGsLgcAZAxrBT4TewJgIRcBo2EC+bGZqwPeQEcEZy+dAjRcBwDH35D8JwbJAuJZiPrAUpD8UXLtAYB8yQT6hWkC6iOI/DDLwPz+O9j/aJH8/k8qdQDLqPcDkSnpAWfopQAzXy8DKcoDAUgtNQNzkyr9SxbzA6HPsPbl2McDiQMC/2bZdwA==
龙嗣伪鳍,LI2ZwMjQg0BXqUbAnJ1dv1GRysBJ8lC/mIIIwfC6Yz/DiZC/tRr9v2SoHEFRdHBBzxaYwOvrPsC4/zrAnkehQISBKkDXBipAQDuqwEsvA8E8QA0/XpybwBZIj0FZCNPAsJwWwIA8uT9tKJJBwZFRQLCOGUG10BPAIzThQFoZWED2dBHBa3B/QHwNzz/1XjHA4GIHwLZjFsGMa06+UMwzQTaXJECJz0FBP6s2wJpqLkC+tklBSaPwQDohjEA4cEu/HBQOQWaJfUCWmK5A0supv7e248A1yodAnHH+QCn5kb8Fc8a/dbaOQCCPZMC2TMnAbbqhP/lZAEA9SVM/iTDEwA==
混沌真眼,lW8PwFsrHUBVch/A/yRNwOZ6S8B0KYK/sjAhwAwKND6hCUVAllTXP1Zeb0B6fxVB0nqUv8sf7b/ipzC/MEpqv3Drmz5QhqQ/Lj7KwGowhMB4DeM/vN65v97PYkHG297AwNrUv0CAFj5SEUpBiQaNQBAw3EBnAaO+PE7GQG0FBkDcyILAHUkCPwY9gz++9aS/9WBNwHaADcF4sak/qzGkQK7vTUChVztBtBw5PswejkBQouNABsCsQJQtQUDrOP6/i0QIQUY/BEDvIqlAYeDVP94gAcFUYTBAnhc3QFiBxL+0XDc/DHh1QFzHy794eLG/C8qcv7SCer9gCJm/N8O2wA==
「选你喜欢的！」,ZCSVwOEfN8AdVF7A7fgjwONdl8BcUgJAbxyBwOC/hD+bFGjAiKYJPagZnb/zdIlAyFYKQDvBmMCoHai+/8wLQGCEkUDGtQzADcSawBX1pcAMr5RAVvVVwLgW4kBOjrHAEiz+vyh2VcBFpNNA6oapP20o7EDE7EK/I+uDQIi87j/zYz+/YLOLvzFEDr+wq/Y+5tKRvyQ2EsHEHCVAIjzMvx/uAcB5Xi9BiMOnwIjdFL9w/xpBViXpQOauGj1rveq9V0vmQFChsj9ff8+/FTt+QOtvcsCCzJZAn9urQKPdCT/NgxvAdezTP6FbVj8eurLAKgaZv5NqG79wX2e/2oq9wA==
战士的铁哨,FFNRwPhCAEGZFI3A+H7Qv9AluMBcQSLAi7oCv7T8EcDxNCpB2AF8v/SwB0Eb1gjAMLMNwbNJNcDMF86/OV3pP/ULmcCPo1ZAyM7qwOQt0sAQlS9Abh4BQC65DEF+WqvAvqlBwPlkqD68KspArQTQQK1ww0Bm5L4/23uXQJClpECiMvm/4BSLwO/JgEBBNafAvKO4QNxhq8ABJ+4/JyMCQae7r0DpTDZBiIBgQPi7FkDHCMhArJvgP/VKqUDBEFvA+T8TQcFeREBLgQJBoFzIv1luA8FZlSxAzW2BQKNWqD8J+xpA69MgQM6ZDEAA0We/L2AnwNeKE8CkbGg9JJ/2vw==
清热降火汤,qjO8wH3vwr9EO4q/zq5JwNyw/r9kHuC/2YQNwFcEtb+CdHPAOAgBQKTsjL8oQ4VAvCZIQOTqEr8ZZC1AikgSwBQEoEB6mJLAqqVrwE2eHMHUrjZA8DYEvnCZzkBEpv3ACKbJP9/GhsCcLeJAhEE/P9nFBUF+1F4/v6aHQGhXhr+24de/c/ZCwPqfgsD1xfc/pSXjvwhNQ8F+GLBA2zAVQLL8m70iKi1BMA1SPnyr6UDxs+5A75s3QTDsLEA7Ui6/qocaQCDalb+Tz14/YPOaQKziyMDvVYRAL7GRP1kKQ8BOCU3A5dnpP8CHzr6NLXLAmjLsv14/GsCQWe2/uBbQwA==
月亮派,JpXKwApJkL8+C0W9bkfOP9BEHcC68BHACj6dwE7Xdr9KUqC/b4eVPyNUsEBHPQtBdmvsPuuzOUAzGuK/EGw6wADQ8kDuHYLAu6YUwOa+B8FYLmZAd8SEP0NqnEAI54rAOu7KP0MGi78wquhADnuuP4MO0kD49d1AmNaFQH7ufEAeY9DAQdCCwLgHp78k+gO/NuWiwKq/PMFrJcFA8oj+QNDSWT6tNxBBM41gP0puEUGLS+tA7PsfQQLO4kDOhb29aKkHQBHpg8Ce1R+/kidGQELqXsD+4JtAZP2WQAhEPz7SnIvASNwvQJ+sqb7wIlO/JmTUPzvzMsBf+kXAOwbnwA==
生长天地之蕨草,HLqKvlIgTD63o2vAa8ecvyeWJL/XAJM/VfBXv7Qn2r/MAArAEobkP86Zb0CqiD1AIvMZQDCo0r+2B/S+4bTBPz7zokAKtg6/rtuHwLxkdcDqfCFA9Nn7v+XVDkEX05/ACygtwMxn0T5m36hAgKnEPxbFrECI4UHAYgdGQG+Ulb72M6TAuFHvwIdLpr5QTr8/P8+CPUvSzMBJ68A+jrFZwBo2zD9BTNNAKiNRwG0IkkCGwPFAVnasQLHqKL89WYW/PKePQDBfEj9/eARAwCVuP78eBcDcYYQ/W5qHQOhOPj5yfwq/Yv9Yv7qdSL+TxcLAu1pzPxT9Yj+44fK+dtt6wA==
雷鸟的怜悯,djqzwFrj4764IT2+vr2YPYkcj78qAfO/hB6PwCy0i8CGXV0+tvExvzX8DEFPbiJBWCcJwBLugz/skhC/Aqx1P1an50AEaCu/FBkUwOSIrcDHPeg/uNjyv91+CUG7YnvAF7DMvk/kPUDWEgtBu21DQD7DckA0DDJAm23gQP6D7D5vWZHA+ArEPiBoAcDAPtK/PERiwMqE8MA6udFAjKCZQBQrgz98XKhAkiUKP6hFPz1w9qpAnjUGQdNp3EAWfig/6+NUQKtxej+CBURAZkUWQBhosMCGRapAsJkqQKQHW8DeBeS/Zh44QG8QJsAcwYDA4KPQvoYHNcDg2uG+p/DEvw==
日落果,bY6Bv0jagr6YGWe+BHmOv9XsO8CQs/a9RcBAP2Sooz4Ghj4/rZuSQAJrzz8z2wHBhq0pQFYvE8CNCIJAOt38P8hrgL5JTWvAwTrPwLEf+8DUgP2/SZjZv7C21sCQmE3AvDaOP/yYrsAGz0TAR4oFwOE4m0AuyT0/3YClvruZXUC9rRbA7EvEwK4ycb88x/a+BfeuQMDn2MDkfvc/F8SMP4ttQr//qwJBKroRQCPA5UAoStlAaAfLQFzsSMDuExbAuopiwNjfxb8Nm+a/zDllQKwt/74vEgJAFvf1Pwqmxz8GbZjAql4+wIK8ej8Q+DLA3I0twEgVEcDLV7e/sje0Pw==
昔时应许之梦,w7iWwJEBzT+TFYjAw6g/QKV3lcCAPem8iEsmwcjdW77wKHq/hPdFv1J5BEHdZlpBXU1UP4A9AsAtZJq+IEdBQD47AUFo8rw/STcYwXwhHMFwGCg+Wcj6wKdUPUFvhI7AekAbwFA00L+xdkNBpsdUQPrSBEG1jFi/v8XrQD8+lEBcVdPAT42gQLTPUr+Aoj2+C94OP0puG8FADEC/U4eqQBpwrL98uRRBMKxxvtwXT0AOs15Bi6cqQVnBtz9ZHDLA4AOPvfPcpL/2gfI/IzUEQBDVq8CF4LBAHeXdQPpNxUB/tvm/vkeoP+DRXz7pFf/ATEiEPv4qDUDs1I0/7a4MwQ==
关怀备至,OsWewCu9dsCdRta+fixuwKsCDcAA0ZM8LJNjvl2xpT8MnBTAyCuJQPqF3788w61A3bZJQI+E4b8ijilAFMxzwMybLkBTAqPAuUvnwLwOBsGhwWVAqJnYPgjilECFn9bAhayuPuVILMANkOpA1LFiP6ap6kART7c/jYy9QOTV0z/5xGrA3kpAwKBbMcANSd8/PvefwBz9QsGzg45As89DQEKnk77owjJBsACov2jTC0EwnchA2DcLQQy4BkBcU4u/MNgBQTiU+b//yQs/9ZnPQNo03sDvppNAVssPPoqHaj/dbR7AJjErQMj27D0406O/KgYEwNKtbMCaInPArWi3wA==
奇迹耳坠,HuLdwGbvez8OUE7ADcR6Pi6q7r9l37a/irUBwbW56L+QsC/AMhAuwI3oqECXIZRB7nBywJxi8z07u1jAxUgzP9CfLEEmkJW+I1qCwF+iFcGbYLVARqulv2DNn0Ee/QrBzhEkwEP1gD9wVWBBvg6oQEuh9kBhQMY/L18IQYtGUr/NuQ1A9WyLQOJAg79xJGpAwMkUwZOLMsGuByc/YQmVQGZ4g79KECpB+POAwIodj0CaSCpBV18NQT4nokC31M4/DBQ1QXBKx71a9dk+Kj5TP5ndZ8B++c1AOj4RQTDYlr/8bKO+HXoSQHTIMsCSut3ALiOTQHWaNEBCklg+oo0OwQ==
[乐园]的哲学,pCdGwLXQQUDY320/jKdLwB8MosCswFO+EyYmwPB0KMDEAbY/2KRKQHCdKr0G4ApB93GVP0uux7+XIGdAGnM3vyB0hEA2Xvi+0uUSwTj+EcE5HCxA3cYiv6GkSUGGifXAGQe8vzt7NMCPdxpBgr8nQB9I7EAZem7AcNzNQJ7dvL8InOzAJb0RwHVy3b+Gc9C/0miWPwEBFcEpXS1Acd5cwGsJvz88vTlB/A+cv8865EBhTP1AGMztQIcJpL+BihDAxhxGQXeXEkBEtas/NyKtQD/imsA+q2tAAIIOQCxWy79a/BfAi5tcQE9Lfr9Hd3rAzyMCwI4zvb/vP6vAYl7CwA==
提瓦特焦蛋,f/CQwE/vGcHBrI+/RjzHwDzehz5+fJs/CMlrPgwlC8B4+APB3aYIQZQFVsCbrdRAnL78QAw8wL94xd4/12GzwKDxvkCcIMLAw5/NwCpvz8ABRttAc/K7P1/cx0CvoBbBstOMv7iR2b2NYPpAW8wOPx78D0F6JKu/gOEGQeeyz77Im+TAZHUGwUs9dcAsTURAdfwPwY35ScGf70lA8GA0QFR+fj+8jTFBY1eHwGILCkHKu65AUnsPQVwJ4D8enba/I5VMQWVRMcDgE5k/UKDpQHesv8BglqVASkhHwBNihL/iwonASP0zQFY2sb4q5Zg/5Mq/v6yhrsC3TzrALjnwwA==
藏雷野实,BVO7wE9ruD9DFo3AYM5nvw5zu7/0iGs+1ogBwawzlz99PzI/bmLXP5Uo0EB2p01BYEkvwPoTosBSIIPArQyHPngdtUBGZdI+jIspwTHhEMHwlRpAaCcBwPAmhkGy+gXBimALwEO7OUCfZoFBw0fRQJgHNUHsHvG+4afQQARn9j5IEDLACrp7P9Iiqj6B73q/Nf+9wF6MJcFjYmm/yNcEQcDoqb4BomBBf71XwOGxkUDfmU1BGVXlQKIxbUABg8M/zHoJQWTTDkBbMNRAYsdIP8tr/8CmucxAL43XQBPIoEAsGjg+1w5gQNznAsAVz4fAThHoPhYL3T9QZkHAJozIwA==
盐,MspZwHh5OEBGDz7ABHQ3QBC1mL9OnUbAXlLewB4MSsAfhvc/XjIVPiXvO0ECRjdB4I4dwBL3zD+MzmO/bqIvQKFMC0EUUg2/oJ6PwEnqY8E1e8M/QpZbwDOzZUHl+dLADKyBv5JeK8DK7gdBKnQsQOh2yUA/6sY/m+6PQPln2D/S1ztAulpGQNBNlL/aaElAgMigwDTDNMH4v86/qrS+QFAioT/gqQtBpCshQMag+UAr2jxB1qxGQS4Rf0Dsvmm/SAHPv/pSDcAioeG+VYCDP2mZDsDQiI5AJn7kQM6bCz+wLg6/UvITv9D71r7IuNvAKe8hQMWAJj+kouC+/CYLwQ==
咖啡豆,iW+4v2BqWT+mVTHAyG+ov86Coz+k4yC/83Inv9jcq78FTjA/GHbWP8G0t0BgPG0/tm2nPhOzRcBuTOu/gKOfP0I9lj75ByC+s2ONwGNctr/A66A/goQMPzhtvUCbMJrAqOV1Pbmz2z8UwX1A3BCMQElcWkBEnGw/r1kFQEJe6r84oEY/wx8LwNpnBz6oeww/oPqVv4tUU8B8Uvg+IQVVQLMGH0DbA4RADUACwJSwjL9oSyFAB78tQAToMj8xO4A94Fc0QIxiiUB+TIhAEwh6voyFvsAG6wpADrEYPhUyUL8it6A/wosnQH5KpL4AxZu8kFmwvy44tb+pmDu/tFKCvQ==
久雨莲,vIY5wBSvI0DgnInA2N+8v436T8CkLww/imKtv7TaaT/oZBpA15NMQHR2osDwnxvAkGk9P4OeVcCJyCJA28fbvhTGyT4shSy/eisnwc1KMsGlbU1A8KoPwAGHtkAp6rvAr8oWwBi+s8CohE9AT7wqPxBHx0B/CdW/VZ+QQC1iP0D6JC5AtbCPwBL5ur7g47G+F5+sQKTfBcEkG/G8ybIjvyuSUj9f8ThBn4M1QJj7w0CwWzJBMvDKQGQYnb8kSqDARjNVQK1YFL9IWiJAa+ZCQGFzxcCctWJAcVMWQN8KoEDYuZ8+YAQ1PBT7IkAIO4TAqDIlwJJ/wr584TA/19PDwA==
盛世太平,PxZgwIgVW75U2P6+6gqnv2RbFMCoz9G/Po9ewAA2Xj1ojZq+2n+IQLeujkA/rA5BOMHHP2xeOz+ixcI/DjYRwLBtyECyqlXA+9LcwL5IRsEUq3w/lMi3vspz6UCbkfXA0uRavlHfBsAUCRdB4O7+v/ISGEEluJE/58jPQAhaLUCeb8DA2awbwEj2KsBcFYg/ctCVwPWcWMHyG0++FOT/QLUtJT9AbC1BoqiTPwoKdEEK8BtBUeoqQV/O1z9s4mi/h86bQC2HqcCg6xNA+RNqQO4eDL90hm1A/uaPQB5XDECCR3vAtl1Dv+PGz7/BsIrAF1wJQAZ8b7+4jxzAPWzOwA==
卫从的木哨,WzwJwKYSrUAx6oHAL2VAP4igO79VrKC/LWpPwGN9TL/TG8tAJ+7YP7UnjUDA5dO/ZSylwKm+fcChFFPAmspEQGlvcMCGQXs/iz0VwRxFHME2Rps/2qbPPgvqBkFrXK3ARhUnwP61WD/VbqFA1ONVQHB+p0AtkETAgF70P3hGB0D2WIK+pKtVv1vP2j//P66/6liSPyW2t8CwsIHAPq1eQFyDrT87mRJBSmH1P7xWg0DzzSlBUvsBQOMAQj/2tKS/Il+4QIBO4D/Cf5NArIVZv9SENMDVuWVAxsW0QBHhv0B26z8/pFnQPwpSNL4aDlDAm5ONvy4zfD+oJJS+Vkusvw==
稠汁蔬菜燉肉,ioGwwFsV978Cgom/GgjKvydVD8DGWT/AIV/Ov99Grr+HnvO/bKgOPpfOCz+u+nFARuK0voD4+ryOizm+wCCNv9DF5D2/ZArADAQBwB+FgcDBcgJA8lEdQNykWEBMQqHAv+LKPyC2hL8hVJ5A0QMqQC8zKEAwB+Q/3LdNQADQzD4EZw6/pdBAQD3a0D6L8FU/mkIrwInc0sDgRZVAuAaqQLrzgz8ai89AEPV8v0zOFj+Tvvw/3PCuQEJreEA5Rdm/8/6TQKFOREDAjJC9RHyDQOyiysChA3FA/3RrP8VmGsAOmD3AGm6SQGIctL5AOLk/x5BZwDd+jMC1h+m/jmUFwA==
果果软糖,7Z6TwMWW3T6C2Fs/NkEpQOoVYL8QqnbAAs+pwGDI9T1A7RTAxk0HQGyZHUEMjw1B997qv45aPEDMgL+/PUCDv2x+nUB0Qvm/OiohwKlqE8G4xBXAYAbLvXCirEDMDYTAmHdHQBOAQz9FkSZBoFhCvYmuskBUxx9AWtlnP8LQvz/8s3rAGcGOQF3B1b+83jy/iWXzwB7vFsEuaIu/mqVBQSx5+D5lbLRANjQEQBntGEHprb1Aj88jQVwQnEAbO9c+zzFfwMKzQsAAHRg9YQPKP4FCdsBwO1BAFUstQMRhoD9M1W3AaAYqQF7dAcAgPTa/Y1KfPyPVvb78JxrA0BKRwA==
混沌回路,q14NwPdsiECcIfy/pRkXwL0QX8BW1IS+UlFNwLb8WMBGsIpAIWlsQBVBbkCciQlBJCM2P1hK7b9AyPy9N7y3vpPoc0BfVPm/c2onwRkNHsGIGqdA6y68P7DLg0HBBRjBvllzwMhjC8DOKxdBpnSQQOwSI0H6IjzARL/LQBvjnT6M0+rA7gfMwNADur/m1z6/WgGDPrUsLsHj9ou/sO1KwA39IUAsq2FBufoVwH/GJkFrszVB6VfBQN0ij7+8DoS/Ku5SQdRQRz88sztAZyo0QGLPAMAkTGtA+/WvQH8uPkA6Bom/Y7aQP5arsL92kojAcn+WPr6cf795FcPA1rvvwA==
中原杂碎,LGfKwGxOosAcdQo/1Axgv/rmLsCpWaG/G/JqwJv1kj/QUZC9kjhvPzQ7mL9oUHFA1lC+Pnxge76lpBs/9y5GwAqotECXzmLAmgYfwHgrNcBW8Yc/nPiEvlyXyL/Kgda/DidJQFoRkr6om6hA5Cp8PmteW0BPxZFAumlLQECpC0BvCYK/RiJlQKlgFj7a6qy/4BeWwIHCEMECqPlAqP6LQEewJMDwU8dAwkLZvwQNgEAW/HdA14/zQOI5ekBsPNO+eN5LQONwmr+8UCy/f3m6QCiWQ8Aot5RAv86kP3mG+76ABofAfixUQBITkz9pksc+aL0HwNS6LcCUvSzAvDfnvw==
智识之冕,+I9OwGs8hkBfiKa/K/1IQPwGlcDIchLAJi7PwLQQ0T/svfE+qkPcvkBgw0AyWxRBXFFxwDRZP75mpbI/UDFyQHD5cEBMsO4+vtKGwHhkW8FSpKK/rlubwGC51UDaFo7AlTYIP3hjosCpM8RAId3BP+YOkkDNdbg/Gne8P+/5HUBgbBVBRvksQSog5742UwxACh27vw5u7cD7t4bAKky6QIwW179pchVBcJ5BQAMJOUDdLw5B/UAXQUnDvz9b3G+/DrafwEjYr76qznzAUry/P1AUGsD4JJFAPr3AQKRj6j+GzoC//C+kvgCUq70jqcXAWCf1PjIb3T8bU7u/sgzvwA==
督察长祭刀,x4WswFAkh0AvOaTAYiDsPylom8B2dty/iNJ6wNiiuT6iGAVBcS35v0iEokAHpy5AKDYJwacTgMBO9zrAUhFsQDnREsBJ52ZAjKIPweFFqMCALEc/mEtFvfJxj0CBrlzAro3Vv0zNlb20OdZAhajKQH+1sECGA28/ZEGsQMnj6ECd+XE+jEo0QGy+sUBPY2DA9OqHQFZKusBvDX5A0ZYHQeRn+j/J5jRBexo4QJJE9D7WeAxBWFAGQA7WikCKzTTA4KDAQIPypT/epJpAFxMWv5b33sDsX4JA+zjYQKyfuUCXBwi+G4gmQFmWKkBRSwnAbNw7wAgxqT42Nhw/ycfYvw==
雷霆的时计,qta+wPC2y71Ol4e9TqU/QIa1fL/aIw/AuZy+wLYFbr+Aez3AALcdwDTSlEDEdEhBHq0fwBpY6D+sTRK+SCQXPyLMCEGAI1s89yslwKb358A8J44+faSWwI2YCEENuFbAdouKP+ZpZr+xexJB/54OQCIrKkCH2i5AxWCAQCwSMz/mNVRAtfTvQMoWEsDyVh9AvuX0wNC1+cAN8ABAWKihQEtqLMB80bhATuHFP9xOFT8Y+9NAc7QZQVjAj0CZQBk/Ol+iv85u3b9fp1jAS/hTQHsKosDNAaBA7JmUQHNKAcBcw+q/1YssQO6uw7+PcpPAgjIzPwLczD9qGq0/pjypwA==
虹滴晶,4TvGPg8PpUC4B1XAAzJ9PzIYkr4Yr0K/Whcsv6+hq7/U/ylAAxBJQF3J9kBJrW5A+p5HP1IWir+1EPG/lnOEP8mBMkBMi5O/FErDwGpXPcGsGA0/MPL1Pb45JkHc6+7AF7oEwOU2OL/K695APgeQP7sWE0HWxnXAFBL0vkzR4z9iY+LAP64WwQD+mr5Bm5A/ERt3v/z6C8Euwi/ArTcxQIjqWUCcgSdB0JS9P5ySM0FCpyVBVdPnQHgiG0CNdgI/YIjYP336yr9CNllAMoiBv46Od79oKDU/IfHOQIgYIUAbKqq/9LSxv6MzGMCRPbfATsm3P5kOUD93cEbAUgumwA==
赤糜饵,xBFRvxzFLD8Uu26+Oc0Jv9f/wr83qJI/zISMv5dvF78tRAZA2cM/PzbzJb3U976/RqvoPTmOLsB6p1E/OGK/P5V17D8+0h6/AjyFwJoMT8CWMI8/zfjUvnv3gj/VfRvAIPIzv9oh9r5Ac9o9/3PBP2/UD0BAK/K+zzOrPgVLq78hy2q/VIu5v3hjfD+bgrC/myWCP9o1E8CTTNI/QbiPwM2nob+h75lAAdwMwEttDL+Ox3NAPLkMQDDwQ7+mrMQ+3RikQLM2VEDap1C+JkALQFRPQT7cmChAhj9vQCItFj+9l4S/ymYoPozmzr5WjArAnna+v0b2fL+ucjzAiKDdPw==
琉璃百合,VsA5vngdi8DOJo3A0YBlwPFIccAh7ZpA1hDTv7LDBD/S9pLASI8hQFfYCT9lRJs/iDD8QAAFQsByl1RAMl79PureCUEMO8W+6iWXwI08qL+g0FFAq5e4wJGcgkDIYDXAoZRAwLp3S8Cr06NADfRpv5gg9UAMcGLAc1SlQKmBEkBAgwjBqqEVwf2wtb5m3Ba/OKwzQJKe7sBCFbFAN9XKwMBayj4Ccv5A7xCRwNyYdj8QQ/hAW6cRQc4sy7+2xTrAp9r/P3SLEMAtshJAYCCcQLe7QcB6AKI/Mhv2P/DxOkA2jvC/8JgBwG6QbECgG+PApXjUv0t7I78AhQS+kFblwA==
「林之梦」,05UHwatuGsCoJIk/egsBP6bY7r9L8CLA9yMTwUAQhr6QDrs9Z/xeQF9Zh0BHWF5BsoZRvu53wD+yN8e/tsJywGiR20BImnDANgjvwGhiSMHueU1AGAsdPuzQJUGClMvABL+5P0jk3r6tg01Bpt09QEQYAkEki5JAiHLgQEAYL0CO1KbATh5+QMZmGMDAp9C+SzQTwajMZMEJegNAQcxBQe15w7/yHUBBLt14PyrXQUGbkyhBQiM4QV7By0Caxci+1C3FQPRFicCW/D0+286rQIYEucB/7PFAQfqBQD5VMkDRTJDAuBWtQGcFKb8GCxM/579YPzScFcDeNIvA+YQZwQ==
祝圣交响乐,Jag7wRat5sD5Uaq/kVbSwMgnvb+YY/q/lRQYwCygjcA4qiw+ALEJP3ACf0COQKtAOhdbvsnfbMAlTw5A/KH3v06ni0AqYYzAv3ABwcLM8cDVpqtAt2EZP846AUHScvLA81yZP6J6wT+ymP5AsLmlQJqLE0HJM7lAg8FPQQJ9tb/dGPPAAGfqOwCJHcDWXqk//DaEwEuORsGkw1lBIS7hQMy5Yj/msSJBiDl7v9oJaUCQbL1A/5ZPQbKA40DWJEk/rro/QWL5LUCDMZFAtsTsQNhDesF+2RpBKkshwEwMQcBsAxjA9MewQO3nLz9CsAbAguexwKN5BsHfZdm/q36fvw==
渔人吐司,gGT+wBgsfsBjUlU+JG43PzRXwT+9VtO/HonNwHDGdr+lNFvAClF5QFAEYUBMDehAC9zEvjJtdL7kjFe/xcNgwHt0zECgiWDA1KO1wOyDOMEsu4ZAl7XAP55I3UAs0qfAVG9oP8+BPD9q7PxAllZ0QLKmxUBG2V9AUtibQNwQMr8kOFi/hkcmP5pgBcDOoWA/aXYIwXjUOMGubx5AmLM2QYDX3r++uAxB4JOyPqbjCUGkSONAAhgkQXZs1EAZST6/7BiXQEpEc8C46DE/mg2jQMAfycC5xflAoPnVP8bxdUAu2TDAbNS6QHlGuj/OwAFAzD00vsSSJ8CbCTjATfXuwA==
[纷争]的哲学,eGCAwDaQH0BkK3U+NrMDwDaBmcC9ucK/7lhmwCqja8BEUCJAENqGP/g8+z+QMSZB+P3ivObVrj9qC/g/Pishv6P7o0CguZC9GF4BwVeMEsGZHTdAwxoLwHBQcUG1Os3AwlXPv8SNor/ZKy5BEnyOPw4LmECO6dK/RHABQRleNz8N5qvAkH1SP5Sz679rc0+/N7pxwOU0IcGqHZM/KuIQwMa8PUD1Jg1BIg7DPm6pwED5WwNBsMYOQbDdbD+0xk3AWrpBQSpoIT9wpog/XW6RQDGo08BbTmlA9wczQLXcH8D1/4a/PB0sQFbDAMAta57A+n9Qvzyw7L/1mg/AiJK6wA==
纯圣露滴的滤渣,msnov1xuDb82xiLARmFAwGZRDsBUOYc+yPItwHVlV7/wzCVAOCldPpmII0A9pgLAaCjtv84YnsAUlre/qhBiQOSmKT5cqmW+WCEHwCSk1r+9mII/uuAQv8wslEAsrVDAg4Jyv/9qCkA0sBRAVT1JQIHGakDwOZy/7IE9PyW4pr53XN+/YrcKPltsD0CH98G/mbAeP5L7K8C3WglA0nR8P6sKTD7NI5xAzwmdwDFJtL8BU59Aqe3cP0q5WT8Jkxw/QYi8QOGgrECUEzxAw2aFPSUJF8Ax/CRAk18sQKAmu79uHSW/zpNLP/jjCL9UJve/pKfqvxgDRb9BLfa/MSPpPw==
唤雷的头冠,QdlewIrCbMA5sx7AJeRUwAyGkr1xPxE/B9+7v6Jfgz+lLoM/+JkPQIJYDkCtyBxB+8MeQFjQQcAMK1i/mDULwOegwD/25yrAzhvGwOp2BsClZGhAvJOjvcZf8EAGZrPA6dtOv1o0EkAgGxtBAvFOQHTv3kAgj9c/i3bXQPaCrz/mJfzAJH8DwIaWRr4SdWU/SzbPwEqUEcHe6LpAAHZcQPjiIz/gtAdBFWpIwJqynUBYjL5AStqvQIilZ0DON8c/7KUKQazimz8e+LdANbBeQNVU0sD/j41ALsr/P3S0iD+92Ru/EJVZQAwLwb+vTM6/RiXHvxK+JsDsuR3AXyQ7wA==
学士的书签,3nJ/wAtd4b/vqiLAGjDlPpZ8NcDkX5Y/3LKmwKL/m7+LqmbAt+fgv/89F0DWoAtB3KNBP/aJM78I45s/+XIaQK76MkGTPja/c+wDwOtPH8HLvRlA2DulwMhBCEGojXfAaq7QvxttZMDgYOJAUstBv4BmvUC3Szi/nrylQN6mBD5LP1BAbjSJQM4SH8C0FwhA+BZOwLdkF8HoPAFAFIrgv4ySG8BGW99A8OEBwKZDnj99fxNBc5w5Qbifrj+oERs9tMYWQDkHHsCMLmzA45NyQMUPI76CFn5AePDSQCGqGr532si/k2zOv7zTFz9/IhrBkPTkP7C7oz+oN0g9su7ywA==
守护束带,pqogwK7OH0ASuYo/qHjyPYoe0r8I/fW+wgumwHgc4b8s59G/7s69P6kAA0Ez1L5AAohXv9wjyr+ADIS/+QZcPyiZtUC726Y/rKEVwKyWaMD/woi/d+J3vzqqCUG+vEjAcpZaP8qLdEAArQNBrIOAQDAsi0BfjOe+eaFuP+r/dsAAV5LAiFIoP3BaE7+wX3bAt1yovmhKI8AseCm/gHqeQDQzOz9OdZNASjEewKEelr6GqjZAvGWWQKD2FEBsBJs/ElBIPwxklEDpoh1AuojAPvJHkMCyOiZAaKOOP19pAMDCwpS/qFxQQHpzHsBfQpK/MsRMPmXjWL5eNpfAGkc7wA==
雾虚花粉,8fALv8IUskCw9YzAq1mcP3Kwvr6nxC6/yhOAwOjbeb8+GSRATlMxQHR3gkDqCtlAaLFdv1aYAcCLmRTAuDW6Pl71iz/oZStAJRsCwcRLB8Eq4ZI/ovCQv5WZXkG4yMXAGkFgwKW1VD86IhxBSmaTQKn3xkAXC4fA8/QWQCztDz83VNW/hJmsv4TD4D7ElYK+7T/pPveGqsBnes3AgSmZQHQuPEDH/g5BmiG/P3Z8zUD3/QZB9HxZQFrxtz/cpjnA8K1PQFrVxD6V27VAJh9Nv7LemsACJ+8/GK2PQHr0q0Dri7s/pmWRP45pJr9MKwrAh8aQPkVa/j9eMjG/ztfVwA==
灵光源起之蕊,40TWwNRVPsApKBrA5Z2Ev4AQ/Du8Cd++3YLzwFVhtsBIJZW/GEoBQOdjuEDfMstAaUhOP6D5C8CKgza/NGc9vyF9IEGSn8u/HwiUwCHCEcEsbPFA4B79PY0ZXEE/F8fAMHoIwGqytD4pmuBAnFy5QHqgzkCrieK+b9/RQG2JU8AchZjAW9hywHtsCMAY3OC+dStBwMJkJMHR8jlAfreSP/SjVL0WPwBB9bM1wDgKXkBDKhlBQ1ogQbRumEBcq36/yDDqQCCUDL4bEAtAq4OYQN/AssACIuhAYuohQIApJz/yg4q/q0yXQB6qAkBwiEDAlteAvoxHHsDTphbASloLwQ==
昔时回映之音,v27pwGGnZkDGszO/1za1P/EPqMDZUe+/aAMIwZJ1EsACBq+/+VeMwB4uIUHOMmlB9zTwwEJl7T+jXkq/GvR6QHIlS0E86y5AdeVcwKshFcH4b0m/m1yywJKRNkE5jYvApi0bv6Y/3D+Kb0RBrScAP/PYmEDvO29AsvroQGyvrD9byKA/EgTiQGQiDb9cHJ6+jFWdwNaC7MAGeky+3G/4QNV1D7/2qf5AL6XIP+X7Fz//AB1BFC0rQcUwlUAFs2I/QB7QP6zoST9k/FS+wv5yvyW3fcCVm5RAN2IPQYdHh8A8M5q/4oxRvz6Dj8C/8RDBzxOJQDWvTECTL90/ZoBawA==
无光涡眼,sG7rwBQ1xD4yOIbAzBIpP0Nvo79Gs+u/ffCNwMQ03MDE5lRA4Keyv+qQfkFHogxBS+6QwIZfkL/jECq/SSw7QND/E0HoMcm/9uFnwOKC08AtPu1ADnriP7QWJkH0NNDAajMOwF000j8u57hAb3AJQUzL50BZRMJA0sAYQZdeLUDYiSPBYa0xwWg3ED8QkKq+MXaCPwIFKcHqUjxBHufaQJPwNUBDKBlBIDMwPmLEkUDsJx5BciAKQeNeEkE/lhA/hwK4QDIkVz9+gtZAGLj7Pi5+v8A1MeZAiL7IQOErA8Cp9S+//j0ZQK8ZB0AX7qrAd9PQPySTW8Bieg6/FYObwA==
杏仁豆腐,bu+JwDh7N782aQ/A/+IUP5D4/77r2jPAAuPpv6g6sr9mFoQ+9GATQLXzYz8LRelAYOjGPqBVDEDEbrO//a0kwIRKlkA1LmzA9qJ7wG5KPMGStoBAqkMcQJ9IA0FG0eLApfQnv9DDgMBlrdhAamPNPi7G6UD+QdA/B3h4QPXZHkAu6QDA8eU9wOzc4r+GBjpAhBGOwDPMScEa2TVAjgyfQHyqxT8ElR1BWeYUQIxLUkGx4QVBubAaQdKDq0Ay8ui/Ny2SQD2Xn8AwY7+9Nc0jQDqqCsAKlF9Ako6UQIgk2D9EgjPAKiFaP7JMxj75AQLARkujPxaq9L+wwZS/gnrkwA==
隐兽指爪,LgQlwG8EDUBDo2jA4bz4v5A6qcDgKwM+W4QwwP0WAL+hGclAIFfsv+XlsUB8bAo+2WWfwKifgMBsvMS/M4RZQKUzor9SF+A//fqDwF79qL+Ti7U/IroYv5pxlEBH3jzAqTsZwF7XzT+pzodAVJuAQEsWp0CH4X8/UjuDQCPKZUAHabnA3YCIv1WQhECQzVzARXiJQENdbMBgRJ5AMrEsQPbTfj8htfZAayQ3wDWwqD0Z5dNA4HXdP34+EEDf1qa+7yDxQIK/jECUJJdA6FfZvMHEV8DCgSJAccnAQLgD2T9w6fi+lkuKPo8vJT+Ol1bAlMj5vybIV79NRRDAmoIePw==
魔女破灭之时,Vur5wA4LiUDS5ao+flkvQNjkQcA1eaXATfXrwI5FycBG0ew/Kq5awN9eNEFCMFRBmpK4wLExHUAGyIU/0ndwQKUcD0EgN7Q/Eu9YwDCjBsGyucg/+lF4wNylX0HOuInA/+fhP6xE6T7DLPdAPDO1QGBXHD9NqWNA7jftQBVMgL+8EI8+vauLQF5A1b9LrLM/LaxMwET6+MBUH2FApCqoQM2ICEDkF5FAft8iQKZci79A09pAZ8cZQWhGmUAhwvS/NAoVP36oM0AImhy/0a48QLpYE8GlYb9ARbg9QBqy0MAkLAK/0gWdQHW9Zb/475rA9kIlvwysE78qzji/lDvAwA==
[秩序」的教导,KXCgwA9VUj95DUxAMAoGwN3Cf8AuA3i+fii3wEIoc8B5IZVAnfoRwPgEC78HoqVAFz8UwG4nkj6PPei/dHeTPvcorUBfjI++R4yEwDb66r+ZCHRAUAhgv1ceOkFQbyDA6Kg7PuAEPEAmzr9Ab1GIP1GSmj+h9jVAbjHoQGZRScCh0AHBuewAQMrbgr8zIifA35mGwO9KkcCo2rNAcEBNwARzAj2j6xZAKUuCwJnIvr+iBJRArYJpQAii0z7JiYc/EARxQcyasEDofwG+PsF0QGJVjsC/mIdADinsP2eEkMDwP+q+3EigQAGZ27+YJa2/S8ocv48FJ8CVvLnAPCQivw==
摧冰而行的执望,DKTswOqX+T+uNg69JDR2QJZ/jr6oGpM+yBEfwZK2er9fGJvAA4jTv0/rmEDMbKlB2m2GwGadEUDpGRbApP60vn+0IUFuxSRAT/kEwZdHX8Gvy1xAeuqGwMeXj0Glm8XAvHMpwD4KakAjjqFBpEPVvpv86UAQ1eo/B4Q6QbQBp7/k1WvAKZLPQDRkLMDwBg3AdQYzwflgKcHYEXq/FJvdQFQo87+CzSJBYNUiQNjooj8EgDtB8dtBQVF6C0HCF0ZAKuoVQWi7ib57xUlAsBIwQF5hosAUMQdBNLcbQYsWg0AI4lS/Hqq8QL6IoMAbdvTArNQ9QIYwJj/gu448el/ywA==
无垢之海的苦盏,5i0jwHiwzUAufwzAcsxVwA2JkcAAjD48iRkewHKENb+LpAVBLZ7kPt3JCT+1B48/MmpfwHkMkMCAbdG/njyBv54QSz9BguQ//NT+wIB6QL+smlFAvnJXP3qTMUH9kLfAgnxpv+qwKUDIgttAp6HrQAlHlUBQRiRAZWyEQDdYsr8D1BLA9dqMwHTt1z8ouGvAJ3IQQEknIsCwQd4/plmJP3eyQkCFDg1Bd6dPwCcly753dp1Aydb3vphbF75U6j6/E8pNQdY4EUEBIvVAuiJVvqThC8G6Li9AmWKyPzlyDcC/E25A6/FmQCdRiL97FYc/RP3Yv1OvnL9svsnAWbzEvw==
香辛果,0mwgvvqnLj/ab/a+or09PjIaEMBwgN8/JztUwJjS3z/0RrM/TZ2pP3V137+OeR4/hDATPjr+IMDkhD6+DCrRP/c3L0DdVaW+LxWnwI8hbsC8wdE+Km/1v9wxBUAtYybAv0iAv/cWJ7/omklA38/QvqZPKUAhB1e/eMbEPuY8PD7QWGo/HvGxP0YEzz+39wvAANJuv1ItdsCwEo+/kpaLwDILEcA/SNRAVxMrwEf9Lj+bAdZA0RYpQNFjtL8ecl8+IEucQHhvMkCEdMq+51TVP7ibIEDCxTlAN3TDQGl47T80O7i/RP+cvmNUqr+BDVDALG9GPpKKQD/cPCfAcYZUPw==
秘源机鞘,jkklwHLXTkC0MF7AlioDvgRX1r9w+ZO9JBbGwLx/i7+sxf2+RJ2MP7SqbEAQ5CZBB5RtvnJ/37/GTBfALPDZPmeRtUAIEBA/nF3awI4t7sCC7F9A+E/8v5vIh0G0D+zAjNE0wEE2Sj8o+UFBhyeOQOX920ByjiXAZ9OPQEs2U78L2gjABkcYPlKXEr+kGyQ+cFlTwCBiBsF6RUjAjR48Pz7o+T5v2CZBig8SwDnBh0ASxiJBeFTQQBt/qD/o1GO/fiPfQKi22z92aEtA1qeMP4QzhsCPA3NAo/7GQP2O1T8s8ps+iuAOQGWH9b/GDJ7AhluVP7m9BkDXY5+/SqbzwA==
排异之露,Q5UqwBRZ8D+bZ8W/hSubPyKyYsD7Saw/RxIAwbRBzj6ctp0+/JcfQN2EskBUJgNBQsUXP4w7478zEas/jvyPP0+0KkFYD0M/9xjYwGNiWsH865Q+a5CYwPlQDkEgeafA3Eqsv22JNMCSOShBTOyGv/UdDkFWxLO/YwpYQP/YUD8o/6a/hdtyP6MdXL8VJxnABn77vwhAJsGFeb2/U2ZEQBCJu79gxipBoBwHvr7F40Bhi0hBbRo/QRzgyj97KJi+ODt9PqLUBMDEPro/tk09QPVRpj6bFo5AqZzwQPo1ZkAeWhbA+KjUvqB6zb3MEf3A8Bv0Pw3WpT9V2wHAI873wA==
燃爆木,DlE2wNJXW78B368+0wN/v+zSDsBSYZW/s2EpwFhxB8Au1JY/aL6YPeTBhD/lIA9BwkWsP7SHCUARqK+/f7o9wDnmm0CyTMa/zBmRv1JSPsDk6z5AvSmsP+yzHUFwSnTAhvA5vsyX/b1hF/xAurJIQFTrgEAV72E/hohVQAv+3D9S2Y3AYkOVP3ifQL/Omqu+nR+wwGN088Blk4lAo6t3v+oD8D4069xA3sydvwx1kkBRVXxAn8e/QBTDhECO3iW+GEjwQMm4hr+aCW6/43FGQE9b+L9wMhVABNVQQJMsJMAqL/a/munVP6Gxor9wVJu/tmsgP9Ecx7/On2LAM9C6wA==
不祥的面具,ie/awIviWD9ozGA+DWD9vxtM1cBCeoy/XD//wO6HUcAc6Nk/OAeLv8fb8ED7OmpBTL7Rv83W+D+u8ze+m3xuvyr4NkF4aZG/O3PMwEkt/MCQ8JZAmxQ6wI9bgkE9btPAZKJjv0AYhr2r+UpBqtRAQCZy10Df6sBADjQ1QcCOkz9Co9S/WWmXQLvtyL960AbA//jRwKGPP8G/WmlAIhHWP2PEYD+HfChBDTwswBZMHkDCKQ5Bd8IzQQZBQUBE5nO/FQdLQVbksT+aZ6Y+rwGEQMchwMBAsNBAbeCWQMMUZ8B/cWy//0owQE4QDcCxOKHASjrhPwfoFcBR61DALLz2wA==
今昔剧画之一角,Xe2SwOApV0CttxrAOP5NQLjX/7/Uysy+4jICwShT1r8C7kBAErBQP0Cu6kDsMxJBO7QzwKw6ob+srCDAXa0UQHyo60CQZL89HO8WwRgfdsEi0kpAwPMKwORtXEEZBL3A7HEIwGbL7b+DMS1BFqs0QF75BUEGfx2/lD2tQDjVjj9JZkfAoqVRP+AElr7W+wq/IbB+wE0gOcHef7q9YyZ3QDUS+r7EkixBhBGKP+CB+EA40WRBf18qQUk1M0BwP469yAPHQPUSpb9UlLY/CZUTQDiICMCMxsFA7r8OQRg9u0BuQ3e/UAxRQLq8kj8iPsXAKcSUPy5aez8b8g/AtU4AwQ==
魔晶块,9stzwHKRo8BE7PC/3PUFv4CJT74nZwlAcXUcwdLJ/b8MxZXAAG6YQJSROEFJL1BBR4qKQIfBHMChaZE+GY1iP0CGbUFOUHW/0aqvwMvH2sCtvO4/fhfDwD/eP0HH067AUsOzvwZOLT+QT0lBWg4HQL4gMUFe7De/ZNvyQL6dWb6tI0PByq+qwKMNQcDWlnu/htOSwLcGTME58T9As6rWQPRs3b/l6RtBtGIewNZZE0FtfV5BmztRQb8tzj/XDlM/DTxbv5odnMBBBWtArtuIQC/FGcA5aL5AsIKBQE69M0Bx8GzAlL20PyhO4D5LnM7A3ZspQDQQhD+GEbe/whchwQ==
特工祭刀,jrDmwJrhPEBv8J7AnGECQAhGeMAQE0HAyerAwMJK7z/xvxRBzXUBwK7eDkGLUdtAeaARwYRYBcB2SQXAdi05P8pqcL6ScBJA0ccLwRzB7cCAOBm/fEZBwGWCtUA89DLAZuJPPqiOvz2YeBpBLh3hQNPrvkAsR8pAIxvMQI9PE0EGBUFAPom6QPaLYECOK5+/Zw6Rv4XDFcFAY4ZAuf1sQfe4vD4SIkNBA9e4QB+8lkDgCydBBXbZQMrp60DjFA7Au/kYv/qrpL+VIKdAWog7P7w4I8GnSb1AMIHaQDBaokBShRM/YEvSP/JH3D9kZy7ASG3SvzTElT2TLcM/852DwA==
雷霆数珠,ZOqHwBmsZr4sXQNAOm/lvyThiMABkkw/FkEawWZM+7/E0E/Ar56cP3wy0UDckG1BFu6uPvLW9b1YqLg/DPwEP3BUa0FE7Ww/psxAwO38CMHQSoQ/3hC7wIyeZUHf+ZvAfIzwvja0KEDsGllBnqX5PmG6y0A9kiG/t47FQGg4ZcC1OzLA6HXEQCxT87+W8C7AjAQGwRptBcGxpgi/kl1vQF114L8kSQJB7HdgwL6vBEC/0ANBQBY2QSSFPkDbqKs/6DjaQEZStT8qTsI+zOdzQFrl279OxKlAlQ2DQInAi8C8CQfAEkgQQK0aXsB/3MLASYAyQN7zJD8HsFvAKHvgwA==
梦醒之瓢,CIIHwdgxVsADAzE/rDuFv9d1I8BUG+m+WFaMwA8Ukb+QmDY/BS6UwK/J9kDQOmpBF3OJwGQakj+iBF9ABbfLv9JwMEHwKfe+sxKav4H9TsBe/CJA7+xzwNihxkAfVDnAFlHQPw6UG0CubhRBwg1NQCZ/fkDdGz9BOvIpQTLNxD4ygB/AF623QO73kL/YQkc/R0wmwWXKDcHnWVdBJOnMQLqrUMA6ScZAiLHePR3IDcAkZEJAcKxEQW3bHkEuOIJA6H+PQFLmcD8aCpU/nM69QMLLB8HyiAZB0S6MQFF3rcCUaRS+ListQHpvyb+VspjAwCu5PHfUbsDPVI2/KB4JwA==
满足沙拉,MCwFwfkevL7qmwBAzBopQKzSO8AUyRfAwtbKwItJKMCM9vE/cD/svXg8WL/g0SJBsltCwM4RekAB3mW/jlclwKC7GEGSV2DAxnb6wCoQRsG4+4tA1lICQO746EDSy6nATBSZvmcgEMCWVcNAqCerPWaOu0BNXY5AxWsbQT7zJUCbeCnAwsftP4jV379eEpi+2vBHwI7/TMGhx+ZAiaUGQItDG8DIWiFBR331Pyg1KUESyCdBJPUPQf+VgECqWb6/DB87QftwssBiQU3At5acQKyzgD/MneNA3z/PQN9ZYUAkPKTAEPgFQGK52D6lb1jAoqkNQA6gwL9jZTXABsekwA==
烤肉排,4Q8twUF4DL+NaWpAWiOSQBzZJz/MYcfAJz3ywHJhiMC0OXS/jKeVP704HUFQeRdBqlT/wNU7o0BRO1LAyAIgwBaEpECIWC3AkYWqwEfBXMH46/q96m5gQKgPoEC1+oDA79FlQBbH6T8pOwJBQrFPQFSTTUB8xg9Byie4QJm7JkDEm3E+khPwQDhxRcAAS+A9fLU7wUS1JMGyhCM//iqqQYVjS7+kgLBAap+tQPAj7ECsFpxAAOEPQTrzBEEF0ZK+DDyPQCofxcBPtHrAC7cIQPSQ3cAoC/RAeYDBPzD4/z/VwpTAYo3FQEgzA8Aa7ZxA3oWJP5RiOsB3wmW/kPocwA==
哀叙冰玉块,mqoGwJgkw0CRUCbAtC2HQODOD8DYdg0+wWclwX5Ckb8PkL4/w+ujP+sMNkHsApdBYdNNwC5PEEDrnAXAmShyP8PBc0F+/T1AcanDwDCjYMHQ7no/CzHFwOYekEHkh+rAAXRiwBgWN75xwmlBcS7rP/XsB0FWg+g/nlbWQMeqKEDD98u+w9yov4EUIL/2J1e/WbOTwA9QL8Hy9bTAE/3jQAgZPj98p0lBybdYP5QlIEGarYBBNgAjQW+hakAab3u/6MM3P//SM8BrPTVArWWbv1LQ9z+1M5dA16s+QQR3OUA1MOS+3kMfwAHwhsBwAw7BKmbyQBtXh0DsXru/gJQowQ==
白浪拂沙,ZSWuwN0kjT+ESV2/H1HSP3Y3RcAG+jjAdbuJwB37sz/8dME+huXAvwyseT9WaRJByPgowONK+j9IESfA4I0YwPUK/j+7B0e/VZ2UwE8GvMCRMdc/P46nP6H920CFMH/AShHDP8JDY7/M4ANB/HwMQJLGM0A0npRARFl7QD/hCUAq3tU/Ht27QNFMoz94PTE/6/q3wGJK5MC6otU/38WcQNid0rw/z99AgO+fO2h8M0DDqI9ALRqoQGW2ekAjlI6/XcSzQD2MvD872Vi/1KfFP/LArcCieXlAveSSQDqTpD+7x8m/pk5pQHJ9l7/Qio+9AEJCPF+Icb9kj8+/TfqAwA==
钩钩果,kMISwEvLj74jGPu/omoIwIAX8b+pKqQ+5PXmvyKm+r9/6RHAXO1IQOv/mz/Y9kY+Kz8gQEz2d8AgzB1AkqcJQKw4PkDQuCE9YRnEwKzfiMBIuLI/r0oxwJt5dkAPVF/AmLRMvwyPH74r5kZAdJgXQJCsTUAr/I/Atc/pP+jo+L/EFfe/LrFNwIw6Dz64Xpa/fhw7QLdKL8BQKsG95t77viWcG0BB3IhA2qcWwHjkhr8UPnJA/BmDQE8oQ7+g4lTALqwbQOpBc0CQEkhAPXPtPyCf28A7sh9ABc38v+p47L5kGB6/yLkBQK6ZfD82oey/UVxiwP3Y0L/8Qie/Uz3Wvw==
竹节,Dj1rv9sRb0B2Zy3AQ7SAv1YCvT9JC16/geeOv8tIL78ugNY++eI7QA6HPEA6B2hA4BhgPy3kdcDaFD3AAkMZP618AL+MXMe/canawFJpEMGIjgNAGkuTP7AuTUHCcN7AXlzav2QfvT98kfdAxACBQOyx1ECRhb7AaNvQvuZvR8DOzUrAyCY4wHeNp78Yaw9AixJRwOPKxcCn3YfAbmOEPy/sCkD3M+hARv0BwIjwvEAlbuJALaZbQHiiRD61Zwg/epzzQOaNIEAALnNABn+avaQnicDIW+U/kBkjQPBA/j9gwIs/50pDQLs6BsDKpB/A1sGJvjPNnj/2N2vAaNJ+wA==
东风之爪,53UHPjsO4D+0T6XA6CM/wBi/jr5MZUZAl5YawPTObkA+wl7AMNtaQEWT+r/saQ5BIKB5QNMtpcCKzSTApvdZv34AGL82X38/rC7owJxPXsAxTF9A2qL+v5ScXkFK2OjApmp5wPeB1j+kum5BPorxP377FUFKUtTAhfV/QMnTR79yeB/B/lPVwGSEcD9kxYm/EGapvzJ33cCXE/2/WoxAP60TOED6XTlBwvh7wPveiUCMwhlBIHpGQGziZD/uIAe/yPoFQQmVckDl4RVB1jIBPrG5ycDZefI/WZ6XQKGSfUD2Pg0/7pJ9QIONMsAg1lnAuDyvvsea6z9A4o+/9Uy9wA==
迷宫的游人,rpiSwFIYKj4W3+g+G56avlTxpr46Fjq/wk9gwI9iU8BK5zNArvAQQM3MuUAaOu9AFIfsPrFDUr8sIKS/u3ySv/5y2ECcQVTA19+rwKw/qMAfMJVAdI62P9oIDkGkqZ/A+bMfv7twDEAAM+5APKOLQBYo8EAZMJ0/2jeHQOqvED/0LUPBwvoYwVjEk7/xWdK/hqGLwKKbGME5Fs1Ard9bQIiHbT/VDAxBbj7Iv0wDD0FUPwtBqHG8QPillkBFN/8/LMYPQZ3xgr/tzIRAbmAhQFLnGsAGgZBA1Bl3QCo8WL+lwyHAHYqFQJxogr/t9cm/gpBFPxvVnr9c/YTAZf52wA==
鸟蛋,cvP2vO9eHMBqGiPAYsIqP+7O9z8g1/W8vEOfv1rbmr/Lfr8/k3I6QNIMbECxq1Q/ksckQPYmyj4iulQ/WAHJPohKqEBmLPq/n2iJwC3swMCIDgI/trUIwLtzN0AozR7AvOtcv65vVMAoX5M/QGeev6IUbECOC0Y9P89oQKwSH0DF94m/9BKQwDSFmr9kakVAecKHv7bMCMG8Puo/TO4Cv/bdvD6Ff41AJsHMPx3JHUE/yv5AZI7vQHPViL+JTQDAmG0awH5YqMAm9rO+RVIiQA/g2T9bvJo/wm5TQEgyK0A5Wt+/3Tc9wMKT9j+y643AJ7CeP1pF7T40fZk/E+xywA==
魔战士的羽面,iWipwJJ84L/E61vA9F2kv+SHmMDIYAm+pkC0wFjQIz9+Di/AvTQMwLeLuUD70UNBApH5vspufMCRPwTA3rI1QBNlrkCenZK/GtYcwEZXQL+raExAXMsJwMKRD0FAAbbAdpBAv8UUAL9Sgw9BrGuvQKxp1kDQ1O8+6KSDQAmg0D87C4/ArXlDQBCfpT9D2vU/UkINwMB44MD5MKhAvms+QNBPM7/fT/lAWmkIwb5kUL9kOdxAzxuYQLiktT+2AM8+4xXFQCVGXkCdzxg/vpHcPx6YusB+0nRAh3CHQLbPn78h+QTAcjxoQDSjQD7GqkDAxKVVvjNBqz+jtxfAi2yxwA==
假日果酿,EJgqwMS7fEBamCPA7gguP1fMlsAcKg/AJsoUwAaZ+r9znLO+uB6vP5bFAEHwUI5ANt43O3vYcL7mQqE/T4u/P2zWHEAa6pu+7FSIwCIVIcHTjKu+rsgkvy/krkAiGcLAZ1YLP4t9dsDj8qFA6hgFQDv50ECI8NU+4GHpP7MNKUCbqk3A7ARDwKSkRL9GK9u9yARoQC9w4sCibeO+t1WlQEi5PUC4mgxBWi8fQLBWn0Dm69lAWz/1QMYCWT/aeDvAqCQmwF+c6z6ey1k/ulD7PvZktcAfQOA/AMM4QLZNh7zIrxfA6MfwvjoGGL+f83HASd8jv4jKqr/Hyq+/Q/CuwA==
冒险家之花,Oi4swIVLvz8du3DArj4KPgCwmL/QCB9AildcwPT9zr9it6s/vCfMP2B/iD+iKeQ//DdGPwxYh8BTA8s//CHPP9br0kApjm+/5lY4wdhdPMGgkZpArLgUwMZM7UBJJrfA0BKOwIBGe7/K6kpAwibgP20K0kBw/iDAtZ2YQEdn0b+Zxz9Aco9XwB99Wb/gcqy++sM3P33T3sDs28y/iijYwP9A37/FdRZBGanqv4iF/j8OKCNBY1PlQLLYWr7pVpS/fecBQeYihD74twhAQ7VVQKKxvL/eb7lABLHNQOKi40B19E8/H8Kxv/KJVD9gggLBa3czv+bPXr6PJua/TO4owA==
献与月的酹祭,MJ3hwHohGMH+G5bAT41WwJKUuMDwwQpA6XYwwSsalD87bkDBoo8yv45bMkC2v5NBnMztQEGZyMBstCS/68ZiQA+oPkEC636/97XZv+Wypj9A6KRA/TbgwILuSUEAGaTADZbFv/DQyz7gPl1BWO6zQKw4EkEitNDA3qyuQHibsT4BNCPBIhzQQMJ1Wz/6PaY/uRe3wE5HFsHpWbFAghU/PxmDIsC4OgxBB69GwWeggMAQ+BtBfzkZQZprjj8kYEu/Vxb0QC6e6D/IR/q+qHegQBZ29cDOIcVAYWksQMrxer8g95jALRDIQIrEJkBofbLAeRTEv6bt2D/osj2/2MI3wQ==
迷光的蜷叶之心,FYOQwKyL7r8KNUbAjGGVwI0qQr+Aqy9AOVPSwMyN4j/HiknATp+pP5SeqkAM02BBagpAP9r4xMD+0n3ApkaQvmH0qUBQcj++C0DBwHDG6764mENAhNE4wGlAjUHXQPLA8cQCwCNH2UB+fZZBGbCqQFaoPEGSl8c+0U/9QNX1MMAH1GfBxC1mwCpgTb+dxy/ARHntwHiMA8H7CXBABy/YQFpEUD7C2jtBoavkwIUQkT/mOSNB2BWyQO0WgkCQLp5AfP87QYuF4kB5oh9BQFAIP5NuF8HtY7FAbGyZQMn4ML+oZdm8BGa1QI4JtMCqFFbAFtBMP9I4QL78wHvAPlVqwA==
混沌枢纽,MEaVwKSCSUCbqxrAiOBZwN6qk8C85Mq/0wg8v78pUcCmIrBA+8W0v950BUHqNTxAND1twO0YQMCVz4A/6hD7PoT9rj+iyJk/tuqjwIvGPcCiLURAzoIiP3xGDUFW0LfAKIt1v5jo5j7u47xA6lf1QDautkDeWWlA27W9QP+NGj/kHxDA9jjzv6REsT8R1UHAs+rWP03Lp8DBeM5AG12KQOU8cUBElRRBr1cZP437KMBBkzFAXzyWQCL/m0CZ7JO/QgwJQVQdlUBy1qtAUsSUPy95L8GT4oVAk1xMPxbCZsDaieE/sHpNQAdKID/GR46/tWBZwLAgicDkhvK/Fn6Zvw==
新兵的徽记,8CSAvwDNWkAuujHA2VHIPuh+pr9UxR++IpFbwFrQub9Wl6Q/kfJcP2kAMkDEXAhAV1gEwJRCGsAMVgHAtFhLQOyZtj9QzNU/BuGywLjYpMBs5J4/jWSpv2/SEEHl4YfA2P4XwMaUAEDVJLBAcMUqQCaLO0COjkLAtDK3P5uqOr+tyJy+8hGovYf0uT/ICNG/ZvGuPrgVP8AF4kfA+lrPPjylpT9gJLpAXCl8v2aDgb3Y3dFA1KAJQNVBlD81fKC/vyyoQAkzckDrrFBAO35Iv5/uLsBtzCFACviOQG7MeD9WYQg/gpikPxZZlr+YfjfAESeqvgOUeD8wIXA9HbeDvw==
生长碧翡块,eH6rvdajgD/GYRnArNzIP6wADj7AAEk8DQ1/wBas2b+97ya/RVccQDRTt0BvlJZAPbMFQMFlqr5Of1+/S/wAQJLJyUCwgpS/6XxZwDcWysDimCxAArb1v1lQDkH184jAj+nPv35oJMBWqGJAlFoWQGnBc0Bh5I6/BZDKPwB5ob0cTAk/ZFiKwCizU78M284/G5BVv1Ae58CgABjAz6sFwAoXaz/ybctAJjmuv7TwtkDtFAlBD5O2QKK7Wr8rXrG/LLwqv35RWr83SWW//vuBPzMSUT8C/P0/KUuSQCJkgD/icc6+yUbRvsUbLj+BtIvA95gOQP/9vj+WZ8q/KvrwwA==
凛风奔狼的断牙,Aybkv8FzDEEl3T2/zZKcQEUZYMD0tzrAVke5wE5CRr/mWNtAetQ1QMsCCEHSfJc/TaKbwFAwOb5EdeE/9NQzQKC3aD5kJzNAvxtBwdLKmsE1/5nAceRXwC4KvEDWxVjAPP6BPmegSMD0oc1A7EJPvqwZqECEIqu/TCjTP98TNEDYTz9AAy63QLyRqL73EG3AX79GQBfv1cAPSMzASD/iQIx/fT9blQNBF8IZQd2M60DJ7DNB10IdQa6Xbz63TVjAxvmjwPm2Ir9YPPc/ACxbP0BceMB+5l1AyLmUQDil+0B2zsS+D00Kv6CZpj4DoZvAVJ/hv/Aocj7JNsC/pmRxwA==
风车菊,2jRbvzrFtD/zyEHAF9mZv7ac5b+1je+/TO5JP0Kcbb9k4oJABlUPQL2iiEAoydm/fJUtvwdCDr8hetc/oKWXvqU49b8CzMU/v0hjwMGtOcBgnWc9u1+nvx78P0ChJT/ACuCDvWi8LsAwaEtAOnoaQD/kDkBSx6I/rwU1QOd3gEAJdqk/6tDXv1SliT93Ace+FVopQNmmqcBsM78/Y+bKQNYQgkAXVsNAL7ubQF/daUBkUUVAcCOeQPEtKUCD+JnAIrY0wPfOBb9PCX5AqQizP/NL68CEiyk/wiuUv7pFyr/g1Ek/u6B+P+HEMUCVdNc+kHExwKLbCcAC8ClABkN9wA==
蝴蝶翅膀,B/aXwPiaUkAbxkPA+hbxvlqDi8Dpgq0/Wz0UweOVpkCjrmpAAcguv/V5PEDLQYFBWICwwBEuqL/QtJG/E9Vov5Ce80B3mjlAOisfwY2YXsEvTdK/9C3vwAIpTEG2KuTAxdU2wK/4rz/H6aVB0t1/wDs5RkHA57s/3SscQUQ1cEBcxz3A7CQOQReKeD+thUXARzkAwVJTYMFoJcc+JBMEQbswOcBsW4dBfGc3QA4qC0EblIVBJV9bQdcGyEBqYo4/zWm4QOqj5b88AeNA5XwoQJxWzL/yAtFAYmVbQaM7uUAc+AHAdR47v2gencC5cDDBU5ooQAd4I0D23Ag/H7ybwA==
高塔孤王的断片,Z/tTP377sEDytRnAJKYlvZSiLMAURL4+TL9MwByxMb/0B74/38VYQNWzJEAOPZU/g9loQFuaf78YeaQ+Il8hP8QAeUC2O0K/iHEBwfT7HsFJSLA/FAsewEEGJkEMIazA5cYWwCoansBt+KNAqDMWPlu67EB7lEDAFX+9P2WLmz9okIDAyKHrwIKHw7/Jf6a/kQubQAoe9sC/JIfAgBBKwLBDC0CfERlBIDajP2ebD0ERgy1BrGi7QOQcYMDQJ3LA4RAJP3ojzb9X2lI/L6L1PhvfvL9U2zQ/74tvQP6XaEDOs0W/2Juuv1T1Mj7P+5PAiowLP3CIjD8cQ6+/+HndwA==
盟誓金爵,NOOQwC4Ytb5vk+C/2lm3P8rEhb+UrAy/hEJIwJzTO8CibFa/PHJ0vsHKH0H66ZtA2VT1v91qOMBcq9c/fE1nQIDCl0BCN66+bmCiwMU418Ci3QpAFcLDv2wOVUDGupbAVhS/vsro+L/+eBdAJz6XQA8Xg0BAuo0/ezSLQLj9iz2kRTC/6WekPr7zCb/SBWw/zDbnPYLby8DF0qJA5vsIQNYdLb/CislAEPc6PuNoLcAta7ZALf7jQA6ZJEDgsrW82SLMP6NeQz9E8+0+urk5QAjWoMBuT7pAXhcdQNAoJ718MLi/ey0yQJ4mFUCZboPAH5ftv4ztvb8oKt4+Zoynvw==
谵妄圣主的容光,GWapwBRqtT+KyDPANZfKPg/hpMDs+9S+03y0wDIuEcBj+1I/mOhRv+ce2kCZQxxBUEF8v8yX4r5+Eo8/c5kIQEzYJEF+EAm/n/nUwODGZ8HYVKY/vEmSwIOpO0HJn7rA2bClvzI1OcARjSZBdkw4v/RDGEELVqe+q9nJQE7GTED6xKjAjyqgv0Y6rL9AUL88BU4XwLZHTMFBKJNAXzL+P/DWpb06xyxBeA+9P7Hj4EATrFlBYmxkQZfgR0DxFbu+JntRQHi//b82Ld4+gsJLQD3bYMD8pZNArqcBQRDavD3uGj3AjFXgvuadTb/71SfBjrCVP5R6qT087Ye+oJTiwA==
悬铃木,fv/9v2MSjUB5KOo+H4XKv6Bxj8AAUbu/JyIWP5kJN8CLwN1ABRU0wEFDj7/U+qs/rGagwIv1IUDWmuw/crqYv2CRwj+7vxdAAM3dv4b1M8Aa34A+8bwXv4mku0CcR3W/TuaWv1yTUD9kOGVA5h4LP9EjIj9uRQZAGRSdQBaxMkC+OiDAqqoav6Y+Gz+5s1bASdmqPz1TL8BEy6FAgO7dvh2GGECAJ4FAGv5pQGwZUz+jKPo/Ms4YQN7qZkCF3QzArz38QFIMIz+UNv0/GNkRP3dzV8BsDkg/I0ogQO09lMDCJVo/VZ+Hv1Z087+LYh/AOrRBvzXvzL8VKd89RIeEPw==
恶龙的单片镜,dakav5qTVz/qeWrANewJwA2KicDB2GFASI+MwApcPT+A7M6+Pte+QKawtj+Lsw9AmgugQGC3CcFYYX1AvTxrQO5JWEDQSrI+cC8+wVE4HcHGAG5AosygwBT1z0BGNr3As1ZawNzuP8A2M7xAhMksQFdw/UDgL+XAhqETQCxY9b8SRE3A1EiOwOTSkT+cmzfAVN2JQM110sDL7TvAYLqZwHqAfz/fHDBBuh+IwJCJiT+tFSpBFDDXQEusTsDv00HAyFGSQA9WnUB8maJAU6aeQK+Hm8ACR5RA/bYtQKS4y0CBeaK+zu8RQJDeSkBHMr3ATdCNwNC8j79T+ZHAOSHTwA==
精制机轴,9NETwKhKbTzKRYDAs/tVwA340MDsLhM+xuJqwLuUPT9BgFBAnEDvvUIxGEBl6VQ/7gHxv1TtxcAgWjI/g2iFQHwfDMD0EIM/1v+BwLqD/r84gP8+I84cwB6orUD6fGTAlFImvxDPhr8wKMhAiDJDQEhfukAQ3UvA00sDQAI4S0BAUMrAa+4UQEvrWkBF4m3APu1nQDGLrcB9pIRAYO+lP7XuTD8MeQxB2wENwCtCA8D6nvtAKj12QHCZSj5kHcS/5OqYQLAjo0AFTGxA60LsP3jHrsC/NiRAXuVPQGiZEb9XerO/220OQA5o5z+MoWLAha2NwIuSpL85aaq/qkXMvw==
雾虚灯芯,ULmSv2rBeUAcJZbALWkrPkz6w7+eaU0/zf+vwPBNxb/Yilk/ZuuHQKRe6EB23lBAxRInP+Ku2MBmBkC/0LuOQIF8yT8zPBNAMtAmwQ6gD8GIugVAGKDqv6q6LUEIKL3A2sU9wLAfkr29VvJANlyvQJAJ40Di8+fAfdwEQF0yA8Cxz4TAY8+AwEHuwD8Zyx/ABmWTQB91lsBAIpLAAajMP60yUEDcFghBMrIPwAqovj9IoxtBWfh7QEhHvb+vFizARpB2QCE6mUDy+dhAoL/TPjVhw8AixF9ADOZIQAe1yUB9ZLc+MFVVQCvoAkCstk3Atk0iwLp39z6eJRzAF22hwA==
精密型月矩力冲鸭模具,Azu/v5ElokAYoDXANByDP8znaL7AL5+/q0uHwAKLWcBS/CxAy2qBQAl0AUFbjLZASqJWvYXGD8AYr8y/69mlP40uiUD2d6y/UFgJwZoMSMHQ2x5AIMOWPOW4bkH/+QPBGjI3wOC+0LzHJ/JAEFKmQLdWAEFD+l7ANwm+PzPKiL9ag03Ad9ixwFtB8L8yfrk+UuQVv09eEsGFaqjAcGCDP6CY0D9rkixBEF0Nvbz+IUFtqzBBHp7WQGaxjD9MXE2/3VpjQEnKGD9wi1ZAlGMnP8ThHsB6p2pAlLSmQMFVNUCIEvO86hlvP/IeBcBPUJfAaJ5sPz6CUz/LcYLAHrTPwA==
晶核,WFLKv4aoKEGDZL2/1uNTQOKbFb8cezXALgiHwBpLV8Aq1s1AE84PQEibJEFZ3eFA2VaewDy8aEBsAUXAThA4v6kf2EB2PCs/RaoWwQMxhcGsdtA+VFLDv+QMhUGcuPnAJ24kwGxSmz/3/CtBxnUMP02wBUGJyZM/Q3eJQBI3qj94DCHActnWwEOx+L99A6C/p2xNwBouMMFUxLXASES8QKwNWkACiUVBhbbwQHPOYEFmTFpBD0QZQVpNj0DWrai/UiwDQP6lGcBrkKZA1LHAvxUlyb88nzBA528JQXstAUBhwxg/5neuv67wmMD0SMnAflaKQMEE1z8Q19a/BPK6wA==
绿洲花园的追忆,obZ0wBVo/j5dvQRAu/AVwPNai8BPZJ6/eMnYvxXHWMD/Q4RAmh7Qv4++WEBXpyo/SBmGwIIZnD+uhVQ+HyLpvj6IRUBUmgw/7rCOv6zILMDCcKE/OmyZP8OMnkAXUEDAsFV1Pibugz/k1WZA9qnDP6NvD0AcQ3NA9HOfQAe2oD4o5G3AL2KcPyzWEz92z3TAafcgvy74gMA1f9JA1Ed+P2Ntuj6MfqJAne0nvyTKDr+ZIuc/2YWbQEoAaUBcfS4+O30PQbYkLEBkIPW914MsQH2IO8AmNk9AThsEQOonk8D+AP+/dIfhP5GThL9O3ku/bqCkv+IjbcAqYiHAXuWtPw==
苍晶螺,b8cSwCMsOMA0o2rAuy8dPyxe6T+wa+G9zaGCwERkWb8FxYo/nzosQJbHnUD4ZN5AljfVP/C/oD5HQju/FJaFvf3xEkHfAQbA7omkwD9/DsGfVfA/k3NbwOQHB0GwV6XAZ6rQv74pHsCRDMhAEqaZvjEI4kDcrQk/h5qvQMa1XUDGEDrAY3qawJpfYL+ubntAqH+/wCj4R8GWuSlAmnw2QBmcn76qyRRBZIFLPy5/QEHnJ0pBykkpQfrWCUBbQIi/VIVyPh43wMDGmh4/VuEfQOQmcT94CGhA/d/RQL3uEUBlJyTA1m/uv6Q0Wz6TucDAlJkdQN5RjT9Y3YI/2ry+wA==
异海之块,wDRCwK4fcEBliGnAwiQaQEORRL8tcOe/vI/awJiRfMCgNzZAhB8jPjc9BUEUTAJBDXdQwOL8cz/zFwHAOKjMPwFzFUHAo689lEGJwBkEe8HEk25A9P+pv2t8ekGes+LAGHBJwObU8r8LO9BA0qMaQIcrxUA8oxQ/xdiFQGtrFr9QfLxA9rekP2vUj7+lqw5AxJVnwOthG8H9yIvAfC3WPxyWqT6SZwpBd9+lPxIW9EBBnTpBB2MqQegYZkD6hIS/pqckQCr96b9UbpO+850SPzAvVD/Y/JlA0fcIQcGkEUBem1E/fNftv0yy9L7uGerA2ZJ4QP0Jcz+G4p+/RZsKwQ==
谵妄圣主的朽败,LiQcwMewOkA+kKg/XEuQv0F1V8BwIwO9o/k5v4uVyb/0rYpAMiCjvwU0V79ow8Q9fxFYwN62Yb4oHzo/TvCnPgKu7D9ypgQ/SB1wwKBhVsByTpU/uEjmPYK9iUB4SybASe+5vgAdeDuS+UpAwU0HP8gZCUAUhAFAfmdOQGbL/7560v6/T7CHvqNynj4mDUjAMEa2vRaVSsAtRHxA/hkrwE76eL6U57BAONXWPtPPdL9wYEJAbyk3QImooz8V6f8+BrYFQS9JP0CednA+5gwKQFPJ4r8WOiVAt99pQGWsGMCb9xC/toGhP56Et78yCADAoPylv60X3b/AGDDALSzdPw==
洋葱,KRt5wEt41b/49nTAMQrfv53MVL9yb5S/Xx0MwOwdocDMemo/2KgYP7jbmkDUTD5AUozKv9hVf8AmPtk/vs+cQJCEfT9kHZQ/nyiZwHMYx8Awj51A8HsOvyIe9kCkwp/AX8tGwCqGIb8WCBRA+j+MQNdjC0A0TEfA2vLKQNlYgL/tyb0/xw67P6W25j96d1M+wImpP+smk8AlnTJAl4mWP6FdZkAcu5JAxK9YvxHTe8A6fIVAbkmVQK8IWkAcZ1PAgFjpQNeNYED2hFpAxrXjP9fhx8B3P6JADt8wP5ym6L5lWVQ/Lp9FQKyyT0D/QC/AQF58wM6DcMAeOzBAcaqwvw==
华馆之羽,kEaJwM/OqkBbUoS/ih3rP43PzMCpu3W/iTJPwKAKNsAEQZM+XcfhwBYM/D+9srJAzGbPwCihX0D7m0lAOPKkP9pU+UD2ColAyKgAwC309cBeXSA/7J2NwK67zEBbZqe/zophwKnncL+lTo5A5a2av6cszj+KGKM9SRrQQAx1NEBa5iNAfCF5QGwtmb2M0QzAuKn9P6QXkcDpIrs/nLqGwDQhBMCtkbVAtE1/QNb6BMCL2b1AQGnJQCP0XEDEHhbAaWq1QHRydcDogDzAdt+sP0Qxyr2kVx9AcBALQeeIRb98VOm+UT1uwB7iwr/HiC7BfgOpP8LrUUCqdJVAejSjvw==
子探测单元,NlScv1keUMA4xZPA4Fy8vxSll7+YUdA/BBi2wGXzGj+06f6/CsRcQJO+Lb9I9wpACpBaQBqjmMC4Ji4/qrsmQL+9sEAwWwW+ZE2jwA23BMFsoVRA9YCawGY+4kDeOofAUaclwJLni8A8fH5AzsKQP6T5ikBzmqHAMfATQBX2tr5SOf9A54SdQEc+mD53DcE/xhOAv01y5MCq8ZDAdy/Xv+xecr5C9+hAZAZdwFpWLD+qgRFBy9XoQJ+lA8BruYPALaQFQKDByr6xiXW/3LNOQNFubb+oiGpAfPsTQMwbY0BUexI+8PM7vGi/bUAIQ4bAuidwv7ORJT9mSaI+t231wA==
渡火者的煎熬,3gn0wKiSgEBwSEg+OMcfvzAZSj/EfmK/89euwMGV6cAAC27AKs0wwF//PkFtHEBBfFdNwCfYUT/fqxc/WGzIP1rLc0EK3Bu/rPZqwC7h8MAKk6hA4VobwOZUh0EfzBHBIF+vv2TvVUDpRw9BLrK1QMa4vkD5+sRAuY8cQYAau8DAdYPA4YcOwby1oMDGoTVA3DSgwFlqE8FuYrBAJ7RBQChPOT4ZEw9B6Wnbv2b83b5UxwxBbs0pQeGDoUBGDExAeH8BQQCsXUBWTyVAnIfAPwnx4cCvs+dAcCK8QNxAEcEJ26a+CaZIQDLrrcCxHwTBkNOCQICuSj4+X/i+6YtBwA==
神合秘烟的思绪,UInTvwYJlkC7RwLAPautvwE0Q8DulmO/Jpd+vvBL5b2TjgFBYELFv0c+E0D2Rfa/9IqywM+vNcCUQky/2PfVP747JMAhNA9AubGZwA5NE8AnMEq/4BwVvx1XnkAXKSTA5ODNvovWhj9WFYlAagM2QGgAR0DAesw/kU0PQEFrHEDX5jHAIxLDv8H+BkCVgSvAdhHIPyorTcAai0hAtwxcQFhT0D9JFsxAZEMRQAgKsT6oo6FAZxyhP7Jk3j+6qky+6lO2QKpiRkD8Q49Afja6PWdFqcB/mK4/8D50QNDI3r6CWYo/Y5yPP6tl5r7i/Mu/DxUewLlKI7/taoa/T5sFQA==
[正义]的指引,2TOAwNO+A0Bx2xHAeiSzvRHvt79kwz0+FqXuwIygMsD23bg/rkE8QCcrS0CuKzlBFIg2v75W1L8MdSXAAH5uvwxy7kC67lQ/MvQrwXhZG8GyOaJAuOUTv6ilmUF8dv7AmsZpwHaQBkAy1lRBmgmCQDua9kBc7jfAxtj6QCE0lL8l76rAvlQdwAyom77l+JC/Ki2LwPHjGcEBDmrA9ChpP2CJbz9wvSlB21lBwIdBBkFDzDxBTvHVQG3Tez8PWZy/yH5BQVqlLT/RV4RAIR0fQE0ngcCyqadA5qnGQBGhoEAPq3K+oH1TQGtnY7+bV4HA5eWtP6+3fD9cnVfAs2MEwQ==
骗骗花蜜,+eCdv5rtrUAupKbAM9nivhK8Kz/mcti/2DtBwCyPC8DYlzJAZKBfQJiS30DDZP0/wIMBuy9/vsBnuVDA/GRYQJDL/L8bCTC/Kq4KwVRIMcE8yEQ/CsaAvzJ5aEFBYwfBTo8LwFG6lD/eIgxBQvSjQDElD0EyOunA+q8Pvzfz4b/bJJbAqoeKwLQgur+EgU8/g/KHP/oC6sD4pabAYdxhQPv+VUDVuRhBQObePPxIxUDbNjdBC26mQFAEGT+y+8y+BTgeQPgSfUBLrtpAHDZpv9Z538ADDhJAxplPQM6tIkA67UE/LoogQKpxEcCrqpLAimrtvwwJXj8rWRXACk2HwA==
学士的镜片,EV1FwFmRAj4+SAnALu+Cv8s6y8BLSllA3VThwIzIur+AvsI7jcxfQAIg6j9eicU/WjyiP0eSrcDlRsNAgieBQNPP/kCcRmg/N/hGwe2xccEuiWhAvK/SwOU6vkBPGqnAJAKDwOglgMCgY4BAx+alv8Ba2ECdTHfAs3PNQLcOmb+KohFAkulQPzUVCj8fwIPApnRoQAKK/sCHWCnA6/7uwIYhDcBqGjJBeLnzvyLLaj2ht0pBI9EzQfCRB8DRT0vApQGpQIxrHUDsyT4/n1rLQLRz5r8Ok+lAmlG7QHYuy0A0PNK/t0Jtv8byDEBM/SfB6HUwwOp2AsAiZgfAO3GZwA==
升扬样本·骑士,wKmWwOmZ4UDRB83AzQKCviqVG8DSo4TAQ6+kwKgJbsBh8f9AhhJPPysTiEGUC6ZAlLTjwMIew8BUKErAK2toQMTvMMBTmBhAYbYkwaC4L8HEeFI/28s5v/kPfkGYiBbBd/3Gv1gwSEBjMzBB2gM8QXpJE0ER/He/80GFQC8Fzz8t1nbAuHTnvsAkCz700du/ffGHP1uu5sAqK0vAK+w+QZ80pkDAnz9BfLZnQGBH5j9A5C9BesnCQOSWsEC/HSy/UrmBQLEGsUD0HSpBi3Psvw6od8HPzqtAzK0NQGrdDEBFimJAZjFeQCLyQL+iRW/AFbxjwHYk6L8d0Ly/wsY9wA==
祝圣油膏,44xbwMoL+j/QedO/Ju3SP6l9KMAXXna/He8ZwZilCj/F7xK/wiOfv6okrkD0hiRBWC//v7IvLj+206q/bY13P1tzEkHuVrQ/iGFSwNJ0I8HkBgO/Gym7wCu5P0H0MoTAS6GFvu8tc7/E4CBBkBFRPwIucECFoQNAqt9SQMZWyb4Q7wZBkAY+QYmql78wP9k+gmrEwKi/5MAuDKrAsYtuQHHgDsB9G85ABFzovtqi8D49oxFBYjMfQZ8Jqj/22iO/quZEv4SRGT+dSfK/s/0vP2S8CMADl5FAnRTNQGDM9T3dNAc/OQo7v+Y8HMCgksTA4NVDQAuVJkAAWS2+UcjWwA==
奇迹之杯,Jso3wARLKj7msSDACEH/P/LhIT/7PQa/Ufy4wJCDScDQ6Bo/WqTFPw66HEGKKEZBnBfrvqLeB0Bqh8C/0uzpPi4qJkGfvwm/vAzSwNMPL8GsfjtAgykawHgoYEF0FMDAKvE0wH6qE79UxxlBTKKHP4Kz5EAKQ+8/8k4HQT779T/B5VrAxHQWwBIlu78YcgZAwFDQwKwOQcGK6ZK+xP1gQGqwJj/zkQtBHuC5PzlmMEF6qD1BxGAqQSDqNUDmuRa/9F6HQOmHmcDOEpU/1+DkP7KuFT2Oho5AIuT5QDJcTUBCeKS/0N2Hv1ZsVb9yWNbAPxSLQDowQz+2KLg+pFDzwA==
[黄金]的哲学,Ej1uvxpoOUBUdiU+27ZOwHtNGMCqub8/wCG+vDqPGb8Gcp5AcOBwQKRsjz+iBdO+DgwGQDi/NcDi4Dq/VNHNvxNqBkCDn4HAYkfgwAjYKMCMrXVA4S4SQBJx0kCBhsDA0tNzvwQ5iD7aJnFA1vYtQEz8BEFtsYY/QG3tPyhJCT+VF2/BCS6IwTvnKD9jvDrAIxowQNpkBMFBzcFAHIaEwFyNXT84OzpBfOaAwDBiI0EJ0hZBeiYLQNZdFr8xDJc/uzAqQVFSJUAAR5ZA1x0FQPhpEb/wAgZAlc6XQOh5JT7ZhDHAQZXTPwu97L9EQ5a/ANCDO47gqr/MDuzAG7KYvw==
尉官的徽记,oOybwA3P9L9mwtu/3g2Vv9qdbb7SvdO/Znq5wFyRnMAcBcC+jHQ5QFIQOUFKewtB+Nz9vDOBRsCK2BY/9u+EQAT/rkCffCbAMwvVwOkpGMHI83lAQBjsvxXLQEEeH+bAvPZbvzY+ET9ufM1A+o6bQFxlskB/NB6/RI67QIMI8r9w54vAEL3pvXxarL/scvg/2oR9wNIoHMF7eKk/LnofQBiebj9HlvVATIwWwEVqjEBYKBlBr4cYQZV2BkC4l5A+XRGcQA+YQkC0EP8/LfxfQE4LtsB2veBAQjY6QAhSvb9Xq/S/2UxYQFNTWb/5SprAAQBZv1IEJsAoL8m/9CGEwA==
生长碧翡断片,WKJHvzTguT/Dyh7A63HPPr9I479kaES/DJ2wwLxfL8BcHRrA8kOPP7lg90D2oDNAtrJ8P/VNqL4SByu/aQ70P8pRAEGMgyM/Kityvz46uMDwNKw/DKknwHJmH0E4z43A4+2Ev9WNZ790c1hA+JhhQOJzNkB54pK/uBiPvdClF8DeqLxA96HLP8Zoyb48fhk/tUY/v6QGicAuE5/AAANXv5gI8j7c/p9Ak0IKwDDjGT475rFAnKHYQJP4076hn92/7v8KwOzIwj+UrNq/7HxYPobLv7/fdfI/o41GQJjf679e3c0++HC5vyhwND75oIvAX7cEQDJewz+pl3u/HybbwA==
灰灰楼林木,lE5Ev20Yxz6wzMO+43IhwK3VoL/lnzs/vD0Cv5YZyb98LBU/RZqdPn9YzL/wgZpAFqDnP13Jlr5HeBbACszJvya0jUBozKi/XJDkvnTYoD+gW0NAvhe2P8NeD0HfA1LAONWbv5ZpK0D8watAnJI6QGg9R0AXpuK+h8iTP9QqBb9zoOLAVuuswKcEjT6sHWO+MAIewMZsV8Did19AJ6QhwM6Upz8f341AUtGhwPL5QUBUvCdAaQVFPwh7zj8P9FU/frMXQSOpIkDOfp4/AFb1uWoOg7/lqjo+X84lQDiSi8Cw1wq/o1lnP5SVN8AC7hG/8f3QPxBoLj0pfXrAdKcOwA==
青蛙,9XxRP38uHUCxZs0/Ma7nP8CIF7xr/xa/NstHv7j9qD+kvyNA2dXGPzdArEDk8jxA8rEIv2QhfT8+MVK+QsxsP0Dtxj4Qepy/gfIDwGh7jcDwbmy/Edamv0Tr+D99fFu/TGSxP1k3gb8VFDZAjy0svwPjpT9cpwJAtrf0vuDLCD9Y0znAIG3lv6oALj6ALmS8jz4mwISrjsDD8zY/ZVkOQIbBZz/v4ldAPVZGP5/UnkDMzVxAyH5ZQCWSjD9GB20/Pd5/v6yk8D4xBmK+DdeOP9XMCz9+0hg/2ShEQCIgwb5LTnK/sMoJQNGoqb/8Bye/LlLzPuVFyb7TWmXAvsTCvw==
[抗争]的指引,yEgQwIpB1kBUXPu/O1gSwHA8tsDYy9M+sNmhwEY/S8C4ajRAD5h9QFvLoECe3wlBeZTivlNICcDRsQ0/lYdqPxJe2UBAdpA8vyU5wYY8SMGzux9AiEskwANbiUE+TxrBsg5zwA85BUBdQVVBqLg2QF18K0HcForACOGhQPOuhr9bxw/B4Ra+wGxupr/u9IHAm3kMv2N9DcGg0IDALvezv5XRH0BROWFBJ5jYv6gG80BdlkxBk7YGQWjn0T70lCS/q5QsQQ6ya0DQEb5AAhLIP9qjrsCKHXZAmJrEQD2ywj9LckO/CDecvpdelMCCp+vAcCgHvohmW75Ln67AJtWlwA==
海露花,DorEv4/bhb7sGwc+1H4PQMgbgj9YKRA+Im3VwPzByL/t6u0/W0RBQABGwUD+GyxBfw6tvtr9N0AuRle/JJ7BvzXTS0HYW98+MNyZwJZVKsGAIbm9Agg8wBn/H0H3QoDADnONv54ihD8LUhpBbI8GwBxis0Blp9g/kjq2QKXvkz8zplHASAPHvzDMtr9Mi72+GYTUwCWsIcGTDqe/BSy5QJuIuL5mL9JAktjIP/aeT0FT8y1BSGYgQZ0dTUA1sMS98LMQQMS7s8Cb960/YBeOP0trekAqSFdAXA/hQKTKvT8oaxLAy1v0v6sCC8CxGqjA2oC7QIMexj+3lYe/bVq0wA==
黄金剧团的奖赏,dOqwwMBG1L8QSxE/BsiTv+pkmcA0eyg/e+jAwGIJrD+TxVu/1/sQv+Rinr/sLUVBhHzVP4qKCT8w/x1A3ummv1puEEGYjOu/dxunwAxLx8CKNl5AMhiewAwYAEGdeUvA/nSEvoYCMcDO8QNBFYPDPvWDtUAi1XxAkvwJQeXYH0Cp1OC/3c1MQLAlf7+QL+o9kniAwNLMJsGa6c5AV5JpP970HsAaOBxB8D5Vv8BWfEBMlAtBsZAUQWasO0BkOHy/1rTGQOIs+L+TN4G/tR6jQBiDTsAGk7tAgimSQNgoAL/ZDP2/gubGP2C8gb64WJzAQn82P8ElBL+Sa5e/ytrpwA==
未言的宴话,8F+bwPsA78A+EGnAsOaFwDyoUsCC0uo/4vemwDjmDsCMkDLBktqYvyuvg0Cm2BxB/PLsQLiErMAg8ew/KV2EQKI7LUEUZ/m/3I1DQO2p1r+yYTtA0qCzwFCCD0FdkKvAvPmPvmyqW8BQr9hAdMhWQLYmD0FFaq/AExcgQNoFcsDcV/jAGYciQKcZP8DGwn5AndTqv+TDAMGKHAFBhYPfv+as0L/UgL1AI7oEwZI7q8C6V8BA5oY8QTZIID2VBN0+Z40EQGkihj8uiDrAIl2ZQBggxMDiYlhAJsOHPYSC0cA2OYrABo1MQEEx8z8CLebANIEJwDIcJL4rzwe/8BgFwQ==
亘古树海之一瞬,Tze5v0WnLkBlkHW/KtLHPxYwRL4AUP+/baaFwOJQfL8wOv496WrgP99KBEETN55AHW5CwMaCVL9Q+ae/VjsaQLOkeUDW9aw+l97wv5gS78Dc/8m/wJHdv8xA7kAxHILAG+IEPwEyUD9t5sNAxEB2QDJzZECcbEC/H0ChvxRVWb8fp48+NYIiPxqWGb50KBs/mXfyv4TVrcDG4RzA32XQQFRxOj6SbMdARV86P781tkD09uVAkVa7QBpKLEDgaeA+IksvwPREwz848k8/QUuuvlx39r+2oApAwbiSQO/H2r+14pa/fq+fP16dAcBkd0PAyNqbP32H1T9QBxHAVk93wA==
浊水的一滴,FBwswHIeQUB29XbAimCmP6/uzr/6sZS/wU3gwExM0L71mf4+6mStPtVUx0D1skRBHgFHwCHY3b4k/B7AVJ7EP2hFnUBAIjNAAuKjwISyEcFa2CK/qfF9wKRZakFA5bnA1f4iwPQD1j8fZE5BYg8YQCw1yEAgECHAA3ifQOHFzD8ypIa/BT66QDg6kL3n72A/Xrd1wKYZ38D2EJnAZ2EJQQ2WjT/yjQFBIBaAP7iPtEBy2yJBsF/kQLWQWkCT4s6/VSYWQKatzb6h+oRApRLEvjfegMAVwkpAxcXJQJiaJUDPzVW9YK7/PZfuKcASVaHAmnoQQA2pL0DOqYs/FmHKwA==
谧林涓露的铁符,jET6v0sP67+iKjHAwjS6v1ImTcA0KUS+XitHwCDNjz7HC0g/+Kk/vwuW5UBEXmE+4L9nvkrTscAaTCvA9gqXQKoKcb9s940+ypngvmmVMECkvkG/2I3lv2XJ9z9VNLe/Q3/ePzCRQz8JulZADBqpQLOCaUAYp4w+Vva6v/X3oT/GG7zAopiUP5sxU0Bvxde/0qyCP3Fh+r9BcaxA3jmEQCLyqD/O03RAg6x9wMXDp8Dnx0hAjRwgQKeCvT9usjs/jEf2vq9/zUClGfc//BUXvp4m3sCyW6Q/rTSHP5yhKsDqS9W/+R5rQPLqkT9wdrs9h45cwFip6L9RDAHAJg9dPg==
游医的银莲,w8MJPguxA0AzfanATHbivqYlwb9qRgRANd0jwJcqbr/YJYw/xxmYQIAxIb54fbM+xYZ+QPT7Z8Amaz1A7jq5vnw8vEC/Cxk/LpcmwR7CKsFgmRRAEzNzwNAFA0E4WMPA90CBwAzwWMBijqFAsmKqP5RW6EAg6qTATSYyQPSTwj4cL+Q//2jPwMpKaL+aNUW/X2ZxQPJr/cBYtm7A7D28wC3Rvj5y6CZBZcWSP6LxskA4ezJBniYHQWLs3r9m44XAyFzSPSTZub8CaHVAajRtQMgCJcB6ay5AZvWRQLXNz0D2x7I+pG5DwGl7BUCD7+3A/FOwvxXeKT910xi/It7owA==
初生的浊水幻灵,uGQewIR8IkCw9J7At9Ofv8CK2b+Qh5E9x8bQwJDraj8MkR/Az4GPP0XUBUG4zExBJv94vgY79L+Cv4jAIBw5vsNaskDrjCVAS1+ywBsHo8Cq0aW/T/OEwG5NiEFwMfXAEE8UwOP0hECWp4xBphU9QI59IEG84x7AzVGlQCUYyT/ziw3BXDmgv5j0zj0O822/wZeCwMc+AcFsR0DAo3QNQSsHHkC6yDRBCTXnv48zm0CQIDJBq6bwQB9JU0CTULW+F+01QEXk/j9sIfZAXzb2v5Fu8MAD1xVA+yvAQDfvWD8OgW6/nJhlP+EassAh57PAol8kQE60PUDeQic/GaStwA==
[乐园]的指引,LAQawOMTXkDA90W/uLi4v1D4pMCYSI8+MGDAwDb0PMAkUco/MSdcQNUs7ECBxkJBKIZyP6qonr/TnGs/BJiWPsvtBUGwDK0+6lgRwYMYJ8F/h9U/rOAmwNKIgEHukerAeCo4wIhw277MrktBopRUQG8sJEGUE0vAkNvUQGZFdj8irDbBjdFdwE5v2b+UUSTA6RSvvg58HsE37JG/5KUJQBbE8j/rKj5BdMZgvwwQHkEDNzVBqjcQQbBAgDzAHNW/zhMEQZJZVb+dy0JAkHYdQOv+a8Bo51tA0mOKQEEP3T+H5QDAxqdPP+wi3b+hirbAJsqPPzxgLj4UaInAEV4JwQ==
圣金虫,UfqHwP4uBL+eoBfAmh+vPu+Csr/gpAS+nWahwErO3b9WiZFAtm7bP0YyUECUwNw/sVswwGGWaMCK8SXAAVcrQNjHsj8E16C/Y8MZwYgK4MDuollAmJ+uPVpd10CNUK3AoEGLvwB3Ub2ciYBAVQ5VQG57oEB0n5c/G2aNQM1sSj9jajTA+W2tvuO9zD/ShDe/S5IzwEBc4cDKWO4/incNP4qDrr6Dvw5BJec2v9bfuD8yTSpB09maQLIYhj8nfRk/JGULQepycUA/DvU/nqvLP/54YcA79MBAUQuwQKpSYUCnmIS/ksw6QH7NMj7Kzvq/uxOpvxSK+L+hShDAa1Y2vg==
聚燃的游像眼,wCemwFaiO74wwu++vWEEwBJXmcA+WZa/IbTfwHQEBL/mop8/4HVHQFU8fkAmFq1AjHpcvs/2HsCITdU/TX2uPsa1M0AjVhHAfNL+wPK7NcGCXWk/lqqqv4cTBUEpRd7ArV1UP278OMD4yApB9ARQP164AUGmaOw/wWiUQNjNxj/IOSvAuGZUQPIhnr9ucQjAtPngv7iyL8HdIoU/fQWgQLQvYr83mDBBcU89v3U+v0CBkSZBVc4hQYC5kD+UOU6/nCx+QEaRDT8Wipk/9LuYQCzeqsCUo75AfQFTQB8e0j9541rAbKYYQEw0ur6kOx7AONnbv2JjPcA3N3bAfpejwA==
指挥的礼帽,p0a+wC3cmsBQewzAy/acvuWgaMCIkBc+kTPPwOivKj7KLtbALJpOwBxhukCiiIVBXvZcP0+igz6vQfE+NKaAPjXkZEGyN9e/ri/EPyYek8BwNUdAmfyWwAkFI0EVWobAtDaMvjRkn799GyxBUEj1P+pW2EAatB5AwcrQQJsUtz6IG6Q/dzIKQV6VEsBp9EpAmGABwU7hK8HcDLpALM31P7NMicAlCdJAoFK7wFgZFD8+K8hAs4VMQQU+gEDWeuk/FdInQJxNMcAVY4/AtfSmQMq68r8/R6RAQYG2QASY979u+RTAHrTsPvBMYj6OLvrA7GcQQJBXuT9WTdi/LKIgwQ==
蕈王钩喙,PTgQwHg1lD+86By/MubKPTiR1r9U+Zm/8vhiwIJg2L/q5BFAwA5ivZToAEEOE7Q+rc2Hv5SnuD9YPPq/TTZFPhJdokC375O+QLcJwGRj4r+Q0q49FDOavxl3mkB5RhHAoa/UPzsI+z5ch0xAIEQ1QIWd8T/UMPhAp9tZQCybdT8oTkQ/Bd20v3D2dD2fYZa/1vNUv0yyoMBeAYNArBp0QIzLND+MbpJA+5WOP0JFVT/hi45AtJnWQJ6+1D+qZIy+LVglwKRqHkCvDYI/JrSqPUhmmcDUphlAn87+P9UqWMCk2jW9UiQSP2Ak+76U9YS/7o9XPxBGs7+5WPO+yh4GwA==
霜盏花,FfuBwKcSt78ebQ/AlbB2P3KNi7+vz4s/0Ve6wCihg0DAKZW9QR8yQD7TQUAjmuZAGbYwv3ZdLb/MB00/GgAAvw7ul0CYpJg/akAgwdu+MMEwyzPA7dfEwI8egEBPgk/AugVgPZTWjb/H0kRBOPR3wDHFBkGM2I0/MsT5QGrQs0BcL1XA1jQoQOyGXL7Mra6/VxWqwLRKOsFaUck/26ckQWaSV7/m8S5BixWKQBFrBkH+tlBBraY6QTegN0C+K7y/YJglvy6mmMCbCYNAJLsAQHLGk8BF2ZVAjee1QM4Fx0AoBSfASCnYvW2vc7/dgMHA1tpKP4rFgj+xESBAeJZtwA==
意志破碎的残片,/tdSvpPNqkCyXoXAwPETP6C75Dyggyw+jhiFwKQBRr+xTGw/cAJhP2EdGECsas9A+bqsv7dklL/m7lzAesK/PmLsQkBumAhApkWswLK83cBa61hAr8gJv9+bfEEHZdLAjpqGwHmXoT9IsxtBarhPQJIrtkA/xFrApQcSQOzRkr+v8Yq9t7cHwFD93D46ALS+mMcGwP10rsAUY9XAfqhmPyga1T813xNBR3t0v/XHiEC6SgZB0NBAQHhNBUDhz4O/bsrSQP/+Wj85vYhAmkOTvxTGxb8qTgdADwfhQNXySUA2I+c/GqlIP3P//b+4WWfAnJT6P/XmIEDfR8W+UYu9wA==
狮牙斗士的镣铐,k4RiwEYmMEBgbva+tQ/IPzW1ocCcyJe/WGPCwCD37r6yzEK/nF8awLkQ+0D1+wtBFBBZwIrjrD/F/Bu/kBUNQAek50BgJcw/fN4Yv7/8tsAALFW86rphwFvlA0EcvQ7A87mtPuBrpL6GpgNB7PPyPzFmbkARKz9A1XhKQCio/j9giXC/quWLQHbQGj8WI82/Ilu8vzsVscB3wvU/IS+xQICXADv2P8NAEBO0vSYmt764v7NAv6b7QN2Fd0C8cj4+8GGHvmf7gj+CtIq/eIcqP9ZhT8BntTRATe+pQBsIGsA9rYm/p+SzPxgoFL+Zp5TApASiP8NCcT9XX52/przCwA==
蠕虫假饵,YO8BPxRVBkBDqDrAAHFXPDne0L8e6qS+4oAXwJHcAz9CVdM/8O8cQHaBLkAwp7k8RmSLvwiFPcB4Xae+VLxNQMPDwr6Y3Ks/sB59wObxqMD2XxjAtj0fwL1XjUDcfFTAZ0Fgv4J1Vj5RLZFAfi+AP4HbX0ACu43AfP4wvw+FST9eUC3ASDmlPZ6FpD9gVOe8A/UwQLJJdcCM7SnA/6AbQD3dkz//TalAqKh9vzi6sUBRouVApEJaQFG1i7/yg+C/zPFDvkbsK0CuMz1ADF5kvqCHaL8u3B4/CSNiQNY3fj/25Y6/iGbtvloEab/7cmzAPqX+vg7B1j9tecS/dUfDvw==
深邃纠缠的凝视,gPycwCjI/73Yew3AQNscv+espMCAvsI9qicTwQEi8j+RflC/0PI7v98C1UAM9xVBWowMwNEnnsCUSQrAHhE/QD+McEDcMQRApvqcwCVPlcBcoPe/SsKpwK/0D0Gtc0DAealDP7tuWkDFEltBvrA1QIrD5UCX8a6/+HxSQJsyPT+Kk5XAsDwOQS/K2D/hJIfAu6IUwH5msMA8/KE+J4sDQZ+O+r4YwvNA0UJYwGNHL8ApkQVBPprlQGfBP0BeJGU/TW8VQM4hrUBRJohAsiRRPwzh98ANGYpAXHx4QBJIUj818Nu/ISp6QFfa8b+yi4/AHMG9vwKPHj/kyvG/bK1XwA==
狱火之蝶,NWokwLhmQkAv0DHADz2lP5alX78keNK/wJaHvwi9BT8HIQtBodobQK/f8UBR+4VA8NRawMpXLL8c3UU/z5/Hv53KPz+lGFu/OQUTwUuHusBQDD+/eFHNv9w/l0Bos47AdEVRPuAXMT0h9/xADHx5QDnDyUB8eLRAVfOuQAkh50CeC77ARoPhwIBItD1HyY6/baxQvwxoLMESPKhAyfcIQWdrnD+oyTFBZOTIQJkbOUE6RSpB2MveQKTgkkCDOSy/HyG2v06TBMB4f+5AUi/8PxZ9w8A2P1NAjBWoQC/+JUDiFQG+SLAavTRE7b7Zyi/AxVgTv6ZEJ7/Os6q+G+cZwA==
祭霜者的迷狂,gJWTwBWJckCdabS/IDOcP6jDx8C5Ypa/YNzawC7cmcBCqo2/GQSEvr4NqUBGsnRBDNDOvh0y6T+oiIY9mv7jPgyTREGK9he/Ij5CwOLQVsGYmzNATmspwCF7hEGsJOfACqMQwEXxo79we1dBe0yvP5MvDUFKJiTAqRyMQEfQ5j8BaQLB7se1v57TKMCHaCHAWQPbv8DnLcFuBl1AdNuPvvafbD9z9yhBwChsPYKVt0CDaEFBGN09QSMYoEAp3qS/dh67QAIuUL+ACiI+0JwEQCevAMA2735AY77jQJ6QMcDBoGrApiAaP+FGVsB1xAPBFIgrQErYcj4CYA/ADHwTwQ==
纺灵之梭,0f6Gvw7Jc0CQCS3A7z6YPqcDh8Ag9+c84XKqwLogw7+veJ8/eNHOQKDIAkHyi4zAY4xvP85OkMAFLVZAr2WVQFZNfj/fXdY//tQswUjRR8HIbjA+Zsg6wGHohkAmZ5HA3qPpv/JudcA8mTxA+oqoP6Q/0EBRcpbAfB8qQE1XTT/ommjAtRnUwMlMZD+HSMDA4HM7QcBau8CLdlDA3Tw/QNZ7dUB5JBpB/cU4QKTooECq5y1B0MDeQJwQCMCAV8DAytYzwHe4G0C5m6RAxg/UP0IEnMAGqFxA7ShQP4adxkBdsNi/sOBWPwzYiEDkF2zAPCpIwN6k+r8T74u/sTylwA==
[笃行]的教导,fR2AwBJO2UCNpKe+czgJvgWKtMAygdq/kErAwGLNKMDuEO5AEZrUvwkDrUCpFRNBSXnLwNRKJ8BIzR/AsUdAQB4XZD8CyLw/H6LvwJhUvsBT+eA/sRKbPtSdU0Ff0eDA8quTvxOCrz5/LAZBAnvgQMQlvUAqzVc/Sb6DQDVvJL2Rc6TAqABlQLWdsz+uu/q/Apfyv7/hk8BNhYA//of6P5xZlD+lIilBAbHLv9fT9L5bfglBwIwVQCeUrD/lWrM/ppdRQfIe4UDAnwRAPgnyvtG7scASSI9AVnPUQHD0vb8dDIC+DCtpQK+HaMDuL/S/hBCTvwzDNr+sAq/AWA3Dvg==
[勤劳]的哲学,zoAKwPoITkD95aS/iveDwKZ5ScD0YK8/ECORvVB+BMB1zLFAiS1NQHtN6j8I0oY9gV+KPsdHIcCKLKi/mqS2v3D+J0D0jlbAUfcGwX7SncAya7tAmFJoQH8eFEGFwwjB7CEYwGqljr78yKBAmhkDQOIOFkGg1s8/SSG7QLOLPj5uG2nBsrCMwe7KMT/P2SrAxRlLQOSLHcE/u8RAVrGrwEXW3T96v1ZBZPiQwKsdI0HElzRBoENYQB0wjb8eNHw/CXV7QUsBaEDzGa9AOqEGQFYjIr8r7ElAYB3OQO4jAz8rZinA6LysPxOUB8BgvDrAkfooPy5eBsAWy9HAdC4xvw==
黄金时代的先声,PGOcwGErhT+m3pG/7IpcPwZJKcCGc6U+qlWJwOwRtcAK33M/S+psPzphwECeNMRAwfNuP4k3hL+suJU/zggSQKX8JEEGFTLAfyzqwKJlLsEPx7tAf0aEv2qQJkEpZczASTXvv5ICJ8C9P5BAhS8sQOI430BSVQo/pFfMQD7Ho7/ExNLABbH7wKj/CMAIzd49RIIsP1fbJ8GMpatAFh+qwDStAT7NCQhBwUwCwENSlkA5dypBWqQmQcKtTj+arOE9FSDoQMyEwT5NDb2+1uSVQIxTBsCcprdAoCy6QC7lXT/m7inA4Ir3P25qij+IV/vAkNdYvfyF9L+Lfn3AUpTNwA==
摇·滚·鸡！,BGaxwLTHm8BFCh5Asj1wvz3pd8DrleQ/KTC4wJ6YFEDdLWq/v5gbQKOkncAIPh1AUSA3QEx13r9Mkbq96063v/K0qkBCrZ7AtgT1wCKx1MCJr/8/gHQSPSKycT8yiXLABBqBP7BbMsAeVbNAG3UjwNme50BwnnU/BhqjQPIe/z8rWuDAV/8MQMiqPL9phzTAgGLsv/8JO8EsT9pAokVfwGixusB/2yZBr5R1wIV7/0AaBiFBGpkDQf/yAr+jF5E/OKL1QGZBFcACjnLAnF35QI56EUDga8dA+KK5QFJArUANUOLAMb8NQHgTSj/HWn7APsx5v6TNur+gIr/AtPxBwA==
澄晶实,JIEBwKgkEUCwi0nAFibXPoq8uL4gZLK9S8jSwPD6M74Y35q9H97sP6w6T0AtyCNBgM8tv1NblL90gPW/eOKRPcZ69EAQMdM+Lm7HwO5WPMHzMug/1CZMwOj4dkFIFu7A0oUxwBA6vD31TTdBJOdjP0JZ7EDDalDAwHlcQC7J+r4Wo6c/X3TzP+xZYr8WKAhACaKmwKluG8FX3cLAjSQ9QETORbyQhyhBUpGJv4biDkFDxUNB1TYPQTADCEDzO+C+jHObQLkpdb/8khVAc4vQPjFIb75UnW1AdrT0QFdV+D9dcFS+JFrSvkgrTcDcmODAEGx2QD7PO0CqlYe/gXrtwA==
[风雅]的指引,KboywNxK9b24jEHAJSvCwJ5HZsAMEyxAneQfwOU2fj+axwrAURcNQNICg8BodQBBoG9SQLh2nsC2wr6/27aWv0yhMUAGwmS/osTawA1nQMDasNFAlFZAP+iOaEHGE/fAlatUwEgItj8emkxBEYIwQJxKIUHGl2DAKCnkQOg0279CYy7BDsbnwNxaaT9Wyh/A2aFJv3sa+cAICVBA1NRav75GMUDiLTlBvMn6wIoJmUDeivhA2sBVQFDq5D7+SVO9rVaOQWgZmkDWuOFAEZy8P6W7tsD4pz9AnBNGQAh2cD9uuaG+3xN8QLC9pr8iRBbA1+YvvyDQcL/ESWnA/Jm4wA==
绝对不是下酒菜,W+gXvyh300AHr6HA3b+Dv4DcUT2QJym+VmplP26g7T+zn19AVB8HQUlC1z/gdyDBcfO/vz3z7sDUNcq+7NTLP11WE8HP/UG/FdppwfJLgcGTMhNALWcrQJXnVUCC0gTBbC0+wCv1bcCGAA1A+uUpQHiEAkFNi6zAdFsRv/MtCUDtASlA19pQwdUh9T+4D9e/wzayQNKc8cAgGxrBtLkNQVMooEBswmlByEg2QCwuHUEsSi1Be30SP25Bi7/fJ57AGAOQQMjLMT9X7+9AbG12vuR/sMBi0zxAyAk0QIVhNUHcICU/DMAPQCFeH0Ao/+U/TOOFwPKk97+rZJ2/VC0twA==
串串三味,kE4QwWeVh8BnJ8O/IBUpwNYWjsBg+FC9g/jmwPB0tT9AxQk9zvFSQLfbqcCRDBZBbcqFviSmccD8QqI/kiASwN+wmUDW+g/A4iQ5wa1yO8GjPp1AMmGfvqY+5EApJ+3Adbb1vkz+NMDaNjxBrYS2P84rFUFgLOW9LUsaQZKZ0j8sZ3I9GRsVQboVFL+kqby/atWQwKHgWsGUqllA7MqgQIahEcAmB1dB2QS+v6xH1UB6QyVBWMMoQTOfD0Acp0DAL6tXQTqFBsA3048/OCf1QKaX1cBQjwdBPEITQIOrxkAgcEXAnAitQHAiYECScuW/mCM3wKgMJsCcFzDAou/7wA==
「浪迹]的哲学,rNLZv6gPREAYYjhAHru3v/FVn8CUG1o/jCJ2wMAusr8okxJAB4NlQFelhD9YnLxAdBF3PyVJAD+elFxAJ8zIvzSp0kBmP/q+1zkAwVjpBsGlGPQ/VvHOv+IeB0H5PaXA8iVhv1CtMsCJh9RAiGfwPivroEBm1kA+buerQDOzWr/0qGnA/Tz3v/aAsb9us1nAoMqCvFNJAMEYKp0+J4eiwFybqb4bTShBnNeyvgyayEBsKfRAZVzgQIBp478Fauu/XPANQakKhz+brlC/Z6OmQCiP0b6r93NAM/pXQDDhDb8QphDAQqLEPxleub9TlV7AeEKOPpNCrL+Dqb/A3nGmwA==
无边酣乐之筵,JOaAwDO8cb/hFni/QrPbPj9/PcA8xnu/RmwewJk/0L9wAV7A9C9bwPzhDEE49OhAquE8vzcVv76QqQhArE89QK5B4kCmg3+/CuUHQEQiN8Bgh0g9XE+KwIVCe0Au6ybA8gP2P7mOIMCaBmtAoJxjQIomXUBHz49Av+pAQMl1DT+oE22/CrTVP6XFFcC++zZAFybjvtgWtcDleAVBmXpyQDTtlL99h3JA6tiBv8qfT8D3BVxAP/0SQX3oRECBANs/+ohgwAAnmj+L4CrAFFUVQO3Nt8BxFUZAQ60BQG4D0sA0fL+/9uBtP8AtOz7qpLLA5h2kviarJr9g4gQ94md6wA==
沙脂蛹,YkiRP08y3z9jdIfAQgG/v0mzRMAkcC9AxsRAvxrt0r6kUxBAV7G+PyqEFL6QE8m/NpGMP8m1asCgtiQ/QvhzQN66Mz+yoIs+fgS+wJB5jMD8qQNA+sQawAh7k0CZxnvAv0SSwBLCWcDugD5AHWkXv6qg0UBECK7AzMQdQGCuN0DY5ffAc3XuwJVLmz+eA8K/8rWkQPO6v8AYaVY/WuPVwNZYLT+/BxdB4JjLv2EkfUCBfidBww9iQL2rM8CCb8m/kxi5QACAKzhfHu8/jIu0P4WcE0ApN2o/uOPxQAPghEDKu/q/TrwfwNJjRD9f1t7Ax12Tv+TTSj+rke++IdnNvw==
黄油,lpDLv/KgTz73R76/vsqgv09ZIr+EUMS/1bMHwHL5I8A4VPE/ktJ+QBJ1pkCyHQRBvul2P1hMXD905GS/sTSgvz81h0CCEu6/CAi7wDIS8sCP6lVAwaqzP8L0LkF3B8vAn7gFwDCKJT9L3vlAjL/PP0xjtkB/Wca/0pWnQMP8vz/PmLfAbYEvwL57I7+K2YU/oMN1wGbpD8HfxP+/HxJUQLYLPkAdhelAO64lvwyCOUEK6NtAeSa9QAln4D9Ue9u/omoJQWA2IsDsWhtALlzrP1nohr/2MgVA8UU2QJCc3j95AZ+/aspKPoY7dr8exAvARaEDQMzyaL8i6QzAG+vBwA==
金色弦丝,1QiMwILNUT7S1NC/pGaUPmhBUsB4uETAuSeJwIfD7L8B+sW/uAPrPvcLskA2b/BAR1QNQKEfmb/yJ/o+3EQSQHDtGUBmTHHA8kENwBQw5MAvg0lAGLRyvsQ48ECDqJbAh5KcP7ofg8AW1ptAKnpWQM0WzUC9a9W//AzAP3ogrT7fcMzADEa3P9Jaur8kGOk+QMsmv4ssBMGBgVNAH5Q3QApICz/4dtlAwFnpvcKoSUDz1tBAo/DqQOdaqj9iO6q+PCGBvmCt8T2qaWe/ZgBhQHHurMBYFm5AgkNMPrCLaT6z1iHANQOoQK7M3T/82tu/QFtbwBw6yr+vmGPAl372wA==
松茸,zqVGwHfAY0Aa7LjAVV1nwIClvj76APe+Q3Lov67tjL7xhbhAk40Ev8R+Pj+zKbtAH2wtwH2idcDoBR3A/aVyv3M0HcBiAtw/RtgLwTI4n8CSb5tApFd3vgI2ikHFQgHBh6JUwFhnqT7R4TFBPECoQLyXykAEg2Q/rgHpQFboY76FI4U/YiPVvTCuGj1WJqk/+BGUwO48+MAUjXm//rZeQO85PUDSeTBBB1fSP/q+9T8TIAJBFD9/QMVpTkCVEmm/6dUtQUKnTEBJK/hAWx/gPh0KJMFaAINAKCeHQB7uhT8yr59ABtlKQESuU780dgnAiQelvyfihL+8G8k/cIWGwA==
微光花蜜,2l4zwFru9D9PebfA45FYP3SWlb5WTeW/hqqVwH3mNb81wAFAmbAlQOPJ2kBcJspAVnUxv4gMj8Cywg/AHUJtQFyWPD9Soju/ZIH7wOpQO8EkqtU+chEfwN50Q0FYGevAStvmv++qpb/+YQtBME96QA7DDkGk+7rA0enKP36UC0BUU5bAM6RevxDJx74g8itALuGbv/yyHcE+1QXA5nrCQE1y3j/eFyxBLoaqP9GSBUECZFpBnoL0QIgj9j8AyW+/eQ0MP6icdL6D24BAyjy9PkOXqMB4sGBAVhKqQMhLg0AVKKS/HRzKP5TZ7L5DxbLAvmKMvxIkpz/+W+q+zOi9wA==
自在松石块,fA8gwGroT0Dz8WrAyfUzQGKTlL/gUko+/78gwec8q7+RMCA//gbnP22KGUGoiGVBFz6Zvy14Qj8XMea/TbyRP7y5WUGIpuY/dqzJwIKhWMETkBVAHte6wMPth0FWjdXAwW12wDYFvb8BZTlBjjUQQFez/ECi8Dc/IlrSQPXS9D+o+kBAZP3vPvNUT79ol3w/YgSYwAHwNcExUa3A1r2lQHTSB7503zdBXgeAPpBRFUFouHVBoqEpQTb19T+dxgPA0XgkP8flg8Bl04o/IYmQPobCcD/Tx6BAiqAcQS/MhEALAyA9+1wLwPXJnr93VADBiQDBQOlZeUD8F6A98gk1wQ==
原海麟角,TV0uwBBz/D5mzJrA7qzhvvzJI8CMJiu+TXy1wH5lDj9smSq/Pp+fP2mU6ED4vMdAWCSvv9GoqMDObQfADPGeQAgT0z+CGts/kGGWwCqpycBwmK2+o2ldwAtRDEFft5XAKBvYv7wIIb9oLBVB/TB5QPBu+UBAgarA4qPhP6MyFUA3KIXAJVIPQCKd0z/ucaU++IivP57J18Aat1a/nPcFQXw4pz8jDQ5BeGb3v7DtVUBALiNBK5G1QDjCRj/5gMK/1uqGPwC6Kz/1mk1A7EDPvR6il8APUhxAnTKKQE54LEAogfS/rTcJQIrvwD8yqYPApIhgvzEMFkARFRw/Hg63wA==
坚牢黄玉碎屑,PsORv2KKK79QcRm/fjCfvRJtKT+4w8I+/J1TwED1iL02yhvADks0P+0tPj/n345AAFLjvqj4fb+0niq/XgsEQC/kikA0J0m+eEasPfnyicAcT8s/1a/Nv6wTxUACITzA5kiAv+ghlD9aemlAQoalP2DozT8t65a/TqPpPqheB8AyKIG/+stoPrwzJT9vRKg/Iz5FwGEidsC2pk++PoqoP1DjDL96o4FAWHBKwGQAakDRNp9Au6ZdQDQLD0Bhlp4+wvZHQKiwCECfhH4+bA13PoxHdj+/NCBATY+PQJ3JHMBaS1m/urzHP7LeA8DtZRHAun3vP5Fsjj+NaZS/Q0n+vw==
桃椰子木,mDiNv/rDjEAA1uc+YoqdPphNZsCssPe/GoTyv0CmgsBzGjxA4b4YvzznaUAMw8xAVN/fvn+YIUDC9aa/cBfOvRQGnUD57IS/OWBXv+AxbMCW1gFADi6vPlhYL0GpgVbAjEUrv5Yzn74ydLhAPG17QLB6PkDY44a/D0HJPsZtgj+yY8fACMuIwDMlBL9idMG/Hau8v03nm8A+Q9c/jERvwAtEQEBdvrtAvfeWv7k2XEBKapZAGpxjQCsfA0CdwYa/Z3e/QEKH8z8YHla/O+HtPSTo4L/EmoU+TABZQEt7ocCa/na/OtQrP6aIRsDEtQHAi1opP3T49b2JNovAQp11wA==
地脉的枯叶,J1NSv4jqlr6+FKnAt3Hcv0KEqr65XCBAC0JMwBhm076boC7AzskNQADoO0AQEcZAwGR2QAC2ZsA5OiXAHyOtP9SJrEC6tli/zZrOwH46AMFQ7LZAC3eov4tEa0GMLt7AiWqcwA8WO79k1h9BAgrAPwI6GkE2zMDAvjORQJYrBL9/xfHAaB7OwNiI5b26Ga4/JexSwAORH8FQYZS/1nFBwPs50j9MCR9B/eSfwN8mz0BZazFBZbPxQDzHXz6QwhK/8ZsXQXIcM79AfFtACC4DQD/VrL9qCCBA/jrRQFXvoEBz0pK+SDihPzH7bz+T1djAbgqLPwG9lj+eTNK/WQQHwQ==
夏祭之花,GFOCwHzdE8AcEg/A7voiwHLz2r9ccARAURdywChteD7UyoC/rK/aPyrMZED0esFAO6D5P/wbj8DW7UJAtaoPvxlhz0B/fzs+QH76wM54ycBmejZAvn+QwLRSu0BUIorATFfev5xk4b4UlcBAjydVQI5znkBOng8/hKLAQMJBwr/GxyNABWwRQG35CL+PHkW+sFVdwLro2MBGORVAM7KLv4Aezr92HPtAxf8kwEABFcD7CrtATkkFQYqOmT8gyKa/9MOZQN396j/ksyZAZR2sQLJP78BTe8RApYreP/rcNUBQiS0/tAj8P3sWij/UY4zAyX0fwC7ktr/XHKS/EStmwA==
咚咚,+yuhwKz1mEB6nTzAkXJKvz07v8C4WxzAtJ5AwEB+cb2fM23AyqEdv9TuWL8aTY5ATDtYPzJRGMDgQ+e/aP+IvUXB078zTx7AAYOXwBUvzcB5gV9APMa6P+XKBEFiqAjBEJK4vR7UWMAmJOBAtquaQCxxu0CZJ2m/xIu4PmqnjD8uqnS/Hs04v29BJb+cEpA+8qIMQGQq4MCEjbK/JtVpP5+Flj/agTlB2GTwvxTI0r9H+M5Ayn5FQOos9j53hyfAWCDBQOITo0AwUbC/BCqUPx7XDsEXC0xAiKlmQKa3BsBXkvy/ozOMQGrvMsCpiJ6/ArwiwCOeN7+WKwTAny3CwA==
「图比昂装置],l3igv7C1F8Brc2K/cx4ewN/DB8Bqyqo/qrwnwCDbKT46GzfAsJsiQKa6lb99ED1ATFyjQCJTM8CKX4U/h0+VP9J9FkCQD+W/wfuWwJN1OsA6dPI/5t4WwLIMnEBeY0rA7BT/vVSqzL/i06hAgLKiO4wdjEDLIzzAyj0qQKNY67+ro4DANvUfP9SpYb9xnoq/xNUpvxw7pMDtUgtAjvV0wIoqdj+x7KNAbdpuwBZmjr+TD5pAXEynQFuUAMCVMmW/WLKZQIZaXEBE8Dc/n/1rQFZQcMA9zhRAScGgvvjmur3iOc6/Tho4QBxhND6ArgrA+OU2wFSx/78gHy3AnR8+wA==
野花记忆的绿野,rKabwIYdir9+4do9abKFP5i6fz9HjJi/Wq+4wNpUgcCCL+s/dOw+QHNVL0HOQyhB+mdsP2p3BUBDwDi/BX6fv9L4VEF6aZrAJc3gwHU+FcGqDk5ANn0sv5wdGUEc8unAc39wPmqKxb7U0dZALlkVQFxpAkEgh85AAtzyQKAckD5sla7AxnPewIP+fcB61QdATj3AwGstX8EsiKdApK8FQEUTv7/iUyVB6NoXPjAyRUGpOkxBsbVGQVToDkDG8hJAj1gnQPiaXMCIrEQ+pKR/QE9ZxT4IwdBAsnfPQDB/mb6N53jAmnrjvaSUDsCuk7jAZtSCQIp8dr90s3fApriwwA==
学士的时钟,eIvcvxYLIb8Y6IfAMh4MwK0isr9EbDFAqGuHwLadRsDSto3Axuctvm+uDUDNC81A2HFMQNBuJ8ATZnq/FCJhQC7oJEFL3G2/VYRBwNubqMAGps1AoJlZwMeIbEHkU+fA0BmewGKTjb8qPeRAb7aSvmRv60CvJX7AGmu9QA8QRsA864/AUDemwDvCvb9oVrc/IEzFv6dbDcHeShQ/0i4QwSl4Jr7krQRBIoDAwDEucj/mkypBMM0AQR7jfL8xxO29CNsVQez2aT/03LE+hhIpQJD9pz8OglZAzuDxQL0SqL+sqJ2/AAEgvsM/DL8gqxzBVm8pQKWAnj84+LK9+k3SwA==
飓风之种,ODVpwBDQhL3Kk0XAUqkAQFQPE7/A66a9Nej1wKrnuL/oTck/25jDP2JsCUHsZX9B8v2QvyUlQUA2eJ+/7S0Lv+u2SkFMrzE/GNfzwPhGVcGCTwlAL1uSwJo5akGO28DAF8BlwBwN2L4m7FNBmpyAv9TpCEHYO0BAzmktQdnWfUAxOHfAE9MCP1sHk7+TH78/rxT9wL6UXcFjFIk9xSbJQGhmHD4d2CpBGE8+QFCTVEG6MGRBVPxXQTfghUDD5d2/wpl/QEyv18AYEwdAZfsUQCADTj4kiqhA1OgbQdhjoEB9d9y/VCD4vz6gqL8rfgDBQlasQGZvvj9ZWKY/vKsQwQ==
[诤言]的指引,LquDwLdSi0AcfxfAEnLPv2CkqsCgdjW+LkenwJPnHMB9Tg4/e+6APhLhgEDhAExB9KIdvk9ssb/IIBu949Q0P5u2wECgRYw9U8YGwcH78MDgDTpAus4lwPr1ekH/YwPBmBIYwDykID41F1BBnh18QEAGE0EVhei+VVPlQDbJWD4+jwbBtW4KwC1Cl7+iWQXAlWbKv+CGCcHdhbA/MMhwv87tAECiekVBCzuJv4bEOkA4uylBi5b8QBWanz8OagS//YoaQWa+dUB76G9A63WkP56D68AYkYlAXPvEQG/KTr8Bbam/DmKwPzwNj8Dci9HAMULRvmBCAr/B6BDAPz2YwA==
真·风神杂烩菜,clupwCxCsMAES3U/Ku49wIP+I78aBIW/CBxawD6wXz+lRB3A6ry3P9RJdD8K6U5Bnf9bQBCenD8oSo6+qX58wPLv3UC/UJ3ApKuov1lN1r+VQwNAaO6OvxFF2kAUIoHAOVoUQKXrez8r/DNBsrROP+Rz2ECcSpRA98e6QIaAaj8iHAzBdxiTP/h7JcC2CLs/aSgvwU5+PcHhzRFBtuPPQDjPXL8TyPZARIr2vzwlAkHJ+J1Aw+4XQdQZuEAjRABAGwCkQNWfA8CF/NA//qOUQIf2ncBGH4JAdnemP2xQjMAeq1/ATDV0QP4OLcCkZLO+XLVjPpqGE8CFNz3A1rmYwA==
月色鳍翅,aZiEv3zX6D9zkZ7ACKSaP/p7CcAs/Zg/wEDmwO7ugT8MSCRAtPGnQANyi0DsLVhAhGjMP54+QsCWlNw/kJ3NPcARlkDapwVAYvBawbEnXsGWPwg/dcSrwK2mB0HdbrfATBlGwLrNMsB5cQFBw7gdP2YQ3EB5MxrAL2SiQAwvgz8wn+5AVT+hQHDY870hjcK/CGpBvr22CMGmLxbBBbUIvwaynL5m2yhBpik1QE7boUCIKz9BkbUrQZ7bBcD99ZDAUg/5v9ACcr//3nhAEKN4QHcWacAnj6FAWGibQKgMN0FmM5k/BxASwFrAHUBGiNLAgmiJv5uduj5MXdG+7s0AwQ==
今昔剧画之恶尉,AnE5wDT/bUA+wD7A5CWsvhfbaMAp4Qi//upJwL2L6b+2saFAAi/pv9xPoD8AzMK+Up+MwI0rX8DreQbAxNJAQOhVEb+hUe4/v7idwPMTKMBKxh1ADJlHP0z49kB5Hn/ARXbavyp9nj+wgoVASH+DQNrkUUBgVTm8vkNaQExmCT/cuATASnUuP6quGEDNYEvAmhVWQCsXK8Ao7QdANbNxPx3tcT/spLpAa9wCwHB2GMDoM6ZAUl1MP17thz8f1Uy/YSUQQUa0qkCqrldAEFKnPnkDdMBYbT5ASdSHQJ0EZz9BVjM/6nMlQLt7UD98sM+/66wZwPQXR7+8Fdu/UPZ7PQ==
今昔剧画之鬼人,OfifwFDnsD9s21XAPeOBPwzUjL9KlDA/gSuHwIPFhr80UkRA/28EP0Xyij4dc+hAvdrwv82+EsDLu++/KspNvtc8ckAUlMa/wiwuwUPyHMFx7+ZA7FRoPxpQPUGkOdDAKkl+wHBUhL9odfNAimZwQBEc3UAYRuM+0tP5QBMbtD/o9UjABk+VwOgKjj4IT1w/djwBwIctKsEVyQNACt4bwA2Wqb9sqDlBthmGvzgv8UBnhD1BWG22QNicJECizhW+U6lDQXDjLr8WWSNAuSZjQCTNEcAciMtA2p0LQQiF40BSqY09KWo4QBDpkT9oj6fASgy+PjxFPT7ZmyLALO3MwA==
孔雀木,sOZjwO5opkC66lY/IZy0vw4QscBvsfu/YCGSwGoqOcC4uZ9AP7Gnv2LMcEBQgBlBfC2VwJIH377r8ki/zNOnvkIYlkCov4o/GIhDwDVkwMDCOwa/UaxCv2n9O0G0KXXAwGgDvBUdlECkfSZBfNSOQFqOfkDIlLm+O9kFQIYks75qA7PA0Ut9QIYQND6JaY3ALGU0wP9GXcDaZbs/IZUxQKBL2T/xKb9A6E5rvzu6qD2QwJVAQYGDQP0dlkCKCBs/AY4UQY21tUD2NGJAJ7lgvmCCs8DQVjpA+71fQAvUn8BqkpC+eovaPyFUwsDTYDPAgJLaPQ5ePb8soZzA9MIRvw==
染血骑士之杯,mjOvwEd/ZsAkXVHAb7qQwJVY2r8vAN0/76AqwAgmGb5GMPa/8/wOwD/zgkBEYBNBa3laQNJPscBD3ClAfCOcv9pQB0EcXSbAxzvbv4D44zzk1JlAYEdOwHlD+kADR5DA9VxTv25FIT8SofJAcC3MQANO9EDnDkBA29yNQDXv778JX2fA77q8v7J0vL/+j+c+s4OLwBgB+MBSmBlBtrr1vqZrBsALMPxAHoXKwJrVS8DE/lBAG4MAQXBasUCtZhpASOq5QE6KJEDUs2tALNekQMblAMGkwLZAJPBJQK6bSsDmg+c97hQHQKBlrT1Cx4zAwboTwCTkAsD3si/A9E5YwA==
[笃行]的哲学,xUyAwEeioUCM+KM96q3UPiUWmcCDL/S/oD61wIxRQsDKgZ1A1LXbvlUe0UDhpRxBWrJqwBVSVL7aLOS++/7nPxbJc0BsnCa+yBvlwPyT5cD8/ss//XaDvx/dQUEAeszA00XivhFGX7/qzwFB9tGkQDuUuUCGpwNApUCmQIR9uj9rw83Ax8CEPwzKkr74aNy/g+b9v2hG98AarbY/6utxvjxPEz/tszNBlkl3P8qwS0DCdh9B2mO/QJ01bj8qXP8+Zn4GQbHzU0BlKKE+9jS7P7wXgcDa7JpALejWQOSRw7+u6N2/ojv1P+UFZcB+EorAsIVTPdDbPr8jBHnAbn4nwA==
加固机轴,0mj5v4HDX0AZHXfAggBgv1oubsAgxnq8rJJHwDJ4Dr+Ha55AbsccwBVtnT+s+KA/3lGawKp1bcBjHDq/tVCjQJzNAcAADeg/KO1qwDysZ8C04co/F9YGwAEs5EAQuVHARWZKwN70VL7IJKhAmuHuP2KBb0AKwALAjj07QAmfK0A1fsO/LjROQLLNFEBTvivALZodQKG0h8DtSMM/VNisvWGTdD4dpfNAvsJVP9uEHsD1vvJAk3EKQJ23FEAl0yK/0DavQJizREBVUEFAHCc3vpZt0r9DFTlAfnvpQMLRvz5s2gQ//SPVPkxmoL6alqzAVUDuv2c8BD467aU/7JoSPQ==
守秘的魔瓶,i2NdwMvyoz/A2HG/xpWHPdWXi8AwHTK/1tkkwAEsBcD6A7Q+eYT/P2aIcEB1IB5ArU/kPnJGmb/rEHdAtbgdQE77kEA+EIO/zLgPwbywQsEmcZE/vz8AwJsuIUDcvo7ADrxjv6bvpcBPt+Y/xKimvtn4pkBFhYi/za2JQJtNhD+lZF5AUT8XQPD7iL8AD/C7tw8/QIxz7MDZuIy/2lpzv7l3+z7oZvRA3NL1P8lngEA+IOVAmskJQQgPFMAyRFfAO7ccQJfawL+2jiLArY1vQF2TJMC6oWdAvvUGQCRYVUDuUADApKeRvyXmGEAKj63AtDOtvwLKn7/qBIW/O2eFwA==
故人之心,9laVwJgrGcBectO/Fsu5P7RjZ8ACcW0/OrMiwSY/qz73BQfAgPL0Orqo4UB4iSlB3/vSv5sSZL8wtTQ/SzddQPNFPkGEW5E/yhKawFiwKsFrqo4+P9TlwKxlvECGBTrAO1Kav1N4kL8/gAZBSz6Ov4RBpECaiLc/IAncQPAhwz+p2IlAntkMQbhMAD5kXwG/wAZ4wD7NCsFGcKK+stKeQJgpL8B6dt5Asy9nv1vWuj8W0zFByF83Qch0oj/CDq2/xpAtPs7Cx79udGO/Mh0rQDPwyb2OZ8ZAu/3OQGpfC0AXORHAvuBVv5DBCT9iSQHBdqE0QMQYuD+9J5M/EFy+wA==
沉金的岁月,wEXFwExRSj8GPbi+NqjEP4zwqr8Qq+a/pyKlwMj4tMADbs8/ruPEPjWXNkHOLvZA7EJFwPRBhr9ApSG9L1rUP3W/BEGYXM2/UhSPwLJnBsHUE2FADphdP5usDUHPHbzAFEaqvu4Tiz6e5ahAfN7jQOHTwUAm8lFAdvGFQCNa/b7U3snAgnrDwM4krr84iy2+xubVvnh2/MD5C7dAjjCOQPaICzyrhQRB/Ut5vxhvnkDvhQ1Buyz9QM5doUDwD98/ZryAQNgP2T8eCZw/FhIQQONllsDk1LpAZkqkQJCqob9k7jbA4UA2QKwbnb4i13LAhrppPz+z1r8o8nPACuaHwA==
螃蟹,H2sTwDy8MMDEoBxA3VrLviDYu786AAG/F10fwC8xqb9mPeK/GGfAP562TUDqT85AKZeiP3R4uj/qghs/HxLWv/ebqUBv0mi/jOFkvwqLm796SsG+cM/PPItgH0C6mci/5nfnP8b7AkBTN5RAHixHP4aCmz8H7AdASG8/QFGsg78BlZfA+rkdQAza3D1Gbg7AZT1bwPUOc8CsOHBAeA2HP44jFb4OiB9AlAI1wMw++z/E4yY//bOUQBxUCUBHH6I+FzeFQLaRAEDluYW/tAdUQGD9lb9YGSBAkyodP92zH8DUH0nAPRL+P/GQEsB4idg9QPEcvMDsKsDMhWzAMJRmvQ==
星罗圭璧之晷,Z/l9wF3sNT8xWBfAfm80vwW2FMDCNDE/2eBWwDALiL8276S+P0MMwOn8aUD4QtpAotKFv0tlPMBOGm0/3H4kQGSnvUCATcO+eUOOwIu+h8CqOG9AMt8AwJXT6UA45I7Aa7P9v+EUOj8n7q9AuUp1QFcalkBsq+M/fD6cQHQNwL8kkaW9qpVevrL3hT8Af2y/g7oXwKmYqcAEHItArIT0vxhoAr8ndwBBJb4+wF0AN8D9frpAWkirQH5TakAHn7Y/tyr4QDJclkB+5whA2JrgP/+1YMAvGKlAaZrSQPHzqr9Zm7o+9NqUPxBIu7/ne7PAtacPv9p8Z79B0m+/8srBvg==
[纷争」的教导,7Pi+wDP5qUDEf+8/KllfwIbuyMCIawPAbiKiwIdUg8DtcMhAkYEFwG4vTb8pYl5BOXB2wCQkDUCwt1g9KeUewKCSlUAYEpc/s2UNwXZ7DMFUKpBA4JSKv2NAp0ExGgDBtVwNwCrIHT//nF9B+hENQBs/oUDUHR9Arq48QfeaX7+v3ADAsX/aQMPjBcCsGq+/MvbtwOkiC8FDhXY/FNacvsbtO0D/XBtBu+HSvrHRBkAK+8VAWUjlQNyYPUDtqcq/hO+lQQX+bkD3hAhAhDlJQPQUC8Hh6KZADuVGQPatkcD7I8Y/FsiBQL7dl8BRWS/A/PUjvvJQO8DgIlnAL/uLwA==
杉木,ktUUwN0RhkA6YgE/0/Wnv6QBXcD8Jbq/c7IZwH6A2L8mbaxAxaypvh0J7z80E7lAeK92wAN08L6K5KK+Oaouv3CeHEBg448/5nVwwChlmsB7mEi/bMlWv6msCUER8kLAQAWjvQLgS0DCau9A+lteQAKeKECAEMc+J+P9P0jWxj6xZVTA06HsPznPqz59yTnACfYYwMHtRMBk+68/1b4aQPbWxT9nS7JApoPEPoSggj9v+oRARrY4QHnpVkBQpn+9CpzzQHlOhkBCT0VARtJgvdgRnsCEPxNARdk5QEvEbMAcXIs+KQp7Py1rlcAeBcy/YuawvodUHb8+RVPAltb3Pg==
异色结晶石,3jN2wInhekDOvz7AJecjQGrI/78HpDLAQ8bGwDpnNMAqC1JAAfkzPt7YLkF6/S5BafhZwCOMgj+ve92/sIBbQBIS1EBPs5G/fNmiwFqjjsHMPHI/iuLWv2uCaEFbJPnA6QCdvyBlTMDpuA5BvtdxP4N7FUGEIIU+6I+NQFtmBkAuaCbAkbbbP1jkpr/CXiZAS1CPwERVTsF8ZyA+GI2uQP3tVD+m8SpBXx5PQJMMLEFegWBBiYBLQQOSXEDWpOY+qNX2P+NnMMBDgwO/eotRP96uqb5X5pRAbzEWQa4y4j/Oyh/AYaYNv+GTvL9JAwnByjovQE6JIj8eGALAWoT1wA==
纯圣露滴的凝华,JCwQwDc9Tr+a4TfA+NMwwCzbnMAiNH4/El2fwAir0j6k/Mg/OydiPlTiNUC48tM97a6Ov/9Iq8DnH6m+JDCDQJMbkj/4bx8/tZGFwHoTUcCzwYg/qF8qwG1wokBuSTLAHFCOv+r9PT/hA5ZAZJ/mP3JdjkCCONy/mv8UQMF3wj5EScK/8qJcQO80OkCk5GPAAtSSP4z4bsDQuMs/l8YYv37GC75tArdAw7qlwOicWsBrB8xAaad7QFJcAb/oFRG/QDSzQAsBu0CllCVAFV3OPxb6Q8C6y1RAvHlHQK6sjD/WwXS/pcOuPwdngj+cZWHAAqYzwG3LkL9jBwvAixiQvg==
燃愿玛瑙块,dBnov5n/U0BNjs+/oysnv3V2lr4GbNa+LC/qvwROhsAwotE+i869PqghEEGuvRxAiPSav32dD8D/7qc+oUNdQKiimEAE9Ow+15sSwGJBwL/KwSVAIpC6v2bNCEH2KaLADM6tv0EIL0BGGiBAy5fKQMc79D9Qc6g+qsYaQHfwIsCjhYjAezgOwSTlqj4mq3S+Om7HPwpOOcDLj9w/GMSpv4YZIkA7Kb9AfSj/v9mlYL+kxKNAHsweQDnm9z/QRZi+iyQ3QJBVv0Ap11pA5c9Vv9OHqMAc5E1AWns6QKuzx8BDYjQ/jseEPznQPsC3BXzAlGkRP2DY6zwEFlK/JLCvvQ==
致水神,lpUmwSg1Az7SqNA/6C3xPxZf778grILAzHQowaQTo78Cj8g+rpxLPhJhBkEI/EpBZHijwPJnCEA1d03AgHwRwPTW+0Dw1oDAe/yPwB7lYcESyCpAqLjTPVDzN0EdrtHAogpZQHg6Lr3GqUpB9rGXQAIf2kB7sRpBohapQLEEFz/aPzA/vsauQLNbXMDO6ra+gs8owVUfU8Eh+64/0LZsQajgzL9UdTJBxmeMP6lYz0DIwSNBOYBBQRHZBEEEUeA/EXJdQGJmDr8e9ra/XjdDQMkdBsG0BAdB3PqRQJpoKL8KDj/AkPbKQE+UPMBQoYs9KeGtP9oNNsAU8I7Aqs/ywA==
隙间之核,SPZHwNdIAkAWcXTAJfCivnGjAsDAnUU/KpmkwFo9Xj5yfJ+/IZIJPv4S2z6x3PNACHDMv+vej8D2jJy/M18NQCKR3z/s3zdAOwW4wG4+0sDWYhBA3Tnkv0v/HUEzbpbAFvlGwAjJ5z8ksRVBcsF6QNQBokB0M6zAMWI2QFjDtL9zeXu/e71gQLJS1T8a3mm/ePqmO3iUOcCsbiXAQeZ0QAjOXD8UtN9AKKc1wKoOjb/qMsBAWAYmQI4yLEAGk8O/upnqQMA9fEA6pJ5AbpDqPWAkqsD6xmNAHLuDQOsuS0DkPRk/Yx1TQH7XtL5HAybAGZ6cvzEuhj8oB0u+Ov1vwA==
幸运儿绿花,EjMSwDMjtL8/WB7Ac9v5PsSuaz4ev98+aYRVwDIFmr/6xJe/ZuFbP8lLn0DI1Z5Adr6rPw9Wjr8Hb5m/4PUOQIdpzkA2cwnALBiWwN8fsMAoIVVAuFfXvwni0UCcUofAjOXQvzIVc79a0olArL6CP4cWqUAtGAE/acyXQLzADT9bTBbAQ0lBwF6pf7+GK+M/SR4ewFj5CMEUqQxAWMa9v3LkGb9rn9FAksPov65UlUCIOglB+zbaQKsDSD5wvou7mCppQBqhvb+AGso7S5LyPwTo1j0kol9A7oGhQAxKwz8t2Km/qsofPvSeAz9rH7DAr53WPz2xNT9I18K+r0CFwA==
[秩序]的指引,wgs/wGDJkj5eHPm/IGgSvyP1B8CCqYE/d0rSwEnOF8DwYzG+nAsbQEhHL0DDXhdBJttsPwf63r8rA/G/5uzUPoaD80A8vZU+wqABwWeg6sDzhpVAXOzGv9aie0GTk8HAUAZMwCaptz91eS5B0tolQB1q0EBZ9lHAwg3RQM0RaL+t3cvA5gQLwGDMA70l4rW/aD9ZwLU/BcG+bvG/1M/Jv196IT93uwlB81+FwIX7tUAzRCJBWJvOQEDiDT2w0pC/FOYnQYj9YD9URhdAMq01QFzjH8A7g4lAQr2qQMSRXkCjtmq/8dstQJyMXL4HGozARMNSPxFg9z7MIlDAODjswA==
恒常机关之心,a8yJwG5Cab+QWhq98ByXv2rrIr/sBtM+2LeowPZKKMC/6ck/x9LMPznKhUBeWChAQCHWvkDPGcDE750+EqzXPyqw00AEx7O/7s3YwEJk7sC22IBA8/vDvyDyC0Ek4IrAcFnxvoAo3b43i0tAAZUaQPIHN0D6zdg//di2QOAcMcB558Y+McDMv2lzbb9oKkE/7Zjsv2Fm8sDj5idAwowFwHYKkr9VY79AFqQ8wHaBKEBOzwZBhpnnQLr/JL/AbVc93kfBQPiBHUAUBma+nYuIQDo0QsCz77VAOP9NQCAwEz5+chW/1SYoQBYKpz/2M33AMCV4PUg+rb/8aFXAnv+BwA==
虾仁,mUu+v+Iqlr8KoqO/IPBev/hfEr3u6Fs/J1bFvyy2cz94EptAvc1pQOiAGT82fIDA2BI6P5bZg8BSB60+jurkPSV1RUBewl/AK+zqwP1coMBAle29EJ0vv6AOEr+CjS7AGNU1PzjcQb8w8BO+IPzVP9PrkkDrLQxAFyK6Pl9bgD9GGgE+7neBwMgZ+j0ShKc+itJ9PyF4ysAGpjdArRdBv3k57r/JlM1AoAoAwOGF40BQXPZAmT2UQGRw3r/1yns+whyKP6vQcz9PJZU/RFgTQHlbqL2en0hA/tZAQL6lJECELKO/qrDAvxvWCD+y3v6/OhzzvvPWuL5hzITAjYIdPw==
稚嫩的尖齿,LooCP+IUEkDbAcvAvPN6v6FmHEDgprc8knwavwS0RcDUCLA/8350QMK25z+Dp2NAG5YfQJrgC8BCuru/gOgxvFeRJkCGrqW+zuj2wHNsE8G3AItAhCXnPnqyakGQ2ADBsRudwFzlor8Q29lAlXcjQD8n6kA6JdTAwdthQKVDHb+eq9y/Ncf0wMXwtL8QqzVASNXhvc+NBsFmuavAeNMgwMT5X0CFqg9BYjdHPp1KF0H0eBpBF9enQEaoJr4dRjTAMuW4QO7BDMC285dAw848P/GT7b/xf7Y/vISSQG/pmECcwKE/JMnFv7AkEj3XYaPAz1VBP2Klgj+6uPU+OYPTwA==
勋绩之花,8YuKwO6D0T+4O/2/OPyFvgtHxL91AVu/jnMJwFSpoL/av/2+Aip5vzUXVUAevhFBMyWnvkIGVz8OSZY/67KcvnoUwUDROQfA2HXCwBvKqMD7UNA/LHEcwOKo/0B/Vb/AsqocvwYY1L8Uj/VATzkCQP3J1EAKjklAjrTUQPSoGEAGN2vAU8NHwGg5K8B/XNk/ip8wwIz2IMHD1MtAyhe8vurpgb/nbSJBikjLP6TNj0BUxhJBFVMFQai84j8t03U+ZRdOQGuLkr9RWJU//tokQIcykMB+93dAi0iwQARosL8mPPG/aAuEPbA8L8DG/9XA8/YkP9r3Rz8rHk8/Cbk4wA==
兽境王器,YMo5vuNehECau2rA2akFv8/IacAqFtw+3L1VvxiPrj/6N3NAxlzVv6zokT9wnCM/PoE6wCwK6r9HJGS/bsZ1P9AQjL9uoT9AOG5gwPsaoL53fXy//ewMwGOImEDm4gHAbm3Vv/Fi1D+tI95AYue9PyNTdECwfA2/kJf0PzT4SkBaQTPAT5wIv/CWEEABnW3Adr4mQK88HsCOwy4/urojPz7UtT+wF9JAkluJPxC3W7+K/pRAYnHEP2pAsz8fB3+/8qcyQBpEGUCDwZNApuIwv1eHcMCIBK09rz2lQJrKPz/5aWw/MOKOv5ocqb+aWXzA9h6av4o4oT/b6zI/aMipPA==
血玉之枝,NY4OwUb+zj/kr9nApKhxwOHPy8BGZVXAGFXHwM4x0b+sXqc/lsmOv4sG+0BOLXhBxpxvwHaOlMD6SY6+spznP5WKsUCsOTs/7PG3wEodYcHSRV5ADzGCwHpmq0ElACfB9bXgv7gGo78bDqdBkFbKQJcAaUH9j+XARIbFQCSUdEAJHI7AYGCsQKAVbj3kekQ/VPnhwGoyiMFQrpRA2Os/QfNZbECu0o1BENETv3Say0BaWWFBsrl3QWNzFUFPsBbAhLASQfiYMb/ra9dAy9+FQG2lW8Hc76hAV22cQBtvJMAI4lu/Joy0QK+9uz99l/7ARLFMwPYCRz5WnMu+D6lUwQ==
祭雷礼冠,Jo/nwN/oij+4qRO9a73eP9aKl8Dk43nAgKQkweIPmMAGWtg/REsNv6LjT0GQskxBlFXRwP74Gj42CH4+OD5cQPChJEGF2gpAq5mOwHdVJcHIgBLACOFzwK7SM0FAbonA9HBTP0ANOECCdyhBKMKlQJb/pUCmAqc/wBXHQCN+rT8UDCLAb6oOQQa50r4k6DW/3AERwAJC8MAcy5E/TPFOQWIGx75H4cJAVgduPzgCv0D6nhFBAN4vQS8Ql0CTvZS/Ui+CP2pV6z6EbIU/VpScP4PFscDDxrFA0EeCQBZtF8CXY0vAaBt8PxBnlL9McKLAT9PGPx+bdD9QVXK/wzChwA==
[焚燔」的教导,Z1TGwKiI00BuiSdAdu0swBOiq8AdBSfAhp2HwAlhrcCychFB5Hayv+TFZUCVDzdBB5mzwKIoFkASAnC+Jg03wCZekkB2Ul8/K08JwZBq+cDi64JAAn6CPqi7lUGfEenAFvrAv65mGUAghztBP4yXQBN0lECFPaxAhAMsQUBDnb6Xnr3ANZalPtI75r/69SXAsEinwPlv8sCDckdAPIVHQJ1QckBJsxVBRJWAP+u0fUBGkrNA2hG0QEocnEBzCE+/aLOQQUt0ikAl2olAb5f6P0ifHcHhrKdAzi8nQFlrqcA2hcY/VwaEQN9OpcBEkXe/gFPSO82BdsAlEJrAu18fwA==
混沌装置,fouPwHArF0AxiiTA70WSvgZeGcDVEwXA7IWBPVIsXMCxoiFAzPamPcky6kARDkm/RlZswI37NcA7mMK/cXKXQP81Z8DKU7y/A+vAwFnf0sBaVSlAGNcQQOKvVUCykrfAQP+zv8pBlT6MopA/lmBvQHv5nEC2rqg+ayVYQIYlKUArFufAkibIwFdXpj8gvCQ9lpwkQJbClMAk41tAPiaXQDwoXEBR7fVAfeR9PzRIeT/awb9AmEUDQHdtU0BtzpG+b2fbQH5DUkDFnzJA5mynv2ykzMAzuYVAwfNFQOLXwb5IOgLAizgnQFDGkr/YcfW/WM0ZwG5gXMDgSf0+7w0iQA==
蜜酱胡萝卜煎肉,AhgEwRQMBcADGcW+zgENwMOjiMAwEB3AGHlywLs0hMAVbYBAKCk4wIZZlEDmnsNAQnBtwAc1Or9+Ese+7ElSv+a8VkCL7I6/g2RtwKrYDMBtpp1ALQmHP9ZX40AvdWbAJNU3vtJ68D9i4K5AwHy7QENFeUDaIqdA5joLQbTOJECUH+7A7/sUPwY0kz/ccBvA0VUWwLak+sAJUCVBkxdkQMjxOz+A7uNAP4asvg7dUr8SVYpAP+y0QCAD3UBDLWW/qFguQVaLwT8IawFAd+l3QMDjC8GC3MhAEzoCQP5LD8CKvda/23iEQKMTaz+7MJi/24tMwPpnlcAwI12/QDfBvw==
灵髓的根脉,cG67wMVRqr9tIzfAMfeIP7vXXsBwATPABYYuwQYKiMB6TArB2WIKPyANkEFAFYdB/lcvv0rotL5dGoE/M9S0QPyPQEHZgxlABabiv8JRKcF0iJg+JozRwDVIckEY4cTAWnHGvpQIGT63tUhBxI+gQMWrxkBbgirAXAa9QByc3L92+rS/eqUiQWLfB8B7jKw/XNaJwBvXCMFwAibAxOc5QVpS0j5C6sRALk+mv1GSlb7bAA5BcG9hQXIyQEAfvgjAAa2GwMhjm77wAAe/KT4zQOHJ98BH3rlAjFUKQMYlnL/IQBTA2khRQCGVZD+aasnAyBAKP3/Laj8inFo/HlMvwQ==
琉璃花鳉,vLo/wMLfwT4ECP6+YqLBP9+hxr/Y1IM+lLSywOoB/r8CGQjAioA7vzWv00DJPjdBLS6mPkS3mT+9Zu2/uynVPh6sGkEUgG0/eK2lvgzeqsAu+MA/DoP1vzp6LUHU0E7AEyPOvlJilj8DwytB2VqVPyGnu0C98AY/FTtNQETePL4CegTBDjlbPo78E78846C/zjWywIW+7MAzcXRAHDtjQNC1Dr2niK9AN4rMv8IyQECc+L9AKRUPQcx8pUAEc4o/RFFSQMIhnb/nIHw/AdrvP6EPvb/AYzRACrGyQLMknr9apAXA4xghQFBtQr+SCV/ANIX8P1SXwD3qEf6/tDHIwA==
谧林涓露的银符,aPkBwOgvmkD+EFa/mvabQMIAnMBQef+/dOjnwADogTzgNj1A+hMAwNxsQkG0qB1BHMiRwFPj6z65YKa/sXLHQP/NlkAA/ns+bhrkv7uzUsF3rNe/+SiKwLuiCEEtXlLAx8vFPoXZUMA08eVAf9fBP+HquEAQC4w/qgqyPsdYdUB4RPW/lKPRQEgyNj9g3X0+c/zMv1jY+cAK1Iy+LzbEQDSNUb82mvlAuBOcP3HLlECJcilB63AcQdsTSUCkCtA/NBVKwOCcJr37GzrAnaWIPuqBjT8IVWZAHUgUQeWYlT8hExnANoqtPhCfKr/iZOfA6vLGPzE+sj/983bAIBXLwA==
北风的魂匣,AIE7wIiJDUHXfGHA8e0NQAHDkMBhqHS/n8QZwRtnqb8YJug//90VP5o/TkHe4A9BAcGywEtaHsBQinvACv9LQNOklUCFx3ZAjcAGwTTqhMHinXs/HqeAwCUgkkFb7O7ASuCCwMhKRUCKQHFBeh5pQF/uDUHNBmzAXxMzQLD7hr8UR8S9d8ZiQDzhXT5YcIvAvE0twJR+1MD9WCLB7KPlQH0R5j+aXjlB2BhpPwD9VT8OMk5BwLAQQU95kUAwAg++n65vQBXgYEDJ2cBAFRvQv7c3tMCqop9AlGYDQSsKpECnU/4/FKULQDz+YcBDg+vA/mtYP3cL3j+IrxrAROnUwA==
黃金时代的先声,tAM/wPoBJkBzUyjAikv7Pw7wgr8gSZA+1Kqjv3wvdMAcGQY+1wuQP1Yxv0AL2qpAC4gLP/g6Kb2u4nE/NObYP1r2A0Fcit6/vBLiwDgHHsFP6nNAmhW/v+eR+kB2Y8HAF5oawCy2McC1X55AtnjmP33X0UCgwxy89BKfQKt4aD/gC4vAfkcmwZT/A8Decq8/9M2rP5apHMG8Y4RAaqNRwHiVdz+dzgtB+PsTP0+FvkBHfh5BO/kSQQDcjz+A+Q+/RrAwQGmTzL+9aG8/s0QuQO0qDMBrKm1ARqXLQD054z80zue/PEPdvSwY4j7nlADBnTEbP8CsDT4UoJq/km6xwA==
「普茹斯蒂司」,MGORwC1BK0BvSIHA6yTkvy6X0cA6x2I/gG3IwDJK4T+tEVfABhIbQCi5cr7HhcRAISnJPz9pn8DcsKQ/YTq9PnwAjUBcxuO+GQEcwfChHsFgskVAkNdywP/JGEFCyvzAlODQv1B98b9iMx9B+ZBsQPLKCkHXaNK/8KdbQPXZND/6ZwNAxKcsv+DN+r2Z6iDAUMwYP2AD+8DaCVjAeGa6P7AHg7xubWNBk9rwvwrg6b6UXSdBVLnkQBSLTT74YCfA4I6cQCg3ekCTylFAOjYVQNNqDsEWsbNAK1eDQEQCHUD3vi2/ENnCPzWtgb+lHZTA5mj9v/xjZr6GWtK/BWrfwA==
夏祭终末,5zqmwN3wGcALzg1AOIrCv1JMmj/P0Aw/RpklwGaxO788S/PAQiO/v+h4aEByi15BBcHmP7GPcT/nkRlAw9jDv6D6EUH7ZCe/nJj3vyGrIL9efnA/ZyqrwNiJ/kCGCXDA/Y7nP0g8b0DzOBxBwvsHQPjE5T/Z/pxAHIb0QM9kjMDL3lHAWgUoP/LkiMBek1JAAfgZwW+ItMAWYudAH5GTP6KAtL/8Pk9AivYZwMDPYcA6Lu8/t4UKQbwCgkCS9ENAnLFtQOz7d0D6Kn4/6GlvQIzDFcG8mKhAwIu9uwRQAcEuvhO/jLaGQMfVrMAY05HAAYQvP8AODL92YXe+rPuwvw==
角斗士的归宿,U722wJ53FUBoll4/FyIvQDeSK0D/MNW/XQ6iwIMrQsDIega+bTnePlVTYEF+WE5BVP27wIC40D/cfH0+TJ6MPyha1kDB3zM/PtEBwRuHP8EQ2RZAFufyv0TEKEEZy6bALDirv4c+WkD70wlB0vJfQJtwB0AYbcdAS0sXQSLFEsAmqx9AgvDMP6ZmHsCWlc4/kSgKwf9n48CzKFe/bfH5QMD27D1BAtxAYCRLQKJjxD9jIOVAxHkHQYC1zEB0ehhADguDQKuThz8lmg5ANBmjP4ZywcBKGgRBjxyaQBpZnD+M268/Rj9aQBzrcsCCk5XAkJIeQF6RmL/p5Eg+0lHGvw==
众生之谣,znGawNEQSEAnS0I//Gehvu6wgsAq03g/rPKXwEq5bMBQiLpApZnbPxswqT8CEL1A0MvYvyKfgcDaZCZAWGt1PYREzEBwvoC/OJsxwa+JK8GghphArHJOPqPCA0Hkr8jAu5Pev+hQLD4TIZlASqCwQKLqwUAgHkU/56+xQGtgHMDt0ErAPFl8wDr73L7U1o3AEA8uP6z6wMBJZUZAZrGywIusL79ToShBcO/6v3Bp5D7RmhFB60itQL2J1z9pq8w/jlpLQf+KwEDqvjpAXcdtQBknfcD+uvBAXvebQEifFkCu7CW+rNQQQKwjvb/7dJXAWRYEwCpjR8C8mezAJTKyvw==
培根,eoQnwHiK5z/qBIe//j3vPt55tr/vYzG/XYtfwBqkFr+2S5hA38B6QNM9kb5dRoVAwVHtvtA+Mz6kOAS/rWHgv6cOD0CoJFm/mOMkwTwg9MAQ9jNAslUyv4l/10CwY3bAj4q5vxqNE7+IraRA6rjkP732gUCdO84/N+LFQPLXbEDiAv+/dFRrwLs7sz6nEDK/2Z3qPg1a9cCVFOC++fckQObQ3D9ZRwJBSrT+P1/2HkEwWBFBGsuHQFogzj4qb2nAW/PLQEEj378kojZAJmP+P+oIKsAy82lAcaE4QCqdqUC8PDm/tO6EPyhg9j6IDXy/OwywPtTOTL8YKte/kreswA==
深廊的漫远之约,Oe2LwOHOnT9MjeW/M/YBQCFuucCofNK9sVwNwZw8zL5G37e/1pNdwGrl3kAieGhBjI1pwChBJECm1Cg+ahDCP4rDSkFxhRBA0TPlv2pvF8H4S5I/g3vYwD1LNEH8PVrA8NcAwCN1x79gWTxBPJqLvpY2okD9mEZAzjX1QIanhkBTdmlAIP4LQUnjTL/OFE2/Fz6MwOtpG8FVWWi/7Y15QKyDE8AhOQ1BW7VTP/Mrlz92NypBgVM7QQhnkUA0MBW/MNKPP76jWsCmUiXA4wkDQGiprz2iLpZAR/gZQUzd8j28KHa/QTUTwHqUwr8+0iHB8wOEQEOXEECP570/c+MTwQ==
历经风雪的思念,youUwJr0i8BeHoa/0FVmv8s7v8DE1fc//4MTwfT+Lr6IvZTA+OnLPlo/EEGGRHFBOIOIQEwj/L+ezgRAzvymPwoYiUEhqcm/xDcMwCJficB3FJs/CBPuwJ8Y8EDQGHPAfoYGP14fpb5QszRBflmfP6SgFkFwaQJAw7S6QNUBoD/Sx73Anvt1QPKn5b+y8f6/vPqgwO0QJ8F6fbxABMKbPxI1RsDrhwhBo/DAwP9uCz/CGBNB1NtcQY7V5T9gAuc/MDwgPztxfr/fFhW/pJKrQFnimr/+tqhARL+dQHx2xb9Alm7AJJIMv4AdJj4ASAXBLPzfP5W2sT7QTYTAKwIOwQ==
龙王之冕,UNDHv9qPq0CwUaXATf6vv/hBvMB1F16/AvmpvlRsQT+stARB4kD5vi7hh0Dw+x++eE/0wL3ZPcDvnM6+GG4WQBAL9L92WilAogyvwGj5l8DCzbm/srvPv/KvsUAe/4vAmvdDwID9aD46EPxAK8khQBZu5UC4iAO/kbhEQKh7A0H+tXrA3FJEwDBeU0CVg4fAIYqnQGCl2cCmf6w/0GbCQAb2AkDvQkdBgWEaQDGv0ECx1CFBLkIzQMjBOkCAWwbA+T2OQCAtwr3b6r1A7i6Qv8LCLMBcYk4/0+T8QECmjT+f5L6+Vd4twF3STL9rQ6zAYHlAv9Rt1D9asio/DRUgvg==
铁块,WA4cwFxfekBK+Y4+gFXQvrLu3L/07kU/QtcEwEAa6r8OyuE/shEuwGnP7EAmvxVAD81wwGvcBsDe42rAsxyHQDjiMEBWepO+1/JWwNfJAUCs4UQ/WRliPyPDrEBkBXXAI6WNvluFrkDiIYNAiD1AQDAdfUARO4tAYYYfQLxAS8DJGxXBPnGiwCdnaD+JEBbAB0hBvwZA6b7T+YZAxWkLwNH0iT62IIhAH6bJwC1XacDc0oNAWHfcPSo0uT4msrhAFhEMQZu+GEEB6SdA7+wZwFGd8b9o/StAjwboQAKMQcAeHra/VK7KPx9TxsBYy23AWjx4P/UR8r7k2KDAPe/WQA==
镶边红绸,SHe7wEG2BsAt945ARpO8vi4UM8DUfgs/9OCZwG4NK8BxigVAzlcAwHTag8CZMGtAVQdnwEksXT/03Ya/5cggwLDy5ECiq0K/314rwAn6Q8BbUYBAKi8DQHo9o0DDT5y/tAv3vaEYYUBLKCVAcwgCQGEBNz8nv1dAHgCoQG15OcC6yGbAgYZfQEliST/p4UzArsN7wCixN8AMrdxAyJZ5wPlwg8CvXltAgDGMwIdzNL9JBA1AadkyQIi+cUCexwRAl4JvQckBKkBTxD/ATF+NQA5TBz4oyrpAevxnQPH6mL+3ohXAFJhPQAmXhr/U1zK+cF4ZPpYTEcCMosPA9VQgPw==
坚牢黄玉块,5vsGPyPkL0CDOpe/6loqP01mAL+AdPm8WW4hwHFkTL82FZC/5a4OQBInskCSb2VAbOhHPXZoc79wINK82c8lQGm1kEAIAJw/Kyrnvy0lH8ALRmO/0hwywIBL3UBe9EDALG28vhyMD0Dp65lA3Js0QIevvz+JrwnA8zJbv2Jwsr8EsETA/vyMwMJbgT8xhEC/RywtP/jWNcC17O+/BjNCP3L87j/FjpBA7/EQwCcNUUAHsqNAdkg4QJ53Lj9NHpC/Sz2cv6zDe0CFKB5AQfhSv1zO679UIR8/yRRHQKw/UcAO0Dy+YgwYP3BuJMD0hEPA9JGiP4MV2z/nGAfAKm0UwA==
幽灯蕈,MrMFwO2gCUHpeFLAuVEjQFQPY8BU+h3ATORrwNDOqcBdnJhAx6TzP+kfREGt40pANtaFwLrNLr+BIDM/JmEWQNIOvkAAxAZAWvHzwGrOj8HM8xDArgcSwObIOUH0Jt7A8KPKvzIqib8OgOtAPRgbQB91/UDySUzAi+xOPzqgLz/92O+/SpVzwI695L+Vtdq/ckOLQKWt38BxPn/AHPSUQKa1TEDRahNBitDKQB9o10CpCTNBuP8wQWuSHED2RxPACH1ewBZRKD/g5FlAVaAiv27ZosCiWwFAIdGgQDX8lD8XncG+DGYWwNc9K8Aj5wDB4PELP9gLmT5R5ArAat+gwA==
东风之翎,rgHfvwM8p0CqkKvAcNU7wLm3FMBhzrw/UBuRwLxy8j/Z4KS/Sz74Pw+08j+oeUtBIemSP5DlBsDUWXXA9HCHwN6bxUA9S/A/C7nowPYq68Befm9AQCENwFbGoUGQIBTBr4qhwOrEY0D20JRBAsdkQPzQOUFFgSTAB52kQFBj0LxW2WLAYPxwwCAw0L5V+w3A4lyhwARBDcGrWNHAt1NAQJlAJEARLGtB0txHwKgTuECCQCFBmxbOQBzVfkApbGq/RugYQRS+lj8sEwVBNuYmv6RW1MA0BSBAE2DYQDNPYkBRgRJANzKUPvODpcDlxavAVcQmQPkbNECmWwXAhPgTwQ==
谐律交响的前奏,gqCQwA4H2T/OAxG/ZZxdvxWsi8C8U6s+/FGbwAE7cMBoElS/5NoJPyJ49j/A8OlAzhRGPwS0sr+grE5ApABGP26sD0FIIhI+rIbEwDjw4MCUXpdAAI4kwEuIC0HLd5nAYD8AwKBkW7+x8KBAWepJQAhiekCbYpW/xlSrQDREIMBFztO/nR/Ov8tnLr+c8ULA6kiqP5TBmsAUWfY/HrucwKRFfT/4FNpAwWz/vzY3NsBSA7pAwxfNQPlwoD+D8yDAwv3iQO2AgkCKI7E/9aJqQE1/pMDYxaRAgsT/P9rhhb/hewm/At8KQEC7vj5UH4fAWPObv8IsE8COdybAYqOIwA==
银冷杉木,wZX6vuBykUDpPinA9hoXv+XAXb+xv1a/BkjyvrPQCsCqSCNARBXJP3wOSUDhd8VA16Ybv4eZ6j5iSe6/p7i5vsMtAUBElP++yKW9wOZ0D8Gm55I/xrefv1UiYEEtNLXAXXcywA9L6z9DLBtBBKHTP7J8wUB8TU3A4nNRQA1d4D+IVsLAoUKJwM7D578kQnY+tyBKwJy558A6hwfAADdvvVegMkDWpQBBvdnFPzZA7UCYGgxBkJ+uQAjQ6D8JS7++dKLUQFBUU76cL1BA0LHYva03Y8CviaQ/CL+OQF/CID+aP08/6J5Sv2TkhsAOprHAjL6OP0LvWz9AAda/7hiEwA==
最胜紫晶碎屑,UoehwDX6bsAPiA7AL6j4vwAq/7/XgYA/pcXAwL9VNMDhjpHAz13Qvc7Ib0CsF7lAYeIdv2Kgl8A2mr0+0GWsQIl00UA0qAk/H+y2v0J7r8D2jodAJktMwFlv6EBip3HAKAQYwJPc3D+bkYdAZcljQOgDRUAL4j/A8R1tQE/sR8AfabO/DeuHP5DBqD+Xn2I/bnzfvt3TUcC3F/E/rOI2QPO8sD6PSI5A3pq9wBp4EcBzWrhAzLu3QNL6g0CKMvy+tjK5QNZYwECYRcM/spe0PwWmkMDxTq1Aio47QBiYYcBGIMK/KbtdQGAtlDygGoHAEKb1vuCuyb8kMpQ+5r00wA==
鸣神御灵的明惠,TsevvyyJZ0A7LAPA207mvrZQSL4M/Kq9Q7OCv4kHq77F7FxA83JLv6IAXkB4HBW/Kto3wJdrMMB+m8u/OM+JP0Dxfj4Kyps/1qxjwLlfo7+SHj0/7oubvliBo0DUSFrACsATv2KyKECa3WBAEJhqQGFzB0DSmvw/UO8qP6LgrL+1Tj8+AXrMvwyyhj9sxZm/Uyf1vhslqr+gXlE+skHMPyNRFz/tSJZA8mC2vr8HFcCcNT5A3RSMPyYD+z8EmWo/sB9yQMAEm0Ci+oFAB1hvv60IksAnNxZAIiFbQMSGrb8Lnf0/VQOrP59c97/MIJO/1roNv02jcL763i6/8H0IQA==
生灵之华,UBiiwAGlaj+s58u+0ZAhQJFbfMBgn7K/ypADwTMrsb9NEcI+ZcmRv75VLUFezXlBKHT4v/XKKUBXrYM/eVNQPwrKOUFqyvE+gDO0wF8O+sBfZrs/G224wMSqG0FhpH3ABMQLvWNeSL9kMRNBwo0wQB7obkAkbOdA+lcVQXRDLUC4cB5AOcPYQD8/Wr+s4Oc+TVnBwA3DE8GihiVAbDGpQLTChL+D2u9AzBizP3zYsj8xfwJBrFM2QeB9SUDRNIu/DI1EP5AMd7+o4Vm/xIdJQHeHh8BqK9FAQGKqQLQ8pr566wS/EO4uP9D/Ar950a/Ap2ESQGliD7/EOO6+upPkwA==
混沌机关,rmAqwMJ1DkBkJmDAT9sKwICCJcANJgHAqWu9P6IbjsDtbKJA30wFvyoQGEFTp94/ImpCwASP1r+PnvQ/bZQEQDoPgr8WpZQ/ehmEwP2VgsDoqSdAWHxAP8nay0BFJqLAFxrUv6i+Sb4492xAdSunQP5Be0DUsNg/70TCQFA7sj9741DAKqNHwIzeqD9wFLO/ZWJIQHBPoMDQxrNAShyAQD0Fq0BjCdRAY140QG4cFr9OJhdAU+miQETPmkA2TQjAb6emQKx+WkA70bFANy6UP+3DC8HCLDpAUM9OP6laH8DXVL4/0vnYP4cstT869wzAtSVuwGT0nMC48uk+FrvIvg==
月莲,ZAQdwFs5CcDQsXs/Y4uIPyR0cr9ecyHAqz0nwHcooL+Xfby/mfjgPxhu9L5GJ/BA/aQNQA20mUCPapk+dIUwwFKn2EDcXy/ASMKPvz9DpcAsJR4/6Kvfv3AiskCeHCTAyNThP0qq878ZkN1AK0XTv+qr1j9/pOg/N28QQM7q1j9wkMo+JE1gQIPaCsBzk6w/JF/hwC6FDMHWbdo/Xg/KP4pYyD0aoV5AuN+3P2MK/kBUVm9Acn0PQWO7LUABqd6/4OIRvW4dcsApykHAInl3QAXs5b9SGMQ/RDOTPz5hPMAoFTPAxE6ZP1RKEL8DY0S/5Wk9P0JMQ78LDC2/ZMW9wA==
羽状鳍翅,N2ScP972wz+1vZLAg8kgP9j4u7/WJTJAoB89wGh2rj/cF9Q/s/VnQOA6078BNxTA914sQLR/gMBHuhpAihmVP1pCF0BZEx5At3MWwbnAGMHss1s/SBeQwB4gQkAQUzDANbRuwG8LasBhSCJABkpZv4qeg0DU+6XAoRHiP9dPuT2sRuJA+kriP6KQPD9yEaW/JhppQKRPfMBjJt7A02uKwBxChb7vFdZA3BzDP0xpmz8MX/ZANEi1QMhlScATWpXAlrRIv4SyhL8aERlAEBc+QJtBCr/KVBNAIz1mQNaIGEEuhdg/wkopwEqlcUApC6jAYFUBwD5GQT9sksc+nCWfwA==
秘源轴,dKt9wJYUIb/MMDXA8A75POCHfT3QJU+95ryJwMzXQb/MBi2/Qsikv/p4FD9/zh9Bk5uivnt3sb7/hs2/1pUpP5k5nUDT4IK/QtubwEYezcB9ypJAXlrPv8Z/NUE+JafAJqkPwPjX7j5+FgtBj2rwP340mEC+sGs/9D7bQKrXWD5/9mG/zxDqPzw+Nb+f+BNA6O+4wHDMBsEWnUJA4GqRPoI11b6rk+lABLSRvzoYL0BHKf9Ah4TZQER5a0B20U4+PowDQXgfdj7UWtY/OhHMPzXNWMDEm5lASzbBQJ3LAz+qEIo+gxjhP5ghir+RdpzAPiiaPzc/AT4Wz4o/DQWPwA==
机关正齿轮,HuBnv7fyqr8UMhK/DcxGPwqXH7+KtAW/lz+Tvx2PAcDQ2dI/hbwSQN2kk0CTQze/iou0Pl6NlL/JtgBA1b9KQPVL3j/6X5i/4AtewLjkmcD03io/dcDMv1DY/LzUQs+//GSlPoFiq78cERy/8WGVPyYbnD8bHqk+lGnIP73D2z6Xc/+/ijLsv/g6Bz8cuzw+eyjcP1BDiMBIa1RAKgiRPk6fHz/CmVBAlAtlP5NkN0Cl7IlA4ymuQD2JVD9IUYi/Kuuav07Zxj+k54I+sok3QCp/uL/eaipA6gbIP87ZmL5Q1t2/Tig8P+rA3T9D3P2/+qoKwEbzFMAjALy/jvZVvw==
火腿,EHyBwKCx2UCKfa0+eUmsvw4Tu7+tRQTAJVVgwCfCYMCa9hFBC8jvP1VmhUD0K8FAoELawFsouT47732/T8P9v/NMKEAk/3o/TXAfwfWXB8H8cEVAHND/P2F7bEG01uLAMHktwNEUf0DwehBBiG69QMqgpkDYYB9ADjjvQOPCjT+MPHfAPlSowCxKJj5FRBfAc862v75M5cCqLkG/3zXIQCgQGEBKLzdB1NTmP3nEMEHbPwxBCRAeQPhgjEBATVO/ErdZQZycXT+T/dZAoAajvpyklcB3d5ZAG3OkQMInsz5ylpI/IgDMPz7yX8AquZu/hJzbP95Okb7KnVDAN2INwA==
无光丝线,bzKdwBUaJb8ElghAY3qJvkQxE8Br/8y/7ikMwfteJsDdk96/dpqtQGnWRUFdUnBBfK9WP4tgOsDOgK+/rOBTvXSCHEEEL1LA4BmgwHK95sDkHuQ+AF5BvCcmREGC2u3Am8UBQEPenkAH9DlBPHXpQDasB0GFUY4/br64P1zkJsCTZBjBcMamPoVORb/MeSfAi4fcwNiW+cDzdQ5ACosXQY2xt70OnA5B5EGswKTtrECS0+dAfysAQeEpsEDqwitAqgNSQIiSo0DvUmxAUlHEP/Slw8D8schA8pxkP0zXI8AEP4HAKIilQLEbjsBj7xA/IC6AP+gEDcDHo/vAnqqKwA==
马尾,sZojwBIrGMAyzUrARuJiwNJCg79B65o/YSYrv3oE5z4WqBjA5W4IQFy//r/yBg5AABg5QC3bmsBS0sS+5PeZvUIZHT+iXvy+PKagwLN/gL/cjzpABjkrv6aMn0AoEXbAONK0v4ogaD//dqVAzH1bQO3gj0Czn1bAAK04QMRBUb8tqRPAfomxv0iyUj/6mkg/5LbYPq02VMCp1eE/vA2iPkxquz/c8aVAIp2mwNJOdT2b4T1AasgHQJ30br5Wlu2/AlXxQD4/UEAk50FAQIK7P3Luz8BoyQNAQN1ev1sOTz9MVEO+S1UsQIw2Vz94wyG/WowTwNLM+76aSDW/VDsvwA==
凛风奔狼的怀乡,opXavwdurkCWqeq+8r5TQECq17+yGCTA1j1qwGAwu70BK5VA6aAIQK7LfkDElPa+arA1wDLXfj6aOYw/ZnBqP4YTyb7lSQs/fwkHwWy8SMG8E/i/s1m5v5UTQ0BXeCHA0EMOPyFXVsBuqwtANR4oP7G1NEDiIyw/4E9pP5UU5D/Ov6ZAKKdPQCT0Mb8EKYK/m/oMQFSvsMC8IY/AP2tbQA4wUL4EbsNABOjRQE7WzUCfWvdAicG+QNULKL8ATCTAohBwwL6Uu79AI7e7oiekP87fDMCJzzZA0kM+QBJXskDqBHa+vgQ8vhJYiD/C5yPArq+Kv5Rr+T7W1H2/7VxawA==
诚恳的蘸水笔,ycPBwKLUqb43TlDA+Selv1LVGcBDO8Q/PP2BwP+kEkBNRlbAtEjJwJZFNcAYsI1Bx5acv7izT76UORfAzPYGwJB7BUEspIW+yJpbwFOPo79m+6xATlb6v/8FV0HZYrPAHEhiwEO/BUB0S19BQVsYQMI77UCPKx9Agj8hQdS47D+22JvAO9hjQF5+lb49PSxAlwoJwUb5F8EICtVADtLRv9C3ZMAXjyRBeQKrwDopWD9AJOxAXRKqQGxho0DacB5AjCKCQchTnL+VNJQ/QEzzPz9pHMDH1JxAxoQnQXyuJD4Alku+OI2JPy13dsBaBQDBlBBeQE/WZUD2SIY/58aEwA==
凛风奔狼的始龀,/lf7v+7f20AwGnc72z4tP3a9zMAPFA3ARONDwLqaH8CA5PpAYZY0wPJS5z/UI2S/w8n6wG3X4D8MIIM/gDc9QJ8Kk79Xj51AiXcgwGS4ncA4Ng++Wy2iv2W4rEB3eUu/SMLLv7syIcA6u0FAQcetP7bXUj6wmQA/yt2UQLrpmUBJLkm+RLo4QP73LEAtHqHAr+LNQBD5LcDWPy9AJHplQNKnKEDKQr9AbvC6QI36QL7sl5lAEPcDQKX+JkAOh4zAG92HQBInrT5HaJU/cg3JvvoQDcA/b6o/IIp9QDZg378Av5S9kIKLPxFIuT/yHPq/BtHJv/Qc/r4IhfI/swnxvw==
孤云寒林的圣骸,vio+wLe/20B6yrDAsLwPwO+JBMESMDLA343WvlrJX8DgJg9BbPYwP+QP30AO82i/uEKnwMbBvr+Imn5A/GNQQNGyWMAlQi5AWRYcwdXcPcEQEG8+Xts6wOooEUF+LsbAO1JowGpNhsD2uvFARyKVP89u+UDSJjjAm8rfQIo9BUH+7rTA77+KwImoxz/U6o3AhisFQVXnHcG4T1U/T5lhQFONuUAcO1RBdcgBQaZR1ED8NzhBtQwMQbIZFEDQjc3A2McLQCTnXb8aEMhAdQTnP4McDcFOTAhAiIeSQNCk3D9lMCm/V3rov1Rkvz/RefHAMUCbwMbGG8Cf+j1AapR/wA==
黄金邦国的结末,+HSewDKnL0Cymuq/rffUPx1zLcA4YsG/tm4LwWP/yr9duB7AwXhxwCRp3kCAQ3xBINyMwM8kT0CjBSjAyDQLP1PlWEGudPU/wcKJvz6wDsGF0v0/eXlawPVsgEFJA7DALP0gwLgewz5y1jRBhsbzP6OIp0AR1SlAhAjYQI6ayD7LZoJAR5HtQJ7Rv7+V4CBAnYDkwE9JCsGYTB3AHzyLQItj8r9fyf5AdxKKv2d3a0DaFhRBlSkSQcBuYECut4a+ZNqUQAP0UcBoIzPA7s2ivouAGD8684RATP8UQSthoL9X5QO/V/zBv2KnN8DWk/bAYDvOQICvkEAUlq4/Gsr/wA==
少女易逝的芳颜,tLaNwGhqAcA4my7AE3iUwNDaJcAk0II+upyywOkPLsBWGwU/8dcSQGUgzEAQa7pAoGTIP0BrlsCPpIvAzOmivwhAL0GgOpjAeAg0wHnSKcA0qa1AVEIFQId9ZkENng7Bmca3vpwwI0AMIwBBELX1QBO1H0HIPCNA8MgiQOPhTcChioDARVnbwOhSj79SPrY/JYVowHo8GcH3k4VAEPtavUuCLb/KuiNBUFpHwcdWukCL2xBBhXvyQN8BUj+QflhAKnEXQWTtrUB4HR5Al+wCQDSOWMAkvYNAQLJkQEViVsC4hbq/WqKnPzBYs7+7FBnA3zX+P08q9b7jexrBR7fdwA==
司信者的圣冕,POTGwLHetr8nuVRAm6FNQJpXVsALkfu/Ov43wXRknz/cCpk+bpS4P0pVYkGC8Y5BxWWSwJKjNUAqig8/IxS+vzwvOkFMkrk/qJTBwEXQLcFgWJLAynu0wPwe0UAqnhDAcVt1QNGNc0AvcGZBUCqoPyP4jEAkSwBBM3fLQCkXFEAWmYQ/w0RhQcy7Cb4mkDjAT7hMwb/REcEethI+TRt3QfAGTMBGLdpArvwKQAyBl0Db6+tAdbFVQb2w0kA/gt4/dg5cv963pL9Ioq++7ahSQPyPk8BUEuhAHdGSQCAixj42LFDAgoccQEDaVsCY2DTAk+Y0QIudHr/uEkPAT3yCwA==
冒险家蛋堡,mtTgwJgy5r/ayTU9ZK0cQNJarb95l0LAGgOzwG7x9L8QePE9p/0gQIjJmUBMZRdB9PnPv+vlUkBDpH+/BktjwLo21EAP/h7AAD7XwA6OQMFqzW1AmIoPQB+F3EDyOaTASIX+Pqfo7b9KOAlBS0nXP6tPy0BElIZAgSO3QL4lVEBkWYHANmyCP2avpr8wUuW9CmjQwHw9TMFIXjBAXkESQa4Ez75mPxNBKFtxQEyVQ0E1wvdA8CIsQbJlz0Diuf+/KUytQOjg3cBm+IC/3XyRQDQ0jMAx08NAngJ4QMLTjkCGinTAnftyQJxK6j8QAMY9UtBLPySBLcDWsOW/Ay31wA==
澄晶果粒饵,ANzrvh5Tj79OCQzA7K/9PnCJX70YGYU/IteewEH9VL9Sh2M+07AHQF52f0A+t7lAtFagP+hoOb6w3yE9/fa3P7IoH0G5h6W/1os9wJUDCsHAKo8/RcJ7wOK/AUEr44/A3RcIwGldt7/4pbdA5ZfCv/B/vEBMERu/oSaBQH8fHz9KUMq/3M0RwEeGpL+EYsU/X98dwBd4GcEA+rE7lpNOv2EQo78CneZA6Kq+v8pXE0Gm9jBBHjUQQb4rOT6rW8O+WHVRPwSXScCAJ047GbQEQNodj0A0ET1AIfPkQBdUej+C8gLA4mBHwD6/cr/1hvjAowNrQHoL5D+F3Im/OgmswA==
杏仁,ZnXIwH/5lcBs6Vc+7oI8QL8bZkB1KWy/od2swCtilb9sRYK+aOMSvvlAmEA/ESZByXAPwNEKZUB+D6HAGPg0wJwL3kAnCAbA9oYbwL1RFcAUxWRAlOkCvs3d7ECRyXe/WEBnvaYnjEAkEhpBLSPXPxUNKEB29dpA5ZD0QPr2T0DIJ/3A+CP4veMLnr9jizk/XG5BwfFvGsGLUcFA3u4IQYjWpL/ZnmNAKsOGPiz930CwDNNAJDTWQPWK6EBPns0/Gh7HQPbrsMAfrO4+QUUVQAqVJcDpIa5AwfqSQOjzKUCCGey//AeJQPKblL+ASqk+9adLQNrPq75Oo1E//ylfwA==
发光髓,gGeivzoL77/40dTAQHZYv1oN8D/bzRVA5pE7wGQr3L8Uwqm/5U1IQEJ9WT9wXJVAxISDQIZUC8B8uY+/YAQVvmfJEEHwt4a/D00CwbcE9cCnfa9AF45NwNtPQEELh9XA+KW6wLMru7/Dy8NAppiIP32J9EDzuU/Ash3sQJHszT/q31u/vHzswK9vj785EUxA1E2zv2vEJsFb98a/2g6UwCIDNz+DshpB3kwAwGiA+kAQMEFB2t//QEKL6b6o22PA0qGrQD2NmcBS/zFAU3cSQCxTi7zyZWhAZdPIQDZZzED4IU4+QFtUwO4Okj9nKvvA7ooTQIzK1D+AMgtAssfpwA==
赌徒的胸花,YNf1wHN6t78N8YXAL6QbwH2Lzr8aOtC/LMuSwFPnkMA4L2JAwqYUwI8zDUHfyUhBIy9NwI3xXr79TQBAkh7zPqeU10DxMCW/TFfUwAl/JcFmXLtARHI2wFJ1XUG1feDA1EYqwJVxSr9s9CRBX5crQKYG0EA88o5AfvJWQV1tFUC7wYu/RFcGQPWA+L/TeJs/kqDUwDtpVMFllOxAwWmZQESO/D/+0hhBjZwkQBuICkAtkyRBnx9JQRrt6UCeJYS/ezIXQSCOk78g+ZhAGFqQQEdbC8E93vBAKTGhQAodp7/BK5o/iwnMP6d2xD57+vjAC8Eqv6DrgcC2U21AE76YwA==
[诤言]的哲学,Xgl4wIx/SEBED22/584zv077m8BwUom/QpxhwIiRkL8QBnNAMQzdv7xNwj8F9CJBCenzvz9fAb6wbwG/mODAPts2CEBoydi+M1jVwB6PZsCOrOQ/sG7tv2cNLEHXIrLAXHQov97ITr8CsBdBtLtdQFGJtUB6igJA5uDPQJEtPED5H+HA2tjIPyZ4u77LhF+/iQs+wNT3/MAKFoJAbWIKwJZ2jT7eVidB7LoKP/cK7D/smwxBeLWvQI6HbT9fFPE+RIwYQeA+LkCPTz0/GKAEQKcFrMABbnFAWuPJQFKS17+3KKS/wp7APxcYacCIgp7AcQVEv+CT377jRATA7XIbwA==
魔偶机心,AnLWv2vYDMAIHcfAVqthwJddisC1qIFAd+UPwB1PrD9tmoPARe5GwFSeXsC+a/lAqPkaQDapLcC0lei/S81jQHRyfkBaU2A/GaREwO5rtb7DyJpAzyjCwNMAP0F0OXTAkYbLwJ4AgT5pKy9BnVE1wBfT7UD3KbvAl0EKQQJCgkD45SPBMJodwMnsmD8iJbW+oKYJv+bHAsFzh5xAS9vkwE013D6HXQ1Bs/irwMFviL/vtShBJIumQHw9BT/2/52/ZPNCQZjr6b7BWiJALVnCPz47qr/00OE/w/YHQc3PfT/RKKK/ERg2vxoDrL/mcyjBue3ePv1/EUAFqHpAIvVswA==
凛风奔狼的裂齿,cFe5PUKAqUCX9CTA4FLqPXEz18Cm84++TxYTwIATgr/K+axAiY5kP9SZekDikXnARkpewNHJBMBl6yxADPqdQJLY8r8KHlpAua2ywIfvs8D0IwPAzqNOwPPxAEAG7MS/up/AvwE7FMBNY3NAGjARv3ZXaUDuRzjA9jIeQE/xmEDbnMTAfxk2wNjdIEBZt97AyvkcQdbBaMBc2Lk/yEubP/HcS0BSsd5AyCeDQKIhfT+PkABB8SJ9QBVcR7+9BIDAbh5Pv9H1DEAng4xAk9M5PwpuK8A4zwQ/DZ9/QEIpDUD/aPC/7aFJv/wx5j8KpqDA3+FtwDj9bL93cC8/hTUCvw==
凝结的时刻,uKCDwBCcA7xJxte/BrRdv7A1MMAjnxc/oF5lwKCaUD3muZTAlBcnwB6OQEDZQA9BFuKjP2b/Ab/7CA8/xyZCv6SPDkHw0yW+km3Ov1+URMAQFhFAjMGCwIuGAEFytHjADJeNvjNlcr8M9eBA+pVOQHDofUBYWyNAR8JjQBzsQ79ehRRAHUPkPyKY/r9sDSBA4XeCwLfCvsAEfzJAKM2svjjbyb8298BAZLcxwKE6DsDrF5FA1JP4QPsqtD+MxXE+0nZOQMQtHD/U9fy/5lEkQP8/yMCU8khAAFxUQJbZbMBmNBS+xFGJPzW6s7/iI6bAGGiUP4D/1j+vuck+JxKpwA==
常胜传说,sJKbwADY0Dmj8Eo/Lpc9wORli7+Yvn+/5Kj3P7z2zb4ERyg/37iuP390ncD+jl9A0D8ZQFzXDkARcGZAQy65wLFI6z+sDYvANNrrwPg6FMFwDUZABAMiP/2DoEB0WLjAuFMbP3AcgcCLG8tAvvggwMah3UD8kIJAMzLlQHIJyz/q88LAAn/cwD+ziMAt5uI/V+WDwNkWRsETFeVAvgMYPwT0qr7H9SVBTCKXQFzKM0GSV8pAoucYQWWvM0B+V5q+JnfoQL0cmsAd01A/AqnaQI8nusBywV1AvJo7QPJSij622y3APqOCP1/Lub/p0TLASAPcv79nYcDrFZO/mjJmwA==
甘露饵,wdSJPxhkAD4fLfO/sWKCPrDF5b9JoxhAIqUYwIN2WT9PflS+PyLLP3qabj7GKpy/Bh0PQDzhD8AOK9Q/8pzyP8V1bUDnSbU/I992wJUdncBeYSy/7myCwHovWz95mDa/yE7Jv9X6/78CPAZAGVsAwJ+TP0CXRUHAOqUlPzAoBz1kvIA/EGkMP0Q73j4XkgHA5LoNQIKhMsA9aNW/RBIzwNSVF7+U2GVAoduEvqaL6D3EeaBA3uuVQBY5/L/Y3N6/irKdvyJArb4gPvA9PWbyPxhXiD+uIGY/64dAQKMwU0AU29O+BRbvv1Qpwz+6z5PAdLJQv9eYBz+lqqy+xDMbwA==
果酿饵,1s3CP/Aedb88ZYe/EuboPvwWgr4Ksq8/EFM7v3K/nD7gbvA8EVkhQIj+s7+CUTzACMdmQPqhz7+3Stk/njCjPypUF0Cz1JO/NktiwExHisBGrBE/wGP4v2LAAb+WAW+/cC4cv2rrR8A9yLe/8PJpvz7Orj8zJijAr9WPvydOTb99/w9AOI2Jv4CAeruBzCU/VEO9P9hHXsCafGi/IozFwLQLWb8jqDhAUF1yv9kNKUATJH9A3hN3QAwVO8DVS+O/XwMfv7DK1r7ReQXAOTcwQAu0C0D5WU8/xikDQBaMF0ATwlu/4mGYvzhECkBDyS7AXHOXv3TjlzyFqNe/mcIHwA==
渡火者的智慧,bpCPwLIcMz8iNjxAcQYJQOyYDz5Ol4K+wE7FwHrdgL9cxghA/v4cQCfPsj/EXPtAnAZpwKQabz8PQ1/AMXtMwIROrUDrh4g+ys/xwBGRy8CvUyBAY7UoQAjyBkEi5YDATsFQvo4wg0AHpfVA9jZIQDN+QUAEbFZAwiTJQKyjrL95xIfAfV2XvwYXUj9qgGjAipOTwErRvcDlGuc/vXiGQCF7479TieRAHNEHwMxqvkCBntJA9cIMQLQbVEAgvIs/6Hw4QRaglz8fwuQ/KvIFQJfBCb/7F7lAMdeRQLRUVUDqhgLAknmmQJP6DMA+YfM/IHnjPyRq0754SaDAF6+/vw==
枫木,dmIWwFp2o0DsVn4/L3k0wNwkrb+Bud2/vNC+vzxHK8DMaSNA9bXxPtU6lUBxH+pAgmEowMp8jL74+RC9/ezPv8LyMkC6MhE/s/iFwHEr3MCIrLO+dxCGv15XWUHLrNbAGLGhPW/9KkA4aBhBzpqDQKQjbkAorOQ/IGNRQHS/Q8AAZEy/xZGNP+i2RsBIUnW+GO2lwLx8h8A+0Bm/DnZnQHiEFkD4jcxANAbgPg/97L2kZ2xArvijQB+6MUBQ83s/PVUCQWPgsEDX+mFAprMwvstGCMEWBUFAjVL0Pmyf6MAM+e8/Q0cSQLez1sDQoNC/g+iXPrkZqr9dDC3ADv4mPg==
雾海云间的金丹,siESwFZaXb/Hi8E/+rw4wNqML8C4Qtw/JMM5wEZ8isBU3vY/t0IJP748OUCeDnPAWMGLPiePDMDdkvU+8AYrvYpn+UBtcmq/rnTdv7AjJMBk6zlA+iWQP9R6n0BSFSnAitRzv73ALT+ovCm/4NjlP0Zgh0BgBLG7tjHKP3IRj8CcR7HA0WCRwGdELL/cHF7A9YwOQBAaS8CXiH1Adv7UwNB7CMABnINA5lWgwL8Wxz54OYpALGWNQLa8sb+4SN8/Q3XqQK1sD0Ca3vC/nRWHQMhSoT/LTSVASNYtQHw7N78IvAbAaL0NvhL2jj8kuTjAjPqavqAX6L9IT9fA7wmvvw==
树莓,ttyIP2hP1DyiZg2/1/RcPljGMT5fzVY/Mg31vzzWvD+LWZs+pjImQEZ0iL5UXrM9UTN/Pzm9cr+A7JI9yqn+Po5EXkCAEgg89PIVwDsEXsBU76e//QcmwHOtJECgoMa/hH7DvYAAjD99oklA/paJvyg3jD+GRde/rJeSvzIAcb9vaQ4/C5+Fv2Hdaj/OD+a+cE6Bv7ogYcBUdAPAGOB8v12yjr7qiWZA/H/fv3uGm0AQN5pAsrBcQIBseb2p51u/eqQcv2B44j++yqk/JhMxP33+5D+fNVs/IeteQAda/77PbzC/PN8Wv33h2L897B3ABTZ3P9i5jj+AbPS/PRYSvw==
精致的执凭,HHirv33cmb+/9a2/FRMXPxt/075IHDI+pjxPwDArmL/eggk/Wgw1P78AQEDOyw9AzT0WPy03ob8CLrW+8NA8QM4Ve0CqmM2/TuoTwFP8iMAivgpAMJsewBBcj0DCEA3AYkNzv2ziR78x4tM/JoKoP4ZuEUAExnw99DPBP1z+5z7uck++niyNvpByyz1TpJs/YZi+v76IsMBrpJA/JASfv3m9I7/wO5pAV4Skvyw+KkDnUc5AGBGZQE5PbT8xZu6+Jq3aPx6OpT7Wn6W/KiflP5i/VT73eD5A+FNyQDiVWb/l+o+/G/3iPpoEqT5QpVzAr826PoBMxzsEMR2/6e05wA==
霜夜的柔辉,ofwBwJHmgUA42bu/J1E7QGK0rr9zmhG/0EynwBN/I0DzmJRAVwfeP+in7T+l4FJBwJsXwDqruz/NqLK/cN8uwNIfQkAUIXM/3TAUwcGJKMGceI4+SiVDwMcdREHOUZfAGMaHv+BwKj8GTWFB2n3nPhdus0BfWSpAtAS8QDbJZEDGJTG/6mpsQBkxtr7DiN2/70jqwKe7F8HW2DvAuZelQIJksr4GFSdB4PaPQN1SCUHnfihBQMnyQNBWjEAgHkU+oDRCQBrYM79qTIZAlLz/P6JsXsBAB45AX//5QOCsq0CnVz8/Ju2dP25OacABtnfA8g3FP8kIUj+A5cS/HcnBwA==
[繁荣]的指引,iAYKv4FJGECWyEDA3eGNwCPq/b8OoDpAeEF2P6y/5L6+rKo/lCSlQBZHSr52gLc/VN2xQIaBpMDSQPS+1cnovxDVEEAmQzbAooYCwSYFPr8t5r9A1virP/SdHEEoHuvAyq5QwPHNOT+aquFA73aQQC/4MkHLtCPAPmNEQGL0rj7BrJvBHgO0wSht2z42KX3A9FOwQMg0/8CxTrpAmjFZwGt+UEDtV15BKuuCwGQ2GEFBUB1B4m+7P0iqCT+65NS+PswmQTDePEA8Pw5BUzlwP0PgqMBLhOU/qKowQPJvhD/8zpq/hmQNQBAbjb+3v8S/Tbx1v5vBtb9a7ZjAamOKwA==
红色染料,p+5QwIZAEkFk0NDA4+SKPyJvgr7+pgBAMMMXwLTtUr8OO/xAuBz0PxSn9T/EhfvAZNetwKpPLMGb2ti/bq+fQM0Wnb9nLxi/XNGBwRgHhME4aLhAGzsyP2DREkHKfxLBV/rKwMB/Rr6vQTxARLyzQE5gI0GWWsvA0jqqvWZkxb//gqQ/jKk1wVmiA0DLPVLA5PqtQBRA5MCLKZHAN5u1wI22Zb+1o4FBYBrDvXQBCUDHN4JBRO8XQH3Yhz9JnTs/w7kpQW4Sj0A8zPhAsAxuvUTdBMBkEuhAkPE4QYNgLkEHTwVAPqiVP0ieyT4ULwbB2IRAwH3zoD/aqUPAANW8Pw==
升扬样本·战车,Cve6wFprHkF7hQnBTX+MPlEwpcCvTZnA9FeXwMQhK79aDkBBcyzKP42HKUGp5WNAvigowaVXCsGUzOm/qrxdQDEbEsGagIpA3KhqwZ82aMF0QMY+HB9+v3EddkG4YCvBM7QtwBrIuL/l6WNBETxOQfz+PUG1vpLABNCIQNnH4kDqCJi/r+LeP9pkHUD0VSnA0tDYQH9tIcG7ZTjAcM5pQY3joUC8PppBdaz4QJycqkBijW5Ba+m2QAwa2kAPgIzAYnI7QGxMZEC1rkxB5hm9v2VxjcFcF7tA+Fd9QLvLxUC2r0pA8QWXQPxfIkD81m/AnIvQwICWi71zqBA/yvzTwA==
须臾树脂,5sNZwIolJkHO1+M+phXlQB4F2sDrr2rA21cDwZhGE7/x8ZlAYcsrP+65HkHtpYVAwN4GwSftfD8Gsyk/lJ6AQN6F+j/jqhpAdh4GwURKscFFoeO/8OQXwPThxEDQUo3Ak8rfPkytlsDii55ALy3uPwS7ZEDX7h1AtH6dvsimJ0B4/DZBWdQIQfC6Uj/a1kTA6dLDP8xds8CnEx3BdKYPQTV3gr7VxRpBLmzmQPbQTEDWCRtBYsoOQZdpPEDuwBjAe5GHwFrNjD9h2TPA/IvpPQL0AMDiuq9AvUv1QMdiwUCoBai+lIu9Pix+gT4+TXzAoEmDvKlVmb4yv3DATsnZwA==
脆弱的骨片,9CWHvdqCOEAihrHAo4K7vnSft78w4Uy+WMz0vwzLEz6gm7g/VUldQLtMNkDwKIu/7ogzP458pcCNkBu/A7RSQG2YQcCWYtY/1RbkwMQN2cCyj40/XoOQv4HB0kCiQKfAXggcwJLQCsBRd55ApVhgQPCBt0B3utrAtiYjvmA5fj/5NQ3AcrI3wKBf7D8ccNO+U32nQK/DlMAoLErAfLgQQCTRXkAytQNBpF/UvSq1SUD1mfhA1QRQQPaJUb9LfnrA0gKZP3bsGEBuRqJAUFeHPZE3pMDaW68/nfILQNRSkUCatzI9iJsAQO2gLUAcjgPAma5IwJ5Tpj64jPy9b5WTwA==
奇巧秘器的模本,qF0gwPDuW0AVPPk+9NOyvsNO+sC29em/ilpuwCpiYMAQtdBAKFL3v957yEAikrFAxcKXwCbz8T+vYWo/4/W3Py60VkCujKU/dSYAwIeGfsCAKIs9ppbjv3xX3UB20L+/Ue8ev7oDgj+wvsFAvQjdP9RaO0Bw6so/HoOEQFX8kEAydPjAg67xP/d28T8BiK3A1Gg2P5Y6msDhqYNAylhdP3zmBECGXcBAYpmrPxIqsT8Jr6pAiySbQA50REAhs5u/EanMQBTF6j80l6c+fGKtPyaoC8A2auY/2tWdQM53TcAaT/u/MDXBvmtUA8BSGoHAylhNv0UKAsDU5SnAB+KKvw==
史莱姆凝液,JzoTwGoDKkBsPbnA/tgnPz7/O7/bPYk/pZhTwMhZHz+7KhlA5dGhP+gL9L9lcQ1BrMObPcvT+b7geKe/V45MwEiuokCq2eA/GKIkwdg9CsFwBEFAvM19wG2NZ0E7nazATxSXwNCIcT2o2DJBY2g1QJwxz0BV63C/KaviQFFlakDFjBhANFMxvyDDTb8m5dI/QHKDwAvEB8F422nAydBqP7XqyT5jFSxBYH0uQKp01ECUDipBWmLYQAidHEBpd1bA/jipQNgMYMDO7IRACtffP3Yvw8Cl01FAAcvKQJBP4kBwBEZANAT+v120Mb+KprbAZC2XP1fSIUDgNNs/IE4IwQ==
翠绿猎人的容器,0Pvbv45+BkCACqDAvboWwDTeIcCgJNY/oNPavBS0NMCQkFK/5q4hvy6IRz/bdr1ARjrEP5MbCsBITsG+dvjiP1j3w0Bo83C/za1vwPKhnMBlJsRAJ7gcv4WGTUGm1v3AwaCVwCLh678OkuxAkLWePwBBCEEuJjTASJK1QD9dAz+sAMjAeOMfwesyjr+wC+U+4MayP/7HDsGeuTlAIFu+wL0ZFEALiStBQGQuwPrhP0B2ahlBRxu6QM2Qfz+wEoA8TlEnQbR18j7haA5AgK6lP4/Vl78FXuY/PcjvQM6L2r+gKSu/BNGWvyLTwr8mFgnBLGSmP4Lq5T6aBI4+ev6kwA==
鱼香吐司,q7vYwFcPQsGY/We/IOWKwCCvcz0u7fg/ezmNwODPwb43FR3BZEufQAi5iMCMDHhAyuS5QKjFxb+ys32/G8qQwBZ1AEHjRqbANX2DwEyWucAfZt5AFuTXvoLww0A7rMbA1yZjv6CAvzyXIQFBsCpSPlrIykBeKS4/nWT7QMMqt793VVs/9gnkP3VCdMD328I/TQ8WwRbWP8GPbtY/TI8WPmddPsBO1A5BlHLXwPaGQEDzKrlALG4sQfXklT8fdUC/qKQuQfb2UcBvVoDA42MMQaY7rcCy6NhAaMuBvzRjFECHmnLAe4B2QEIM6T/eQES/Id9wv2p8a8BD/TDA37cJwQ==
符纹之齿,IGYBwI4MBz844r0+f/7sv/eiNMBWFDk/a7Xmv9TI1r7Qdro/twfwviumB0CkAxq+gjnVvp0Z9r9jSv0+ZIoUP8yhBkCG70c+Vrw5wGyGo7/IQIa9PM+HvytWM0BFZta/cMbPPg3F3T5V7UdAPLvtP1sfWUCD3gFAFQoUQMDcgr/8E4/AUNclv85zIj4JJxbAlTrzP26LMcDMh5NA3K0sv651N78/7pBAvEL6v1jk0r6wqEtAjf5rQMxHU76N6Rs/+Ud9QKI2Z0AKbUI/ZrT8PwDIW8BxkAVA7EQQQA4KwL/7y6O/Lg24P/TGJr9oD/a/vFO+v2L9mb9YrUrAcSZnPg==
勇士的壮行,P842wMLDjcCq2E7Aypr7v9cp1L+XhaQ/Q9MmwJQlx79KE5rAgHSLvtrgm0AKGZNAKYFyQP4JWMCmU84/5WlqQNDWy0B5LRPA4+AAwI5or8BwHH5A05kBwPEFkkA38InAp8mdv47cw79K32ZAUSGVPsJHjUBV2xDAtR5DQNHSV8BtwRI/Mw9KQKrj776gb8U/FrBMwOPBx8A9C1VAacKtwBQhSr73yYJA0wG6wKLlicA3vHJA3tUUQbwLVj8O+pk+SDuNQLBxc0CpvwG/7WqBQDniE8AMmYdAVQ5FQNAnir9jk56/ko95P1HneD9t883A5VPZv5wHM8AGKg2/Q6Xpvw==
贡祭炽心的踌躇,eEs5v+LJMkBlM6rAdbUxwKYQnsCw8qU/NcxZwAD+F0BwTh1AyFvzPrSAnEC4hcLApN6YwOJ5tcDjnpLAs5KYQCwfZcAuiEhARAyLwAA/d78Qew6+cmzEvvvOs0DklVbALeQQwMBZ8j81o7pAEQu5Px5DtEDkl6C/ZrzvPwcyVEB5kzDAEsXuvy9ek0BHKprArV/IQOCjEcAs/VC/POW3QEdmxz8w/vFAytSwwPr4Xr8dd+tAIIYmPEtKzr8YIHC/gAuIQLsHwEBHfbhAo5YXwILHPcA61RE/eJ95QFJdckAhON29tY6DP2rgrD/k4fa/q7OavzZKjj9cmkS/usHYvg==
「浮世]的教导,pA6PwAFKsj8Y15G/BGvrwOpxWcDem5E+HkE0v45HMcC82aRAUoUtQH6m07+AzWlArIFzP1J7wsBTnpG/r2ICwJRkzz7EzDjAMuPowJ9iv79cmfRAu8+YQNqyUUE4U/PAZBj/vz6gakCgqtxAsq8EQeS3DkGAfHS8fvWxQBtPJcC4lFrBTZVHwfQytD/KYD3AYN6mP+xgscBCuNFA8AbvP22li0CJgSpBTbTywMsX1EDNEKxA0qOqvhuPHUB+PoI/2dKjQdm/BEEk4glBac+ZPz1vDMG0JHFAlprgvm4p6L+6PhE/oa6uQEsLrb8CUydAZFQzwHrAhsDy1PzA2uoSwA==
禽肉,Uk/evUB4kkAEzU6/ESQ+QHLyG0BEGOe/LGA1wMhbIMBnwWJAD1ONQByXCUHKCwm/PZMUwAPOtL9HBT/AalsVQCEZhb/Nxcw+9WrowKc5B8G2UjY/SrjXP/aCzEDT6IHAuw1zv6HSyj9tBBlA9uBtQAmCJkC6OBvA/Kcmv+4trL9vTjnAcqGpwJjAgz9yC0e/EDSwPk3vVsAxdK3Aq1CKQCDiIkCOZqFA9J/RP6Aq1kDOXdtApVG3P/QMKD8c/HG/EaWKPxSmuD9fkmNAutKtv9mRfb+GBxtADYNAQCcsjEB7N2a+ZsE/QLmU0L64Og0/4E67PUYxzD2zdR7AecWyvw==
北陆长柄武器原胚,RRc+wIbYykCV2qLAr0K5Pu6l3L+wFSLAZwK/wI6e+T/R/BZAg2JPQMXf80AYXMtA9XQywPyjksAD11/AsWqSP3SPkcDjUidAO04+wbBmPcHU0xLAHg2Qv++YVEGc6vvA0rBbv4BkoD98pVNBJo2mQAFxD0FcxpXAv/QGQM3zvz9X5A2/umTXQCX4ET/8mvi+YNImwCro4MCXGxLBsDI5QaoqIUAH4TVBpWouQH2tikAcbCFBKPKmQL6bDz97Pg7AVB4JQNCaAkBTr9VAJaCCvwsPJ8Gk/ldAy+YyQOtH/0BICIk/Tm9hQBZDr78KYdu/0xQLwPysBEBbUVK/PkmzwA==
万相石,FqBywJMsF7+QSjg+KkIfwAasQ8AfENG+oo3IvyK5AcAfwFtAVRdFv1umZkBMqsNABgAgwBcCaz/oDus/RWezv/KHpUAor10++2WEwC5FmsAgDlC9UKn3v0KJx0CPNm7AJNEov3fzcj887eVAeO1KPgvthUBIUjBA503jQOs/zD8JcjrAnldoQL+Rsr7NHsu/UwiLwNkn+cAg+q1ApO7mPyDYJr/MOO1AXfEgP8YiOUBxEJ9AdGcBQe1vQkDOZhY9+bIFQT5jNL+Oizo+KzWYQDeNOcCRamNAhImWQMDU9b9jIvS/SITivvd6FcDhjIrA5Twkv6ze7r+mK4C/wJ+1Pg==
青蜜莓,K51Nv9IwBkF2NEDAjDqJQDbquMA4XiO/xXGcwEa7Kj+PLO5AJbJgPipzBUHaDEFBrJORwMBP0b5+FTy/0J9eQCQOL0CoGHY/gvUJwYtElsGoZUq/4VuHwKw/TUH14ePAVCcqwJ3cGMA4UVhBkMb3vcBqIUGsmMm/SQ1CQPPWsUB78MPARutBPxCq8z5t3K6/Ao40vg53KsFL3gHAzqKiQDrG3D9TolBBuJJ7QAA/IUG64G5BWR8zQd+MnECiXoo/2oQIQOiQEj9aeHdAWVUYP9u1n7+ajVpAy/o9Qdf3rUDij3a/bAiFv4bdScCzuCPBf3uYP7+fFD+2v6LA1uzrwA==
结实的骨片,8fZGvzaxN0AmvozAbZuXv3wBIcDoXty92+CpwJAPDj6OID0/cwqJQMm620BWunk/pUNov8OW28Do0SDAVbynQJQUPsCnWdw/D8jqwMjqyMA06ow/kMBrvk/NHkFyeMDAhXLdv7MsZr+/qOhAMNSnQB7V3EB+duDAMOTEvEPMG77iH7PAmX4GwFq6EkCkBQTA7/KiQOpXisBBJ5/Aw8y1QD6BZEA5eQpBTJt3wAJrOUAJMxZB9yPVP7KrJsDuLgzAe955QJlxnEAeUaFAdviHv5VansBjP/0/WCn8P2gDkEBW/Fu/OEmTQGbsHUByyly/VqsMwFHsND80biDAv9+twA==
星银矿石,AMbivGukEUCG4/G/bC1LP32tVr93x1w/PR9/wEwdZT89F9E/98FdQDZ6cUDuOIFAsV/vvtuln7+E+V+/vBkIP3/xeUDeZ6g/1ZbAwJoYBcE8fo+/JmFOwI7w3kB6w1HAkAL9v3Nsdz9pCP1A9D6zvrklq0DarhrAfQb8P2ZWB0C7PVnAiHcKwJAUxz6yfv+/SNqWvvzws8DklXTA6geeQKwcrz+4U+pAKMsyPxpd8EC+jg5B35GgQO/Jbz8a/ti/6OKaPxgvmb9VQWdAEJ8DvyGJor4eIOo/nP2SQMZKYkByxBy/noiqv8KM4b8VPIPAqyQIQMZh0D/Adx6/ETpkwA==
雾凇秋分,JHC1wJEJPMBHLHO/EqL0vxJspMBX+Pa/3jVHwD9//b/JuT3Aq9wDQHU5KEAg0PS9zOU8QAj0TMDuIda/gH0eP0DjYT3ue4zA+DChwIN0jsB9j2RA7f1eQE3AB0BTL8fAlKX3P5IQSMD6mSFAKuZSQATbq0BIboQ//n0xQGD8PT+KV/XAvoQ6wHDNA702RIe/56sCQPR548CB/5pAUvbcP+pktD/f3tZA13CcwO7pED9vCYxA7ECYQBrgc7/dRwXANWzuQPo6n0DET7i/PqhmQPeo7cCreoBAuGOiv77kbL81oJ3AEdatQB2y3T+EqeU/fvGAwH4NqMCnAWDAAJD1vw==
[诗文]的哲学,FKY+wFZx2ECRari/vEYewBpODMBwt9A/ePXUPzkkcsBhIwJBQEsDP1kvxD6gyKnA/gYowCdCf8AoSQ1ASLysPeVoaEBAl0HAqmsrwfL158A6pZRA5DbYPyj09EAKKejAlLlrwFEICL8b65c/6Kt+QMmJ9kBOyhlA4PtuQPCfhr1jwMHAkPp8wUiFur/zNz3AfVjKQNJB5sAuHbVAZzoYwcygTb/XSVFB3IhsPiYxtED7CCVB53xpQDL5bz6JyKI/cEQjQfIMM0BhJ4BAVuD/P0V+B8CZNY1AITQCQYgcxj7QKCK9lxkJwN1EO8BXndzAzu8zv/5Gob9aGZvAQlAfQA==
丰年有余,wEClvz/07T96qBtA34Pyv11ndMC8Ay/AgMBTP9LaJz9A/ew/r6KiQNgftEDXDqlA+mUZP5KxKkAfqyNA5Y8wwHBZHL59zzDAEV6qwC9GHMFIRjzAHvgtP5f+M0DB2KLAolQpQPpXUsD9Ag5Bf+4QwDzq80BMr5s/7r4dQFyhiUDZ78LAkMGzvzXeB8C0TBPA6yYjwNHxLMGeVGc/EL0bQWjwQkDDRxtB/42hQF2yUUFd46FAruUPQRBg7z/qiIG/FiMnP5IOjcA0NmQ/OGNhQJCTQsDODTQ/rFoLvnyB8r4J4YrAdBubP/zAzr+ArZY92PmKv/lvR8Aym0HAT4qNwA==
鳅鳅宝玉,OKUjPT9tkT8f8NS/YxH6P7T1ib4uf7Y/8UaLwCUAkr/WBhNAH2dcQGlup0Do0TNAaMVeP+ocZ7+qUPk/3l3dPxdkCUFA4I4+SJPVwGUeWcEASi07uEeFwO4qqkAwv1vARKr8v+pobMBpRYFAxjMOwAYgu0D1Num/5d43QLI3+D45ATM/4/slwMsZkb8w8eO+372mvsl7CMHoMdu/KHqTvn9NJ7+E/+dAtpIGQOoWBUGg8S9BOxUeQfuXwL6EG82/wmPNvyJqeMBwkkg9CjAoQNdtRkD6E0JAOEfCQPFDm0A5t5m/ziE0wOx+jz+aROLAfsrFP6euCD/f4XC/h+KhwA==
云遮玉,XMM7wBbQAsDU6vA/828vwHxPrT7fiIu/3EtIwK5NJ8DYk+W/12eYQAH+6j/qXQlBkVxaQJd/KkB5WXU/hJVAwKBIBUHmiGvAg4AqwHmGJsHT7DJAMMT7PjPVLEF9rNfACKmPvb68V8A8RhRBFaz6vwtHAkFqgqI+MIitQDE8/7/k0GvATmcEwCNFjMDgJZA+mIgCwUr9TMFvjMs/rKuoQDr6rz86LxdBPyufP35lN0Fx295Az382QWI/OUDsWBI9Eim+QKHTn8A4MPI9ul6XQJrO9z5eOVZAJKi2PyruL8D+R13ArkgwQKQEnL9wCNK+mM3GPyHEScA9D0bAo9XrwA==
极寒之核,jiSAwCqnIL+EQGPA0AAuuxldW8CM0Vc+aDMfwcBrTD/6kBrAwWK/P8mkR0EguXZBHCMkP+ArH8DdRwK/MDr6P1LME0HRedg/NTTdwJ2RGMGR/CXA+DbywMDPRUHq8bXASvRjvweUtD9V7H1BFD2oP1T+LUEnqca/yDXMQL02MkB7V9DAAVbXQOOrab9YgjO/laquwF1LJ8Gm6ae/M30bQVb6Rb97uBxB7pqbvovPmkD5B0tBR0JQQS1uF0CoxgW+FrP3v6nG1r+CtYlALh0GQMYrssD+BJpAnzCvQB8WckAkNiHAKLnavbzZBMBHMwHBiOm8P/4xA0DIAZ09SoL0wA==
万劫之真意,OO6PwOavTUBRLGk+xK/nP2tixL9iEcG/pES4wEJXTb/ghA9AhV49vy0XB0EsZW1ApxmDwIWftb+EKN++At3fP0gLmEAJx2A/wFipwCHh/cC2h0a/S90NwB9j0kCr8CjAe1rtP+ZOYz9lPb9AXf5cQAm/R0DonotAIsYLQG8bor+RCRBAXBLXP0CueDyC3Zi/2ooqwC1JocC9iYE/l8jhQCQQEb8XM6dArvB7P+HN/D78QMxA9vrjQG92SkB5/6g/57C3v/NtbkDinec/SNNgP6Lnz8C1M49A0bthQOD/K743eAI+Fv1UQAB2J7/GVyTAAKLAvjYyG743ChDAbG8SwA==
黯淡棱镜,K70VwB8gRUDDAFbAPyYEQHR5qj8axGe/l74BwQh2sr9sS7o/0EslQPwN2ECXu1dBxzrvvxNplb6jiC/AsLF3P0Cn/UCzwII/bJfnwLSMZsEqJ48/Ra5gwOn1jEElEPLAEnlzwBDfB79WNzpBIC0LQJCZB0GdfivAxzexQJSkOz9L2bi+p0vYP1L25b/Gok5AXaWmwNrcKsEOWd/ADdjyQIBKQz1k3ShBAJvMP5XgUkG+TWlB4pQIQUF09z8JmLi/RL9JQNMClsCpJBtA/UYnvnJjHD/+J45As4QEQTI3pUCIJ/++XqFQv0w/GcAF3LnAKcOeQHkNgEDop1c+NGMPwQ==
刺葵木,NN1Cv1DelUAH7X0/uy2RvgwqbcDAaiHAwUDqv3aTNcBznqxAPjkXv7a/zEC0IB1BRgUYwB7gP0DBVu2+d0J+v2m5DEAIiQC+SqV/v5p1msCwBMy+4MD+PIVVMEGh6W7A2g+XvlB0CT8hlvNAjgx0QHjwZEAB/KM/5CHNP4+YOEBK8djAvFMNPziTNL776Lu/j5hnwODjrsCSjB1AwN8UQNa0HkDuvt1AWjWgPwxBq0DXn5FAusiOQA47gkBifK4+6czBQKv2kj9Ky4E+LY63PdzIGsDU5z4/Kh6VQExPkMDP/IW/ODLjvf9XocD4ZN+/pMRbP+0ol7/RO4bAJIkXwA==
稻米,CnAUwHjnOb3wbKPAtlySvykpLUAAMg3AJkKUP3pMxMDw/b4/wKx4QDKKO0FmwKjAilu0P06wq8DoFRc+B8SBQJK9I0Dq4WPAZdSkwIeox8AGRIg/9wr2P0oFiUAXA+bAfCrOPQE4BMDr/9y/8l/LQIRQ1UAuBjfANvQIv7/lpL/aeH/AZC86wZpj4L/yDpJAmSjEQGsU28A0gG9ASlYDQBf3RUDU9K1Amk2+v16C00Dktu1AO/vTQCapyr8J342/CEKAwB7Nvj8cwTdAMBo0P214pcA2xro/4A12PJNfCL9BigPAnVmXvg4gH0B2t1jAnW76v3rVk7/3Cb+/lAvDvw==
浮游晶化核,GsgGwNDBAUDLywS/QcyGQGHeZsD2P6y/4oItwTSXF8CXPLe/F6yFP9QJZkE2lllB9tmOvmybxz/AjOQ8Uc2WQEMmRkHQQdY+x8l4wIN+J8GyBEK/EX+6wJNbPkF4g6XAyilYPmRCY8Aeex9BVLnLP2avyEAamKs+gbVsQGYilz8JS0jAFR+YQFxAjr+s3Ky+Ptw9wLEuIMGI0ay/mA2CQHBrQb/EXO9A4AiGvz1ot0CHzzxB5+VEQYz5VT68Mpm/nHqMwDwY5r802wnA51T0Py7tfT/IaYxA/+HXQLB/gD+6+F7ApK1MP4ynjT4E/cnA6ipCQK+k2z97oQDAtyoSwQ==
独家秘闻・美食专栏,xnA3wIqTJr/Yp3Y9/uZ6v2hJCcBQR7O9CRIovwO3lT9yHYu/4F2GQOI7I7+SBRE/LEIFQBqZPr8PWxxA3v6Ov3aEaUCQ1obAISTswJYHEMGsiIE/9dJkv+zjxD+IMMXAi/qbP0yKj8D4SYJAeiUfwIDAvkAhwwdAXHFYQASihz9+tQq/T3KDwN01GsCaWiQ/Oschv1X1LcGKegtArKEnv5SEjr+YfSZBEDVLPwOI+kC70wBB2hARQVlcgL+UuiO/iB98P2xbhL8sZ52/AOysQCqm178SvnFA4E9NQKgTxj9vSW/AdX+PPoBNKLwow2/A8K2Hv0YpCcBwTl3A+KlnwA==
生长碧翡碎屑,VVGZvyKAJb6R5I+/b2tHP4wLAD6qZzM/qVmgwIWxG78LFEDArsmNPwtTLT8olDdA7G+dPnPLGMB2sWO/ISJqQOKBoEBY3X6+rhdiv7bV4MA0el5A637Zvz3G2EBnbj7A//gCwOlBA8CAd4c/yl8LQEvM/T9WYlbAAW8iv+4nOMBKbVRAZsD5Pt3WBj/BHv8//gv3vjZjZsCJYEDAtjVMvyPngb/M4ZNAtylvwLsv/D9gHMxAOx5JQMqEYj6UXVq/XcQwQJpekD8q+CTAiPKxPqSkF0AUN0hAi3yTQAC8C75Wbye//IHdPwVxaT+waBjA84vnP+D94z8AHJ6/sw+lwA==
乐团的晨光,Ohl8wCBB5T/q6SY/QtI0QOXtc8BKUqy+0cMgwUCjmD2681S+etPKvZgBEUHwg4tBASwVwKo8FUChami/Xn2oPjmmPUGEkJI+s7V1wCZURMFUcwg+fu9uwLoxUEGKO6vAA0SMviLmeb70LWBBuCfhPf5W/kCWCmpA9ijaQFTTsT8GumTANIO4QCVT17/NKMO/6q/ewMoLMsH7jZM/ZLDeQHRD3L+MgBpBGAoNveH2z0DSHzhBeHhBQYQskUDuJpk/LEdYQB/+BMDtgIw+LKsCQI7/1j4wvKpAPDkFQSk8mz8VyiPA4qZVP6JhLcB+5tPAt+2TQP5Zij8AvWbA+gMFwQ==
少女飘搖的思念,KnFfwCR8EUEy8yHAcBtzQJNlbsDk74Y/2OabwJ1fn7/IDJFADmQFwDdDzD8CDglBMZHNwPqgNUDCiphADBRfPtrhy0DwkWpAsslSwWBqg8HCqE9AO1WcwMHTP0FpJ9jAiFy4wMU/qsCyjxhBmJoLwMkc0kC1nSZAF/45Qc2MakA8FkVAPxnFvmBd7b9uoyfA2oThvpafN8EoayzAsqVowKpZVMBTRn5BRGIWQTD3rEAJpXhBakwxQSBLKUCGMbG/F+fHQHq0qcAcK8k/EiWgQJ8iuT9QfeZAN3hzQRDKBEEn4QY/rCYtwM3kwr9/K0nBMMPWPy6Zwj9NMDVAKvWtwA==
[焚燔]的哲学,WwBfwF78V0AacKo/yWyGv2tvhsD8QwDA7/A9wD2NisC5J5JAtt/QP7ILuUDv0v9ABw+rv+ZgDUBAh+g/PE43v2TZpUDeGpC+e4vfwG+XBsHb1PY/fqu3vzj3Q0GiRaPAqU8tvz6Yur4V0QZBNu8EQHNdbEDV8H0/uIzXQBUNyz/1iOjAN/9KwH82uL+KBue/pZ4QwFaXD8Gj2SJA1RK2PrVQXkCHufpAWm7mP8508UDoiepAml37QJcSCUB9UC7A7uALQYmtCz8sO9s/1jpjQCokxMCHQExAZIEaQLoQWMDI9Ze/JGwQQJsSDcC0yV7AMvxFvvM2HcBOeVTAKfSOwA==
荣花之期,pvbQwHf/jED2hKU/qHzyPn1kVr8pQRfAEob4wJ22ncCoeJxAnGiDP7L75EDMb0ZBAIJIwG0NNL8B7GS+phIKwMmg/EDF5EK+rnMOwRGWHsH9+UVALeLNP0d7ekHui+fAcVOHv2yFGEDbLx9B/5MCQbWX5kCYcgdA8fbMQBShGsBhr1XA2ukAP7Z5xr/9+ybAeEh5wOKeCMFACMw/UqemQHgl670ObixBcHO3Pip/rkAbp/hAZTDPQCBPtEDRrNw+qEseQbg/bj96cYpA5BQwQFctrMAOw+RA18aKQE2OqD9abhe/rDeEQLTv/b8HvYy/zibSPg6zpb98rabAYoCQwA==
香辛料,ZLfxv3lFxz7ox9+/DJjdPQr40D+OaTe/1bK0v6SH5r/sCp2+/yD+PyX54kBOMds/PXNxPw+6LMCfqoE/lOweQGPaJkBIf6y/WXpIwNajvMC6Tbc/5r7Bvy0ciUAhhXjAAOfmPQIPU78Fds4/7xeAQJTzcUAYOYW9vv+IP7wEAcAGmvK+u/1ewPrpOr9w2gZA6LiGPB5TnsA8qyxAfrxWQGr7jD+ft5ZA0sLdvpKe4j9TQJBApTq+QCnh8j8WiGU+M4kIwHYZ6j8FQA9A8nOKP4aki8DKv0xAsAR+PzfogL83cg0+3SDVPzDIaT8R4ArATjjRv0QWlb9AJou/AP8bwA==
磨损的执凭,jn7kvkScuDyFBYG/ZFaNPxyFpT3AjIa77O+9v4Zh879nhbE+ZxszP7MqCUDum9S/rhUBv1eOWb+B7As+1yNXQLexPECktnC+U7Ytv58EaMAitUg/5pTxv8OWsz+mJUC/gdddvzr/Or98QaS/l2IhP/J/KT66f4a/jlSWvh/tBz47fK8/60IBwKFA+j6O5ZI+YknsPxwxEcARge4+eN4tvw1byD5jnA5A3HEOPrzgcD8csYJAH4oeQF7UQz/8oqm/JFhev8Zl6D7OB5i/kLBwPn4dfj+a1rs/5XcpQI4o27/B4oK/uMkCv9yqDD9q1yjArlmaPp1Ujz6By3U/gt4uvw==
冰雾花花朵,caVUwOhbAcAFXgrAvFZivlOEZ8DrPXdAvpUNwfy8Yj80lBa/lNMZQF6InEBn8wtB/D67Ps2QhcB124I/WEoFQHhUPUGuQQA/QHICwSzjEMEMebI+czjrwMvoq0AhwWXA+EJCwIBzfD810BFB2ihAv4KzE0Hoq2O/XhrcQDOf8D+Ak7/AB6W0vwDEQz6ED1LAzQwuv91OAcFxWV4/5FQdQDEYHMDByx5BWBZRwBnUfEBgBl1BFKkPQZDmUD8iEvm9Pqt5QHIe175GxnBAcJwGQBD8Xz+gF75AwzjwQLEBo0BN9TfA4QERwLox378BSwzBU50jQMgJhT9Cc8m/Hy1EwA==
擒霞客,rmVTwKcJEz8Sr829zIO+v8YUgr/8yuo/esvgv4oCMsCPlwY/GvfFvnGbE7/ccu5ARizRP67NyL4DLuq/VNEsvxazmUCJXG+/ZKB+wDJhMMASNsZA+l3fP7WpLkEoUGvAW7M9wNWEPkBvM/1A3LdQP3J5tUBiGLq/gBHjQP65br/UTn3BCKwGwWA2Oz3SmUjA4tGxv9B8y8AUSftADHx0wMrWsj8escRA/4JgwPT+OEBAqrFAxBNUQPaGZkBZXKE/fqFoQVRUyD/i24JAyGJeQCFvPL/TIUBA5jSeQBaarD86C/6/GiORQERgvr+gWkXAyD/TvXFPAMD/RYDA80ZFwA==
海祗之冠,9kuHwJjbiUC4y9Y/VEkTP9j6z8CkMS6+7Nn8wHo1Tj+klwlAVSSPP1cPWD8OwztBkBrUv8cS6L4cMbM/UUp6v2jkwEA4s7c/oQ4ZwUIoO8FmiIM/Mt8twNMwGEHYpoLAcOMMv2vUyT7myS9BMNMiPzgUrUAayE0/Ph6xQOhskD76ZQ6/Rf/rQFd6pz4j36HAQkQQwI/hxcAwlw3AQ+ZnQDrSP79e4g9BJexCP26FSEB6y/NA3HbUQHZmAUCW552/2ZwWQdytAEAWHbI/szEbQFhBZ8B4pK9A3EKOQLcJQEDnxGC/WHQrQFZ/5L8o9ETAaaTAPrftMb+lKVLA74WcwA==
长夜燧火的明焰,xMNDwKeL2z/xDLu/7SPBP2J9OMDm1UO/vVQYwcDYh79mhq4+HDLLP2rbQkFr8jdB1J8awKwcPj5vLtW/7ewlQIuFLEEQuf89ZriIwIUYR8EwYP+96HaDwGoSVkEmEKnALsRev6yTRr69IENBZjB9P7cgBUFj2iM/rcqbQMGGAUBkz5vAAkQwP1ib+L5Mdve/R0mMwKzQNMGLKWu/TCYGQdG04j7KqSZBaJubvWT7DkHwWltBHpo0QR9UR0Ag/P+8hK5OP50wx7/eevk/ZmPVPlI3dD4cqY1A0Av2QF3xPz9CySDA7Pe2Pkg/9L9cvt7AXfSFQJqr4j/ccqC/ilLqwA==
萃华木,cxYwwIPYwEDwRSg9/oGPvxDPEMDGcdW/pGY7wGophL8EtINAKCRmPlX3AkC0K+BA01SAwBx8bb+EZSG/w3K+vwODA0Dot1I/vPu4wEs0BcFXSxu/cS6dv9JuSEETNb3A8SytvnkLF0D1USBBM/OBQP4JhUDt5s8+qyoNQL5Rcr9w2L0/6Ot3QEMt9799eJ+/U5CRwNS5mMBuwg7AvJk8QFcYFD9kwABBWDeTP4kwlT/VCb5Ao4qOQK8ENkAc6g0/f3PyQH6ZgEAx8z5ApNvOPVsO08CK4lhAupBGQA2WSsDMANI/RKPAP0YMu8Cu8THA8ME/PiCZxj45uT3AWCN5vw==
沙王的投影,j2u7v8mixT+EvjbAXR0wwE04T7+Xy2Q/SLqAvyzXgsCCKvo/0ug3QGBn5kBgi0HAxGaTP8Y7p8BG/XQ+74Q4QKZOP0BTVne/TwzHwEmWW8Cv6llA7R6Xvvez9ECuKcXAqEfdvzbFrT7GdwFAKxCNQIS3uUBAFz2/oBghQFDfQ8BddN7AZBFJwdeLhL+5TVG/shmHQMbmn8C4FAVAAhIawGfaI0DbIOZAaQEiwCt+qj+Bvu5AAOqLQDPFm7/BwGA+L3hYQG7jrkBa+bBAd0i5P8aPwcBuHT9ARRixPySA3L8MbZI+Ki7cP5qy5z6geV7AHGnvv7GNB8Bdk0fAVpuivw==
冬凌草,ar9ewOBj5L5gij/ADzuYv/UnIsDQt6G94N9oPVB1Xj5gJRFA7lymv9/N1L9a3vdAGX26P+pfO0Dc2BhA8oCBwMz3DEEJ56+/rWo+wHAxmsDYHJI/uupfwJehoUBQR4DA50UXvzooHsB2cPBA7D//v7gwz0CojJZA8JDiQDBmu0CmpJzA2ba+wJ5Wnb/AgQxAb7Q0wBQyMMGXTyZB4nygPxf9BT7jthxB8r5LQP27D0FAqgRBi1AtQUy9t0BExsC/M4N3P68ljcAeeCpAhLhJQMprU8D2vgFAR8DIQGE/Q8CZsvi/c0JvwDeTE8Dqa9zANjXIPwoDy763fBBAbTaGwA==
燃愿玛瑙碎屑,I9+DwNrA3r8Icau/0xpcv4nDyD/DdQM/6+RSwI7pQsCOzqO/wMHhO8sSMUASmh1Ab3rfv5EbacDVlkW+Hot8QDpvZ0AvbO++JPYrwHGNlsDq0pZAFBhNv/KDzUD5AInATqUQwDH9uj+4DaI/pVeHQEhX2z8g3LG8dVJuQJmeSsDFGtK9cEb8v8ptHT8VGwhAdBCov27uYcBT4BpA+LWUP4W1uL5I5JZA1i1ZwIlPOb7yZ6RAy6dPQOaabUDIbRM/xAq6QA1FhkD3Va8/wnhFPzqeVsDBc7NAcaRrQKsTJMBbhFS+BhpHQNNo9b6uZybASjAVvn5hmr/I2D0/0hrHvg==
花鳉,YiGPwFgE5j9eONq/07GGP2KmkL5M+YG/yPJLwByRZMCrR9k/olE3v1wsg0DXeNlAUrFMv01yXT9Wtkm/pA5svh7Uq0AYQ5m/2OBywPnEAcFYXZRAENAHPy3FIUEr8oPAigvMvwgKVL/h6cVApK4IQPSStEC94p8/IcrIQCLQDj9VT73Al+5nwNys37843sE+/p+/v50qE8FE/6VArSFrPwiOCz/xMctApI+xPyU7qUAY9uBAVO0AQQjUiUAwDA+++ni6QIwaMcBbjwNAtiR5QG/l57/JJYJAbZ2ZQBAHI0DI5Hm//MkxQBHJpD+s127A1O0uPqsRs7++hQfAGPvQwA==
污秽的面具,KI+DwCpTZj8ouTW/HT+jvigqFcBK0bU+Ui+vwKDSyb9wjyu+3gqhv8zHJr5i1jZBfz8nvy/jGUDfBbS/99rFv7MNIEEu+6e/d75+wLT1+cD3mcpAOq/Cv5RpT0HVw6TAh7Q2wIBfEj+msAJB7I5WP/6vjUAmzkRA5v7fQGoTZb5YTdA+Ss8kPxoTR79gGHs+jhQBwYqCC8Hmm3c/zgEFwMB3Vr9EjwZB8Vz1v3tXbkAYuwFBc87mQAsYckBOOTQ9L3RPQWBcP7/QwjG/ODsLQO0ru72X4qJAQKDsQAyIcL/csYg9soPLPkB2NsBg1ZzAoH96QPThFb2EFIu/EnC7wA==
茉洁草,jA6qvzl+FUCVI6LAsjJyv0L1KEBO9VK/QhuSPvBhOsA8G98/g+J5QNz5i0Av534+nFgBPUIt8b8CZwHANJXNvaSyxT4Aj4y+HmftwPTfmcCRtIVAWxm3P/9qPkFxW/XA4jcywDP/oz4l67lA652TQC+RwECFwNW/8nuEQJ2Frz9EB67AundiwWoDR76iwsI/Aa6EPxvQAsFwltA+LYtgQCpGhEBXzBlBlpqzP4D4C0EnQRRBdW1pQLNR9j8P6BXADBtnQPiJer5R+OdA+FA0vv7Pu8BSnQBAMKkuQGwb3z9lBBw/BF7lPyyWyj6ePsC/NMaJPbSler2gqL8/+meMwA==
何人所珍藏之花,vsXEvlLjrz8bhlTAyJH1vy/8OMBIABBAECVivxSr277rHOc/MCxiQGyt1b8eabLA5YYCQMJHhcCUHjlApCwvQOikHr5wqh2/Ma0UwXZPC8FMTYtAaWO/v6D1PUBLc4vAC8tXwIz2q8Bguy4+icwrv7KJqEBWWV/A46xBQFYCGj7AfPE/YdzKwE8QYD/p/QjA087MQBPHyMANbLG/RhzlwA4ldj/DTBlBINkqvoXEKUB19gxBkoqYQDArUMAthlvA2LOYQLbtTj+drNc/jkNgQBrtSb9F7EJALetoQLlHtUAUGaG+sIGHvWszekAsPZ/A3bhHwMAN3b/vuRO/z8JlwA==
夜域的迷思,MXIXwdQHlECkoE4/Rpe3P5TkAcH+iRPA/BMdwbhpg8BIcCTAslbRvlQaWUEZbZxBEVGMwJOeY8CCrY4/mMiJQOylOEGu2jo/haQawVc0hcHoCOk+sgowwBWJZUET4wzBuIWHP56iHUAC04RB/L6tQBC0KkG0n8S//5OzQNScbMB+6BDB/7q4QA20zr+VbI7Aefp1wGBg+8BYcuc/2CgRQYgpmj93AyNBrPEmwIQUfb/85RNBKzdJQZTzs0BIB9M/0xYIQajt/UB8YH9AmcAgQMiJMsEV0wNBctRjQBD0lL/x+EPAVHzYQATGdsCE0M/AzpWxv5BNE8CaheLAX9WWwA==
晶化骨髓,sLNYvxb+kkCKZnbAzpmVP3NRfMDwfyZAdCtawJtijUDcF3c+cVEkQNHhSz+pO5dAvPyRvpXZrcDghoc/dcqGQFAU+j5YUGc/KLIrwZGbZ8HM1im/eSeywByRyECLOrLAU+thwCTMSMC/8x5B72ncv56BMEHb39rAgs/9P3KcmkAcGcnAEgRpwB+USz9fV6e/2AgKQNLoEcH4BTXAs8GWQNRUtL13iWxBWOWIP2UW70BEvG5BSg7bQD4ukD9GOxm/8FhcQEn86b8b14dAG/AePwPvb79qRlpAtQIMQelBAEG0jOC/jElYv6jkY7/CoA3BUtzyvjzOFUCg2F6/0IulwA==
[秩序]的哲学,PtePwN0VXD/CStM/0D/Tv1L53b+Qf+Y9xRjBwCjIPsDcozZA3LWjP7XXib5OeM5AQcn9vsTxQ7/eHjbAptc3v+WLv0DCFKS/x1XtwLOjmcBM0JpAsT45P5j5a0GN5KzAKghVv8nEEkDbSgpBjI/8P/tvfUBg6Rq8kALTQKdLPMBSoAPBQmRBwGw/gb9Hk/+/ptyQwOGu/sAQ/AJAFahfwACypzhjL9RAXVWfwHeYnkBFmwpB5iyIQGpTO7+2MCk/sK1sQcAOUkARhnQ/ydyBQFbPHcBKQpFAFTKDQOyeQr6NIsu/cUGnQLZdyL9yfti/TCgBP8xFaL+46MnAzb52wA==
鳗肉,mEmvv2knFEE4aQU9nkjpP/mNg8C+zQrAZEx+wL79N8CsrhNBlI4MPSSYRj+/R79AHYhtwKwVe0BWBVe/Ao7qv3pt5kA02oS+cRLrwLOIVMHgeiw/XDw1v9F0VUEbcLPAEXARwNQRYr7XPwhBbL6cvwTvzUDyjUQ/gId0QCtzQkBxJVDALgAowCI7n7/E0UrAMloqv5CSGsHMIAfA3oLxvvD+Xz9QPC1B1tSvQH9gUkE9vz5BQAvpQP53KkBI1pu/fRYGQaLjX8C//sE/WKU2PjQNQ0Bw2vo/SH8cQbh83z7gfly/WxdwwOcEkMDI0eDA/rh5QEjpqj8LwRDAQLdnwA==
[黄金]的指引,xmS+Pkqj0UBG91HAXK8QwCrIL8BNLuI/WPfnP7HC/L8ekV5AGeeOQHm/RUChXuS/sfsAQJyQZsAwb30+qpAuv66+qD9M1e++gAkLwaqwgcDOkIJAKnHNP38pCUGJbPHAhR1pwEDHpz1gVrhADoZzQA2CHkHKXjHA0CoNQDGRnz+FCnrBAaWxwQIYpD+kUKrATiUKQdzN2sDSEURA1osWwL7yg0COpVxBsNKfvS/UEUEubRtBFLr7P+ClRD/YLvG/tDL5QISoCEB/VQ9BjhTpvYXehcBAB4M/qXmJQD7o5D9zkFa/wvDGPoK2Bb9saDHAHptdv7Q1bL8o8EDAmJU+wA==
少女片刻的闲暇,wZvJwPq3UsDHJ0jAK3orwMemmcAQqdc/5UiwwKahCMAlKBnA/ivgvwSa5b0H/0dB3wpeQPSEmMA+mSa/1ZWjP6ivCEFUy3/AHiVpwFP0xr+szedA1t8jwORYXkFjo9HAmCEewLFGgb9M0BZBCAHVQCrrGkEklry/AJrEQACwCECe+27BNzrJwLsbCb9yo3s/gEefv2btLcFOezVBgLS4wN+Jrb8w7TdBhlwPwbyxnD90hDlBtVbdQGziL0DqErE/hwtJQVt0NUBUzgE/TNyGQO71tMAhca1AsbPLQPEBO8D5KXzArNZiQOz6o78TgdfAKsIcv03xdr5eg4bAvNDiwA==
「缥雨一滴」,uRN+wMPQVsCDDXg/BF8+v8XxRr+KtwfAl4uMwAy+aT9kchjAb2KOQLE6FEC0qhhBP8f2PxJNyT/KN5c+dtYgwIj0okBw8mDAAV2swOgvCMGsxuu+L2xIv1rwrkCExLnAYZ0tQP8UB8C2Bh5BpDqvvimz40DaxwJAcBaZQKgCgj9Bt7e/wWewQH2qQcC+zV0/isz2wOD0OsFIUr8/UPniQMu6Y7/dpgtB9oHXP8oNHEHM4+RATM0pQaTZqj+dsju+Nsz5P4YLXcBvSXO/apaNQIUBW8CuO4RAaosiP+yBhz6bEIjAz40MQKRVZr9iemK/on2oPo4vqr+zPg7AOlu3wA==
北地烟熏鸡,FiINwRjEnMBK5sA9oNLJv5TsfcB8CwjANPYPwIgFHsBKK6++F/97PqQGYL8ASohA9oWNvyRk4L68/sq9BvMLwAO/nUAgpLTAMiM2wLSa4cDF1ZVAmndrQOGlvT+8CqLAfAZBP62HVL/P6y9AOI4oQCkys0A+Bm9ASx6UQOr4PkCCiQLBbgNEwCr1Hb7+nck/gWD2vz13JMGDDDdB3EaGQOEQvL/7RAhBXG1uwKqhAEGe0bRAzB3iQB6BvkAGxlK/owgoQWRZi79NSfq/rDigQMbMk8C80rpAeEkaQGY+r78pI7vA0BVCQPw2TD6aZKG+qwu0v1S6hsB66oPArtXuvw==
贡祭炽心的惶恐,dNohvyqCgUCU8OPA2jR1wLJcacAU5rs/VmAKwLlVLED4esFA+ndAP+SfiED/qBnBT0bdwKEj48B0LbbAC3mQQIrUtsD4sTRAgG/DwFoNBsDebqM/UpOMPwDA60ClP5/AHOdzwIBE/T88fKJAilwvQKyO2UDopBq/0HEaQONljkBDCR6/3T2awLT/n0Cv3XXAY7jPQJi6ZcDNwrW/ULPTQArtwT9TWShBX3OlwL1q9z9OPBhBhD+av+dXRb+Suk6/MrndQLIVsEAHrfpAoqFQwOVZK8DhJ5k/5pixQJJ+p0BaXcw/BFaCPZrd3T8RL/W/Hnsqv573tT/+Guu+JBuTPg==
聚燃的命种,avJ8wM851T8yuzrA3vNxvxR9U8AI/Hq/XpK0wE4Fq8DG43Y/KCnXvGNuOUG4m3g+EacBwMsOosADEZA/Y4TYQGP/1EAqx7++oo48wGKiysCO4oU/i5xIwHKI7EDms6nAUAOPvzViNj/x1rg/5L3IQKYloEBKh6u/iNhgP3jznb/iowfA3y8vwKh86j5mI8y/dWejQD0tncAXGFVA5ZmMP0NFhz7LM+ZAuVIdwMj0EsCW2w5Bip3XQGRCyz+lM0K/5AHXvWA2mUB45+k/I/EdP2GlecATJZxADW1oQDOshcDZk9e/hg3HPogSjr5ilsTAbrGgv1mdI79hX5K/IIsgvw==
绿洲花园的哀思,zgcqwJ9xPkCcenQ/GYSmP2LGnMCYzNu+Lr+TwAD+hT0c+ay+A9Y7vkZHqEBkNstAhfiPvuASuD+og4s+NIQRPz/y8EAoKlu+UPn5v1saK8GUJuO/aRsmwApS20AHPkXAOOilPzqx6b8XIRpBPTMmwNR33UB7Zhw/sn2IP1mcxj8GS6XApuwDQMoGnr9skFDAFwIBwFy5BcFsow5AYeuHQAwwM74wB+JAQj6lPzJkrkCOsfJADbouQbgjVUBg8ho/NMcdP5QRub+Zapi/uPPjPyP4lL8MV+Q/7HKpQGpNh79h9k3AEmfmPogZrL9Gsa3ALEagP0qiir7YRC/AzoymwA==
原初绿洲之初绽,/Dw0P3qPLEAxEZk+9Xz+PxgfcL58u9m+HiEqwCnI9D/mYn0/8bT8P37yjUCcDtVABcTvvweNmj860PW/PfTPPjyCJEAuUnw/NK0BwNmKmMAEdBvA7Zbsv/OIu0Bp/ArA/Y2DPWelJEA6gglBLsfQvnNsLEB2wD6+XKghPiaP0z+6LbfAShudvzJykT/4t6G/9sdlwOTWosBCItq/FU3DQNsoMD/Aa6BADK4lPhlLCEEsms9AvjRSQH0JGkAALQA/Aa9dP9yCUj40dStATO04v73kmT961uA+FMK0QKh32T0UuLe/BaacP8izXcDujgvAKl4rQNj+EEDsAhPA5asNwA==
极致一钓,D4PKwL9S0sDKN3w+P4vhwCzsb7/ZRYY/e9YWv/35ij9cP43ArMZoQMiZzr9XRs5Ae8iuQC2Kx79BhpZADV3IwPi0skBM9rXAoIC1wMkA4sAHL55AxJ+4vru6nUB+HMnA285iP2C07b8UBe1AYFb9PpPc9ECUFodAui0BQRDhkr/GcD7AIlU/wLibfMDwbAFA5w7rwMe+S8Gq3QZBxk0JQFtVgb/pUChBnKb6v18GxEAlr4FAAFYyQZAySUC2Mu69A9gHQb5LBsAiJso/57sOQbwUDsGzib5AiradvwGEUL/mPiDAgOJIQPQlJ75wqqm/2UsWwArDs8DMTVfAIvmqwA==
茁壮菌核,P1BXwJqDBECY4l3A6tCDPuixez7IWgi/KBniwDal7b/vanA/fjnhP0OTWUDeZDhBoZjYP7JJKD8HR43AiS40wJScDUFUOYG/ChT6wFhFBcEyx4ZAcFIhvp04lEEJCPjAdeIjwBDjCb5haFBBsrs3QAAPGkECB7S+Yj6/QCu0CD+F3M3Adn9UwMKjAsAKBE8///DUwNNHPME6BOu/Hm2OP0moQz9VjjBBjnKnv7vsG0GGD0lBwxUBQXKVsj+ZXNK+gxEEQT7DTcBEWSZAgai2P7hYFsA/zmdAOTrcQGxQj0DM5YW//BnpPzyF4r+au1/A+qxFQHJ85D+MAAPAUUkLwQ==
树王圣体菇,OOolwDBgLkCwhybAj3QjP9PulMAMLA++42DEwBwU5r+rIRA/FCKNP7W+BEF/XyVBPywuv67XFsCVmX++MMUQQDTNzEDgOCA/kpOdwHSlMsELBZ4/3nMhwAB3SkHpI9TA8a2gv5DicT7+NjdBsJlSQLhq+ED61ETAqPIiQKYuwL7cLKLAbHTXPwzVQb7MOcm/eVJzv1N97sBgbAm+ID5EQOgZrD9UzA5BSBHsv4zY+z+0XxNBt5YaQeEQYkD23Yg+yW+BQFBod0BFckZAz5HxP1MslsBYlGRArGiwQOtOSj/e9Hi/KNrOP74hmb9ogdXANDCLPVqLcb/8yYzAnmzawA==
沉重号角,tKA/vz7lJ0Coh1/AFrM1v8dwF79EtBQ/hMZrwGCZ7j9AfXg/YqWkP4uvVL91GplA8MbFPrAhisC9MQvA3vkSP0TVH79GgoA/PvzGwIThe8CQTo8/0cK2v0CGHEFo4JDAOyvmv53GmT8WqQhBWhdhQLMRrkCPaI3AjPhFPyjmhb/KSka/SeUyQAxTUz+keKO+49ecv6SXfMAJWnbAiZ+dPyOksD61ZupAnbMvwBbK0z95acVAwA7CP5SIhb2P9FC/Ofm6QLMMN0Ar54NAejRBPuqUe8CuHAJAAapRQDYRbUB8xJg/7mwQQJy1J7+Svey/aEiYv3L9AUC50/K/x+FrwA==
白萝卜,NPLrPmyeU0C1uFXAyWrsP3auxD9iuhy/AP4twHzJjr5aKjdAq2hrQN5n4z/jQoo/0LvIPitAhb/UMIu/DUsxPmtVyD8uRbc+Bb/1wDG0K8F0/M0+e70FwG0XDEFudpbAMFsDwOdC47/P4qFAjBgvP3rFjkC+3FfAFZ1RP5mJnz6lqHBAlBpqv3Kbhb+yqZY/VfOfv6vn1sCbQtzAv6bRPjIPej8NUepAefhnQF8E90D8CBZBax29QFKnub6LfBnAbPOhv41yAcDRpQtAr3VEP3B4dr/SuOs/coaIQHBarkDGLYY/SmuLv6IPX770IXjAqs/RPgp32D+6yWm+MvaqwA==
北地苹果焖肉,a80mwbaYJT+gE6u9CqdMQMZ+o8AFFpbA2kDKwFTCIcDE2aA/UT4bv+xH0kDSlhJBhAtiwKp3xD9gVMo+ONWgv3xyykBgCYzAZBm2wMozisEsqYBAoyLAP4WUxkDkT8DA22wBQO71VcCFMQJBA39TQPIA00AHO6lARDxZQIaBakDMaCjAOsVEQNnW2b8A2FO74WO1wNr3XsHIasFAsZYTQYEwu78irCxBszQWQEYl+0BqLAhBB49bQdJzF0FygkS/BDObQGaZN8BmWCLAIFHAQP8j/MABgQlBMYOvQHu58T8AzI3APTGeQIpdiD8bG/K/2wYKwFrRmcCpdobAdWXVwA==
轻策家常菜,Tz/XwKQyJ8CDh1A//xVHwABMWrzIE2i+r/Tbv0Gqib+R5gzATs6NQBlXST+YEsNAPJkTQKitEMBWw3k/LHScwB9txEDACqnAOg0QwRgOHcGMuXZA3HAfQHFJ4UCaLAjBTNsuP1RGj784kOtAx3FzQMCJFEGBGQ5AzlygQBufJcA3K0/A3KQbwGiLesDYp4s/r2aowARIOMFnrH5AK1UpQE9gA8As2z9BTvC2v8Sp/EDCqs5AHxYWQaK/A0Blbo8/2e0ZQezH678wqy29r/PUQK0w2MCVg9FAWtkTP4DlHkDIMlPANrFmQLrWZr90SSi//B2hv6S2S8BbOqPAQymGwA==
谢落的筵席,ddmIwMHxYUA0/3W/OdLZP3t5sb/wkuG+afWswEoSqj+AGBI+aMHjv4xJkEAIVURBVv5VwJRqGD965ti/QiVsv8R8vUDsxwNA4CTowGs6j8D4dOy+0zF5wIqRDEHqKVzAP4AZv1SUhEBlojFBfUA/QE7tbEBWwoJAT3jIQPnZdD+b7xc/oCGIQMqKl77K16m+e3DIwNXpk8Blrqy/ucykQKsTLL9PZdZAMa1APx0GIj5ihMpAj+GXQDBVSkDY6Uc/K4WdQKq91j/8yzxA3v7jvgLLxsDHQoZA24y2QJWirD9IPoI/sEBzPw95l8CH4ITAEtkQQNtsIkBz+84+FFC3vw==
莲蓬,QJqTP9crIMAWsojA4htAwKfLwD/QhIRA1GIUQDg3mT3HRB/A2YsrQKOj28CDO1HAQm3kQBAzE8AXW/E/RraBv6uqkUB4lB7AGqPGwHyQVMAiK8JAsUwBwAtqkEAB6HnAzR+JwKMseMDtL00/BuAmwLk+m0AFIHnALjCJQMUvX7+4oB+/1tEzwS+mrb9ccwNAl5jJP31H7MD36BZA5aFIwQGPtj6jVOJAKrELwNK6dUD1r+BAEwSoQEGVJ8AjLy3AQYS+QNBUL8BMw7g/zPKDQMcEhD/d6oc/VHpTQLtJaUAGes4+GTwDwHMdFECS1MfAQzsiv1pdUL4cfY4/5OGDwA==
珍珠翡翠白玉汤,aY/IwHkKFz9bg1q/KuUQQHrxC8B4rHPAAtWxwLCT8j6Qo+G9FB88vlyReT9oXVJBbgexvwhDpkCkaQDAt8COwOyc1UAIpE3AjLo3wOr+V8EwlxxAAC1GPqAfF0EjX9LA7luRP5hLPsCHOzxByePJvwDL0UB0jb9AweidQHbvfkDia5I/yoB2QOCJBcBUVAJA5g0awZLfYcGY/BVAEO4PQUj6Ir+UWS5B5DhdQGQCPkEWTRBBrR9DQaLEB0HTVFu/nbM7QA8RosCORm6//UM9QDwJJsBtep5AXGjtQEBsiT1BT1zA6W/bP/ICS8A7pxfA2nImQCwxu7+u9Ye/2OT2wA==
神秘的肉,OmBBwPJ2SEDt4zU/oAuTPz1JZcD9+bu/oqKAwE6Ovb9YCFZAAMUiP9Xis0Aj3Dc/4vqKwCYHkT8gQqO/kyOLP6/FWkBEu8I/y3awwGZJscBYT8m+wNtfv84FZkDCqNm/Q6LmPkjmrT/OFEtAfBMuP3YWfT8vc41AhV2PQC/Ruz+T074/tijQP9aa+j+y90XAaQS4P+5uQMAS2+890nS5QIQg2j8Hq4FAYtFDP+G1EkCflI9At19tQDtiYT9ZNR3AvjRiQP2zL0Du8Tw/bpL6vlAfTcC0JjFAVhkJQMA2G72RyhW/PJJ3P1jcDr+8e22+MjE9P4TTdb98xoK/IjT9vg==
永恒的信仰,ZAgMwDBKScDOLYI/cgtQwEkKy8BlTd+/TKp+QGTseT/5yqc/rRNeQKtV7r8m0vo/8C+MQPeVD0Da/8FAcddEwJGW47+h37rAHPEmwFGaBMELiZu/KEiPvnZmd8D1TUnAlzVWQB5NAsHIM5VAnCG9wDePA0HsNwJAM4+TQPPc8EACEizB8Cw9wMtPTsBo/9c+d991v6oMVcGk/yBB9pOOQAUrDEBrZQlBeKpWQEbyO0HQpXZAHP0yQdoDlj8Nia2//lOjP08I0MCzSu6/XMQJQUwhSsCYgus9HHSEv5j4Az4j18TAPouSvgfhyz9CrcG/1muewIR70sA8N5/ArkOxwA==
暗结的明花,fwDewGXeysBDt4K/WKi2v+nlSMBc1a8/K3GgwHNuUb8UFMjA6K//v+/5gUAQzV1BXJPjPyi7xb8RJipAkGNFP/tLLkEeSYu/bvTOvwiixr/TYY5A+HahwJTF00CsrkbAAAQwO9gsxj5U0RFB+nAEQNmGuECW0lJAQPENQcTSSr8vI9HADza0P+hSur92My4/4VOgwGhxBsHjkitBFOOGP3wd/L9jeahA1WqowGq0MsBv26BAZnUvQfgThUDux9I/vWSNQNaVSz+w95o+CzHQQDb75MCOHMhACBwaQBL9D8ASLxzAG0uFQNwLoT/Nk8DA1tygvzhnAcAeBeG/zuzSwA==
傀儡的悬丝,F+KjwP/4FD/b16W/iCO1P46r2r/uuoS/dAeFwJx9ND7C8sFAQOW6P587AUBg13ZASJdpwMxbB8Ao+W0/TufovgjMM76cBLy+vfkiweZiIsFgz5I+FVXJvwQZcUBIrzLAGBgrvy4in758TeFAqHlSPw+30EDLeAk/Ci7MQE52nUAx85bAnvFMP7giuj1elCzAE2APv9aEHMGt5VpAj+WYQCMvur8kPhRBmuuMQF3p9kAPsCtBbZbbQBZ8VUDzmZS+NFVBQHauR8B1IG9A6otvQObzYMB2TbBAeNqhQAIr90CLEPe/9I7HP1cOgT/BlpDAeiocwFlUYL+dIJK/jPkpwA==
蜥蜴尾巴,P3LPviCX2r6YrCzAVwaMP1o7nT/gd7U/DK4Jv7I4gL9fJkZA0HKJQFzuRUDsHb/AOC7OP/wzcMC9hgtAv2LbP8JfVkDjMG+/VzzbwNZEqMDeb7A/aBPlv0JRI8DIcqq/heqmvxXr1L9+FDLA/OXhP1PZRkBR9xS/+5qPP+MUsT+gaNK/o9smwXSANT/stXu/A7rJQI5WkMCLtB1AHE1fv8875j65WKNAuGyWPxjAqkCPBuJAHSx4QPYxDL8KVSLADbpewHbVjb+DHFRAi/HzP7o+Ab98uzBAt/cFQN6jlkCyAjq/if+8vyhIakB7HzDA1eG5v2hKXb8nUR6/5sGOvw==
鸣草,b1zPv9XzhEAexYPA0EEOP/jjkcCGbGA+Eo+owJy1HkACDnE/yUztvlOQH0BtbWZATJMbwLm06r+Dzy0/NTTMP7jTzT8o749ADCDWwPDz1cADC+K/xAy8wDQK10B0Dx7A0BYIwN6N1L8A7RRBpgKoPxMejEBkMCXASLdUQGWkc0DZq8JAvZ7+QIwuwj8aMBnAmrwTQLYni8Dp+5HA5ieaQGYBAT8ArAdBkroMQHU+xb99ruFAevTCQBZIoD8HH4fAXsnVvw8UOL86ADdAnbMuP/JFrMDuRQBAA2Z9QDYPnkBm67M/sLqHv+DasD/i/ajA4ui5v0GVJ0BfVCJAZw27wA==
水晶宴,HoSOwErP4T6foOE/M8EgQIiPGcC407k+Oh6+wGoIBcBgfSe/AtQZwLKJu0DzVj9Br4u+v4vkHUB7S1rAdGEsvwKrNEEApDg7mz1kP8jYmcBgIVdA+Gt6vsVCK0E0ZwrAWainPvIeZEDRfkBB/wKnPzxuskAfyWtA/PNHQIAMOr9QojfB/XSDv6zQHL545HzAMSP+wOiD7cDrUAdBFKRrQLN4pL5I06VAXIMrwKOYBUBqfZZAnhoQQQ/XEEH6VWtA0mHwQJJ6Dj88ULA/XkIWQLgex79MmHhAv97ZQHrVNMAgaQzAE4uoQCT1yb8sERDAVNkMQCVw2L8LaqTAxgmnwA==
湖光铃兰,7UIhwPMM0UBdayfA5bA+vytby8A45iVAhC5wwGBlkz7ii4NACBucPYOlIMDRtLFALOhwPtsuP8ChveQ/j+L1vlWv8EDEem8/uFkowV0hYMFIIZ8+1zXBwEObL0EZ9bbAILszwEzvI7+4ADZBo10CwOYHIUGxu0vAmjuIQNmtRT+VO5zAT/JjwD1R+L+r0YjA0BH6P9HZBMErc6w/596EwMo5lj3cmkVBvP8PQOqOSkBORlVBBYUdQXkHrD/FwzG/eAjTQMZ4GEC2HKFAqe4CQLgCj8C57FRA4uXjQBzq7T+IccY+CoDEv/5IhMC5uTDBaGGNvnrVBT9HQyDAvwSBwA==
毁损机轴,ouWXwI8Ve0DorkXAmdJCPyaqNL/o5Fu/n4Giv83qRsD229RAx1w8wJ+McD9qk/M/0+TfwMetAsAD6hm/FwvKP4QTzb1YTCpAWY7YwF3uk8BsTHZAEzbcPs0B4kDXU0nAPiBcwFw4KUDEFWNAJnKYQPFWAEBwD+w/aSjbQJWl1j/DvFS/2DggwGGsG0AH/fO/aPYLQM1EPcBu6GJAywf1Pz4i3T9K58RAI28oQH32Fr8VlKlAqeP0Pi4NtkAIRsG/NM8cQe1LGkB/v6xAfDLovjh8tcB0kJVATaS0QFb43D8tUfo/eIXSP0A6C74h00TAcfuqvyfDZL/q9B5Ai4vUPw==
否定裁断,SLmpwJyDPkBaOaw/waOWviToTMAudwDAhlh3wCwiQcCSfig/4AKfvuVqUUHIqhJBctltwO3a2L/QyD2+5+76P5E8gUBLs7I/OXiTwLYpgcB9Yvq/6DLmv1+ODUEuv+TAuhQoQC2xMb+xvydBvL3qQD3Z40D8TYhA2u2DQJbnh7+Avs7AogIHP9LD3L+W5eG/CE8qwPgr5MA0WAhBy1wEQaRMkj8RaCtBqIeuPy+nRMBV859A2zcYQSdqk0AbXBlAzJaZPx/pt0DZVQ5AUFIoQCfLNsEd7JhAPgMIQG/D0MALaEjA6IPMQNp9FsAUloC/gqw7wPJVQMC7gWjApSRCvw==
鸣神御灵的欢喜,u9ZnwPd/gj/WSWrA50Gyv7xRFMDVDbO+s0lKwHy9IMAwr2E+qWeGv3W8yUBVqIBAVjRbvyzGiMCBtIq/mkBxQFrsDUAYZhg/kvObwOBeWMCCfW1Ai269v3/eHEGON6jAsq/Cvw54Jj/JqLNAOsSeQEjmdkAm2dO+DWFgQPgVyr98GAm/Qjq9vXcxmz+9xr2+0voEvt+Ni8DMh5Y/0MsqPfriBUA+pclAXqkxwG1LjcB/UaJA1NWTQI3E4z8zYMS+CH6vQN5NskDHzT9ASTJFP/M9+MCs/IJATBVPQBJUx78X5nI/1INaQEqWOz5aXmbAKiAXwOi28b8qsBe+oi76vw==
鲜鱼炖萝卜,XkF9wGzAQEDULKo+Q9qlwAEMyMC8NaC+7EIvQDISB8AniLtA4xMPP2S6NMAmHmbAOFsTwPJkVb8ZXlZAXVbqv6JCb78p9i/Ary/qwGQj6cBCsb8/+wVNQOU1akBrtefAIXGKv/3bhMDGc51ApC/Rv2qkG0HNczw/0BnEQEYEEUDVqQTBtL2kwAqbC8Czy6XAlt+TQHGxF8GP7QNBp4dawL+8xj5E5VVBO0AtQFU9xUCbiddAhpvWQBkRij+7F9I+bzA7QfAr5z0iFQhAhpeuQPoBHMDXdTBAO2OCQOBtv75TcGnADkhyvzbamb9h+YfA9PZ/wAyAocCWR4zAaZEXQA==
蚀灭的阳焰,fYW0wIxVcsCTJ4XA6ozCviIxlr969wG/d9/cwO6zi79NKRfAu9gzQBWx9EC26tVAMbBDP/TNwsD7GJU+iJRyQIQfjEAV1ay+ui8CwWwyC8HMtylAi5RDwANvxUBLdK/A/6UCPmwxi788AehA0s2xQO6NukCLCxvArqqNQIC6tb/bRyRAqp6iQDGe3j5Wypw/Ag4PwOlJ/sCKNmQ/MjpkQNp4gb2ix+tAOp4uwHjScL9vFwhBHV8ZQc2pmj/QAce/NKvGP4KCgUBZETRAfIF6QJCQB8G4P9hAHr+zPxCmPkA/Y5y/nNqPQNr4ZEA1sGXAkapFwL73579ocQS/lVeuwA==
雷云之笼,/htDwEoSzr8U/JK/pJFWvZedJj/4G/A9QLEZwKesiMAGqMHAkMUiv6jiUUHZpdJAluGwPx8iHL+CZ6s/uF1SQOkb90DwO58/fQbVvlV04r5hNoQ/h4pSwLy2h0DWAhHAf2wxv4O8dEAF3G9A5F9fQPnDB0BlIEI/TlGqQK2JRcDg3b3A1MNMwB+Ppb9CPNG+JIj+PXFHJ8CkpJxA99+9PzjC1D+QZIM/WPFkv0whvsDybMQ/XGzGQFooRkB4chA/BDLLvzeOLkAxKB5ADkJWP2W+w8BuT1xAhEDzPpE9c8CUT4W/rcnjP1fpnr8at6DAgG9CvJkqkb8Af6M/WV1Dvw==
远方的少女之心,QyTYwIzT3T+3SSZAm5iTQMgnMsCKcVDAQsrswOmu5sAISyS+hUbQv6bgiEHV/oBB4FW3wHe0G0C4UD2/GOOnQGghHkF9OPS/37MuwBYJMsHAHU9AlnIUPzmxREF9WL3AbA1KP5AgCb04cfNA7ZShQOkgrUCqe0RAL9jSQGrUVz7mSSfBAuyUv6VsDcCGgkA/EE5LwEeIFcG0KrxAIxvAQBqdFT7MNclAH6n2v+Yvm0C07BFB1BUdQf7xpEC6HlpAV5G0QCTc4D5sB03AB/kSQEN/M78P29FAonrYQAKI/b8D7p7Au/iRQLSItb+KB7vAVi4lQJxE2r+m/qjAoBW6wA==
「月光]的指引,tGpDwCWSFkD2pUa/jk7uv1gGusDZRxS/s+kHwQV8JsA+sWy/824rQPZcCUGztXdBhsiNP2Lykr+0XPY92nC2P+oIBEE4eEA/aF/ewO4sG8Fz04I/F5k6wAhOkEHQb/bAuSL8v0SUWj5iC3NBPFpdQBxhG0HHtYfAWaLYQKpgp77NTyTBeNhlQDOyuL9e+x3ANDsVwFjJF8HSBBfAmnFcQPS2BkAsBixBYd8qwHcy1kAerCZBhNUaQaCkgD7iueW/QuYKQblgpT8ufx9Ai34DQPYdj8BMompA98JgQLCnbj2o2w/ANnwGQNrTDMCyKazAdlKsP9aTsz7nlILAjkwRwQ==
昔时传奏之诗,7CVRwBAGP8CmtRfAlHiQvy5U8r900UVAdobmwJwb9D62/dbAiRbTPwPh7kCfUn9BTLeUQHRVO8BQ0Rk+f3LzPiv0U0GwZ4C/Sq1PwOc3rcByHJVADhlbwDktNEFoDK3AsJg0wLBu8D0aV0RBelEXQNxHJkErn/e/9IOmQJOrjb9Rpf/AMyY3wPYmeL+4fVq+MYuhwPpPH8ELQzVAQMWePxyX/7/HextB16/0wPC8hECZKQxBLTkcQXHcIkA5m8k/70OdQMFdEMDUXgJA+mxZQJKoZT5JKJ9AXn3JQCokO0C2TCjAdLL7P7CvED5i/cvA6aMlQNmixT/n7nDADxMcwQ==
啮合齿轮,7e4MwIz2YT8jaea/WupPPwEnzT56zim/12tuvsYXg8AF53VA2IyaP3BdMkASaOC/oafXv4ZXw7+U728/NugJQAGVDkB1JkK/SDWswGHyqMAU2xtA4I+wvWCDNUA88y7ACv7Cv6wXPj9OhTS/HAFKQJIV1z/SN1A+sPInQLzIFD9uVfW/aUHMwBZnJj/KNae+TMEjQHLSd8CWW1hA9DdZv6zyvj8Hxo1A3FzXP2IXPkCmDKRAGEFUQBKYK0BT5qe/6+tCQJpmuD9WKSxAtpiePwCSKMAqsVBAgzgsQABgWzzPs3W+IEqDvCMJBT8EXyzAOgDDv2zG5r/swgo+Jj9hPw==
苹果,AzLdwKb3Dz8/h4TAwiqPwMaTsr8gYp6/YeQKQIw1kcAuI2lAlcZEPxCldUB8HNg+QrR1wE6lWcCrCGBAbRyOP5jb8D2XDM6/VH4dwYsTAMFZLYFAMLzEPUYBpkD3wAXB5Y5YwJ17OkAAEYZAaKRJQK7Tz0Cp1j1AnAouQZg6OkBpaNfAnpofwcRzTb4oWIY9aZiSPwo4BcH4v8pAwnGjQBS1cUDedzBBapEwQNcqiEDdcd9AngDCQMBZ2UDvZgHAZfY1QVZaJEBf0Q1BSEUTQLhGLMHT9d5AQM8/QGlkub+cFNa+c/+Rvqq4RsDQHpnATvhgwMWXtsDHQTxAWhyhQA==
终北遗嗣的哀荣,2k0swMGqwECdYYjADJhpv3dWsMB0eG2/9fUtwFKtkb8ACQVByqkywLkLfUAt+1DAS4IYwZpyGcDU7ma/sup7QI9aVMDyB4FAgcmawOy4nMAmNQRAnPSDv4lb7ECJpETAZVd7wCCj3r3uqIlALvJcQBsydkAbFYc/BQiiQPjpwUDLq6a/+TWFv6xZaEDRZo7AaPTRQPONgsCVvwZALSCVQCdOwj/JZx1BfaZCQJaMOj9I/AlBT62zP3vpb0D69DDAsqrBQE8Zzj9vIaJATeWmv2k/eMBTS0JAxOLRQKKArT/rR7Q/HAIWviq+3z8YC4jAuu2uvyBq7D3r1CdABTFevw==
献与月的离光,a+iGwBqMYcCZktS/ELKSvplkgsASujFAQkCewPqS4T+UA+LAyKfEwDzxJ8Dq0nFBd0KTP6qYPUCDC5O/qLBcv4FgWEFogTG+FB9ZQBwYMb+TDYxA4iyewIYNE0E2Ze2/ZnYQwDN3nr4YjS9Baxg1wD7TlUDMxEdAwnvwQDG/4z+Y4jbAfgaSQEvnQ799oYI/AmP4wKs/CMEf2vNAG4RzwCITaMC5CL5AGGetwFatAMBk+7FAUlwOQaKplECkW/g/iqEEQff6Y8C58n3Aw5s8QKxJ5j8AeTtAuMIVQfYIQcA8UPq/sTsnv3Gb0b92IxLBuAmKQLoXIUCKMaE/aL7jwA==
莲花酥,JkzLwKtSlD+5tsw/lGZvQHKxtMDKG2zAZYizwPgeRT+M+qA+zsGDv3bcPECrCfFABv8swA/5jEAcU1o+SwQJwCapckBL6QXAVf1JwEEVNsEA2IC9DJe7PlPshj8d0TXAxU9YQJ7cFcCwlwBBK5PFv2rBQEAZlr9ALl0DQNqxckDQZhg+BZcLQRYmsb6hoBrA1066wN/JFcECzSpA0bvRQFFZ7L8ROORAKjZbQB6WdUC5wZpAWH8uQcVP3EAE9DC/QCmBP0HAr78W5UnA6eORQBkRZsB1waJAEMqfQBcdqD/ERYPAekVRQCSsS7+Hha+/PnKUv2r3YMD8ck/AkvOLwA==
常燃火种,aMmHwHZ7ML9M1N2/Ng42wLNg5z+FD2A/Buofvwdm2795L0O/Mm7PP0s+40DoPghBl+NcP1L+KMC7fPE/1biRv4gVjECTh6W/8lfVwMG1hsBdIS5AJYHKv5xVHEGEk/vAed6bv4z87T/KbSBB0oKYQNxF/EAMM4BA4mUDQeOG7r8uDpzAFWqawLeYQsBgCNE+mBiiwK+GEMGsEbZAyNDxPznM7z6EiDJBkiKcPvUMhz/SqrdAuNIKQWIwkUAYoidA7xehQIlLNUDe4LRAkdyAQEzLDsHgNcFA1p1FQDJnD8Crd0K+v60dQK/fVsBkqZnAxt+Yv3fkL8BQ0Dm/OtKFvw==
迷误者之灯,tl+NwJ1c8r89YKS/lr4sv/BK+L9Wr5A/3VqMwNBg/z1Ljhu/1McyQDRAF0Byyy9BrYnLPvdVUsBhbai/JLcAvvhRmUD6O+K/3uUHwf7MBMH6rr9AcYC5Pw2HBkE/CcjA3wgrwDeRkj+7uBNBpoZSQOsW/ECui8i/a2DDQNa2DD+zXM/A4NUGwBaikj9A1fS+8ECPwGF/C8GhOXk/FHA5QIvCxr29OhRB+lyuwLtc3EB4n/dA7bOMQFMCCED7HSI/n7ZvQQASKL29OTdAE8grQIfUv79wJaxAXruZQFbzp0DdF+q/yOuHQCAgZT+wdBTA7LxpP8tnLr/mKnXABAOxwA==
破损的面具,hAVvwJjLwj/r8zjAS9zTvsCuob38lts/QIrAwNaMbb/x6da+/UvuP8NlPMBfIg9BrLeXv2tGEcCodfC/uhKbv+7iBkG+dZU+JwsKwcCgG8HinOpA5tbwv6h8gkEwpO7Aqz6cwIjJnj+2DxVBAnaFQFymtEBpvme/G4e9QDvLA8DYUYJAWrl1wAhOtr0V83k/FIucwHBeAMF2DnXABTZYvwBJIb9z1z9BtMA9wLwul0DOTjhBHQevQP2eXkB8oUy/XARDQZxorj8JwDBAwne/Py78N8DqMM5AMtjxQJlKHUDqoMI/+mDnP7Fi7b9km5DAfukwQMePzT9Z/WO/iszxwA==
[天光]的指引,ulEHwKtrSb/gRA3A3/PUwDBdGsAQmyNAbLfevjpxAj8Q5O+/c10aQPt7gsDpbwdBxLyUQIxPV8AAcZy/G5ZKwCRsYEAtQOG/pn6YwPZ7zT7/DshA3G9yPy86ZkHKAeTA0DwtwG6CG0DSaE5BOhgfQLlNI0GiX++/2PrlQCongL/+MH3B52lGwegfYz7RYxTAH5gKwDDjBcGhe+JAmdsBvzWoTEBSTjZBrDLYwI4q8kCXdd5ApKlUQGQ9C0DddWQ/mJWBQSwybEDzrQJBaRbYP533ucBxfvc/sJMVQCrV+78+nC+/gR9kQHFYK8D4G6u/xNZnviChob/pwmLAaTqkwA==
无垢之海的酒盏,fiIowAsXh0CSH9q/JmTdv7Ecb8AS+Rg/1mtywArQNb/fjhZA0PFFPw8PVEAVdkBAh0QPv04PqsChi7K/xSPZP6v5JkC6J6g/47jcwIYnQb+bWxdArRqdv/F+EUHg3I3AcOYpvjwKQEBtaNhAbnnYQNtmjEDMrVg+yMEbQAeFRMBvhonA+zVYwGDmuD8lBF3AFxcPQKkk0r++v7o/c0WKPkUsDUCFN9BAW7GewD1EacCZTYdAqDZ8P7rSLr9CVda91Gn5QO56FUFpYLhADuCGPYwCD8FTC0JAykg+P3Tu1b8jgek/qSaZQFpCN7/nZuG+JSwawE71GL/r8ajAYpPuvw==
来来菜,vpHqwKhH1L5IgT3ATCEtPwhjjMBGQo3AdzLPwGAlKcBAWmG9GiUfPwAA1UCGw2RBRSvHvyHVjD/gpKe+qsmVP1F9zEAcel7AwmsCwEIiWcG4DIpAUFECvgDfMEEXFATBylNHPqEhisDYyTRBFh4yQMyQBkFapKa9w2ikQH8SkkBsLOK/XFXHQE6ohb8ahY8/BHBzwGaXecHIk4ZA9GsKQbd2tD+yVklBYOn0PzKtC0EOdyhBGeBcQRsGBEHSGCLANzE5QHm5V8CAsS+9ru+EQLTshMCL4sZAGxieQOllzr/gy4nAtB5TQPr5az+gpZHAGF9Hvw7fOsBQdYG/nE0swQ==
摩拉肉,IoAMwcoLiMAEkArAkzBWP2/1XcAYgsQ+t7eBwDDtNj8St5nA0oZBPzkcJsE94vxAQNmiPsbIgT92pAbAupKGwGLgbkBWplnAF98owVxxEMEWoA9BiZnDP7LAtEB7/NLAg5VUwCuWzL/AJwZBLtGuvzHAn0D1OAVAV2M4QdNbnkDuL6u/Kh/av0Dekr04sdU+ksq0wPyhQMEAUyZABINDv3ucwr8o4EFBgp27v2x3VUCl6xxBh6O4QCoahEBlpGfAPYSMQcSYPMDw78u/VTSvQF4+i8CpkP1AZpnLQCCR4kA2z3XAzqJ8QLS3Zz7ESwrAZBTUvv/VKcDBbtc/z8e2wA==
浓缩树脂,80ZYwAC4oEDTChDAJikmQGd2ZsCZkfG/EbMNwXojE8AK12A/Tp5AP4zrK0FNIFZBei9EwP8PgL4EPLu/LpldQAV8GEGk9i4/2KaOwFG3k8H4UEg/F9NZwBuqgEG4wPvAMbjHvzf2278U9UVByOngP+u+CkH+xTfABm0ZQBHfn71C1B4/qkGYQKGzeb+AddU8VLaVwK6nLsHEZYjAYWfIQB3FKz+Z2ChBzQUpP8lx40AbdVtBWKxKQXOfbkBsVvA9OeUMQNCHgT1mHRQ/utLRPmxwDr+AJpZAXkYQQTRT+j4uZtC/kk/4PkBfFMDJvAnBB0xeQB016T/s1TPA+xYUwQ==
三彩团子,8WiewIZvIsAgpBs/Y0nwPlZTSr8A6UjAsaSYwEIruL/Otn/AF15YQISnqkB02ftAqlk1P6vuOUC5TaG/x88PwFoBskBM8kjALvxHwDxZK8HMsAk/NyaJP73p1UCW2arAeEHgP7AYzb99VhJBQochv56G0UCcm/I/q+d9QPCxvT/WYpzA9QoHQHvWX8DVt7A/MB75wDigO8FlnUe+LLkwQWLOlD5v881AXAq5Px4gOUGuucRAtUYpQQT8LkBIv6a/U54yQBbuysA8aAjA7GVoQDKtWcCUi1VAyEqnP0fmsT8xk5TAiOQiQACq9Ts4730+0kGbP4Qjvr8mC8q/9LHVwA==
终北遗嗣的祷献,lAhTvvikC0GDVUHAqzIlQPwBosDdlTK/N26XwFD6/z/5SzVA/Vh1QIU+v0Bi6wPAdbk6wMQF4b+NXzM/n4LpP4ZSXb9w5FNAGo47wWZniMGZX4zAFAuMwAK8yUCUBJvAMya5v07hDcD9jQ5Bdgyvv7IZ6kD4kWXABPmpPRxvTUCh7WVAL78yQClvCT9V16/AATSdQNJDv8CgICjBCHazQIHD2j96pjdBytrUQGV7r0Cd8DZB5DYMQe7U1r7gXY3A3iScwDtVCz/1f2tArsCNvheJm8BCEwRA+BalQB6VC0HAack8WJkbwMs2TL/2I8vAPsOqvzY6lj/ieQ2/mGSbwA==
央陆弓原胚,YJBFv741GEFTmZPAiYXqvtSoBsFjiF2/PcsxwFDk6b1rDhtBz7MfwAYvjkBaR73A5BA4wckiLMAqNB/Axg3XQMd0o8BJqcRA9mutwPgcmMA0CQXA2jNqv5LIuEAxv0HA7ih5wMXVL7+2Q9RAsDAxPm3/s0DsFdm/kKpnQBaM+EAuegjAQJzZvoiHp0AvBgnBnkQqQcJ/RcC9Kz2+YznJQL+PS0Dk+S5BL+lmQB95rj2zTxtBcAQtPyixuT+eFzPALvp7QL9RSUAr5MxAsWd5wJOukb9c/iq+nMwJQe6fL0CE8vi9qSDLv8xkYT7gfprAV03KvzVmrz+kS8s/v5+vPw==
烈日威权的残响,X/YMwKgR0z8x9OW/3+4UwKPJfcCYVqe+2AY0wFzo7L4aFcJATD9TP6FEg0CGAWPAnKTzvzudkcD5HOi/Py+wPwapjb/0tqE9THKowMQhJMBQqyc+OmwAP4KFnkDy4YPAWKZNP3S+pL/MNUJA4CuTQP0tpkDo1SNAeoMcP4CMgD+RrxfAso8wv4Ap0z9S6RzAbP7DP8zQcMBAIk9Apb8/QKpGZT9ZUOtAX/wNwG6err7Kca5AHyJrQNhnFb6Q5qM+PplkQJvpwEB7azJAV8mHP6CuyMCiBxhAqsG9P6CeDb1VS42++Z8ZQI9/fD8bkks/fxZGwFinM8DNCY/AIK6ovg==
[诗文]的教导,r55jwGKZyEDm0kO+dzufwN5PcsCc9/s/pFQbvyDmXsDP6DxBoJObP635675yIujAQuiWwH6JusBly68/NmYLPx676j8GjS3A8B0mwRT3ucCfbadASL4VQPWB8kAuRd7AfHdWwJDxBUD+Q0w/7LmkQMoh90BPhHpAiwd3QK553L+tQAPB+p1swY5fvz6GG6jA2NDBQCWalsDhhtlAWRu+wMxtEb7ML05B3l8ewDGzlkBVIh1BMUuYP6LEqz+yQiFA1oVhQagqAUHTmPRAtJxfP2gvcMDGwq1AbXnOQCa4ir/Lu2g/FI8kv7VMTsB/eVvAP865v2m+VsC4tgPBz0WNQA==
藏银鸦印,N65DwJ9kiD+Mmo7AyMCsPqkFBcDwpE69aNmXwPd4TMDwQko+XAxRP49YxUCGgedAUrvZvxHSwL9uqqk+ayUbQEiyCUGY5aE/r/SXwGSeN8FXXSJARHxbwGT9PEHi8rnA9CR0wPZuq7/uUdpAxWsuQAX13kCWczbAMqujQMj/vj8p7Sa/HD3ev1qgDr/ODQBAMEyqPY5UCcGmD9C+EhODQEzwTj9hzQhBXMZiPiBw5kDQKCpBMOQUQXdmJkBEgB7AboIwQASiLcBkceY/e1LQP8TnAMBWjmNA/ErDQBROAUCVsTK/6wHMv9IGjT/3d+TAWTG7Px3hrj+4NYg/4KfvwA==
寒涌石,2F34vlMwuD4a8ni/2otYv9dPyL8wbIk/tAwhPmssFT8i52i/KDAsQCT4Gz/71pi/fpPNP1RODL9qFhJAKHQ6vwMMLUB8Sls/8h2awLMBkMDrqJC/VjkHwF4rAD+8nfW/vDmmvhDU3b94fzlAdCTUvzjWakDEw/2+soYRQDdwqT9vlQ3A+F+fwP4AED5ca8m/2JE1QHhmecD44JQ/PdXUP9DLxj+1kqNA0pLgP/crhUDrxIVAGAucQGRHyb7W6TPAOrlhv8NwlL+rKd4/pmqEP1+kVcD4O/w+VposPz6lkD/fMam/ao+1v6Rr5j6PMhrApi/8vuDn+L4ksGg/S+jWvw==
香柏木,9P32vyA7wEAiCNg/pdoNv4u+FMAG2xrAYGtzva1nV8AR/8hAauC4v2uUa0CFMoVAEcqKwLdgJkDgbCM9W0b9v/ZL/D9QS4g/jeMVwPOXj8Di6sS+gE4PP+9FD0Gx8xrAw7cMPqrTTUBRS6hAdLUyQDg2jD9ygkBAgU4pQEuiXD5VBkrArteLvzJhT7/CgRDA1o8awEDeHcB4TxlAG6kkQBP8NECR111ATMM6QP8Z6D8dcbI/YNInQAX4jEC1N249XejUQPWNHkA4+CJAhHG2vkS4oMAU86I/25LLP950qcDcs7M/JlgqP7MEk8DzTIC/XGDDPjrU1L+OaTbAjfxbPw==
渴真之花,eFtvwJaOHMCpfEE+XcXWvshJGsD+lIE+ae6bwFyKU8CKSlbAj1zEP45kCEG4SLxAvJLZPyUE27+sCao/xAINQFKwDUFIXSK+Dh5GwPD1SsAA6UC8PC1dwDwNm0AAWRfA3G5aPwdu9j/nbtNAILw4QJLmiUDYbFU+8lJGQFB+BcDmWs/AExaGv/IBb79LAx7AGkj5v0cIn8AosaNA07cbQC80Aj8KPm5A5hA9wJZC0L/9woRABoUOQd8aIUCO7V0+Y4qRPmDiUUDupO0/4htIQFQz0cAuwmRAAuokP4pDOMDGui/ANl9BQCI1175Qoz3AGCHtvzs+/b99izTA1s0NwA==
衡仪机枢,Z15GwCojLkCWbGzAmXqEPbvKIcDaXZq/u5zMwJKPHD85QKA/ftICvwj8jUBOX1FBLnYowJUX/7/kWyzAbCn9P4AD5T/4t8Q/5JmvwN+ZAsE1KTI/IbBLwNr9a0EYJbbAHeTYv5hThD9sgl9BgM1JQJhH30BSkivAfcSLQKM72T9oeSzAluPJQB4x5z4lsSS/ZJy/wJWYA8FjZTDAmIuvQKUdmT9ekB1BB1ROP8tyD0CJXSNBS17OQIzLZECNgBC+AjbFQPa/sj9IrHFA2RDmPlaIqsBqyW5AukvXQA5Owj+Cf6G9oYAkQDtGUsCzzJ3AnGQVPtmjzj95ldY+K2iiwA==
斗棘鱼,4YKov7MWCsDNs8Q/5EKhvwQ6zr1fnTA/CaeDwCaF4T96uL6/F+s3QOdl0D9HugdB1Cv9P4KwBb+EJrg+YdYMwHVkkUCFX1u/uctRwPuUXMCtH8g/jRfkv+45v0AMCAzAVVEjPwB2C0DD99pAWJ76Px7ZBUCfRN4/AWkVQCW7CcDUK/S+FcdSQIQvjT6XGxG/eBXwwEUilsA/onM+ugsKQFWvqb9IR4pA2tgawIaNIkCwijZAWsSfQGgBDUAltUk/YNyHQFBI/T+UVqU/LJ5VQLckGMDRgGlAujCtP+CZszzBjDu+KKFWQLjvr7/7HBM/5qQxPwJWYb/6lYTA/AaLwA==
勇者们的茶会,kt62wBOi3b8fHm3AGpw1v6i6mcCMnNC+diYSwdT2DcCA2hjAGTCGvrUj5UBZbhpBUL1svri8XsDgYOQ81A5jQHnfG0Hw7x0+tnSWwB33JcHlYWRA+2N4wPIHLkGV5rXAFjgEwEqM9L8AawBB2x91QLnn20Ciy8i/OJOiQBaaLr+uDq1A05f/QBgbqz1gxNi8zGpEwBDBA8HsjOG/60UWQJJQKr8tEAJBvcR+wO2iK8CYVRFBdb8mQQFb9D9Sr9i/3ZqkQMiBkD/vmie/kK0iQNygdcDDlsNAdMuTQIe/rz9rS16/Bn5DP3fA4z/xN8XA+FssvUwwVL4BUx2/XGnswA==
绯樱绣球,W6U3wA0lkcAsGde9Uwx+PvBZ2z/QNWg9Y3KkwErxCsA0RjjAR26DQFov30BmjTVBxPWaP/YU6j93hEW/CaPTvzdzLUF+qbO/BWCFwDha0cC0yv4/y28wwJ84JUHSV43AnMZZv+CI0z8bWRZBYEzgPmpsmkDW0rM/ECH0QAc1Gz6w/1DAxQpXv4v5FcDsB7Y/Kp0WwRdUIMEwGvQ+/cesQH3kwb4jMsBAzJZ5v2IZC0Ee9QJBM+4XQTVhDEBmUQO+XkeAQAAqd8DQS2E9pDFjQEXP7L7tYJBA3E0wQOCC3j7ZZA3ANBZ6P5aakb/NsjrA/BNnQP//P77VUse+qofOwA==
破旧的刀镡,nmgGv9oQUj8Y5c2+ivaPvwD4e70oChE+JzihP6g2D8D5OZRA7iA9QG0cfL9Gl5nAwqI7P3GsXb/iziRAMrRMv2KVvD/zOZa/FWSwwF2pscDsm9E/tDnDvbDuoz8Zo/+/khoBv1aHs79NpeS/bOmDPwNhuT8IrpY/h8LYP83qjr4voyS+LpvrwKQrkL7saAS/YNcoQEL1asB+iy5Axu0pwHBj0z/JfIxA/+oMQJa2mEDmf3hAanFzQEaE/j6Sp/m/5JDtP9o2gz/c7AlAudYcQOWTOsCkAPo/WsQHP2wORL4DuxU+REkmv4uvLz+mnX6/FzIBwKWhM8DMM9+/X5BHvA==
夏栎木,gyBPvxub20CZ4tm+CoAKv1LRsr9KQOG/eAw6v5zZqL8cv65A1e9+P0DkCEA0IwlAIlFNwGiuhb+6rQLATmkHv3DZsb+/RZY+Jn6ZwNb648AQ6i8/XLXLP4WSLUFrhpfAmE6lv2iNnz/viNlACK+EQHxojECiDgzARONWvwKlDz7S3CzAIjUtwHDZLL1MIPq/kou4vwLva8BekCfAeXEwQPXIIkAvuu9AydmnP2TYlkBi2Z5AnDSHP0jKMkDaCrS9plPpQEPoCkAqMWVAxTulvy6tYsDZroo/VmRDQDkgcL8cI6E/MMv/P0bOVcBYYMq+0iiIvvYFtz4bzlPAQlDHvw==
[笃行]的指引,LsBRwOA5yEDWjsm/oUW0vf2Hf8Dr+Zu/m3vmwGNLXMC4z5U/ZvSDP0kh+EB4slxB1tHIv8CLG7zA35a/thiZP4+76EBgGfA+Oqz8wNq8KcEkewRAKdjrv/JPlUG7cwzBEiIlwJq7hz6VeFJBGXOHQOQBFkG6jjK/+CDCQNKwCL+8e/vA24qKv5f8zr/OK+u/ai4hwM8FEME+cijAm4PQP7bi/T+6rUdBOErDve+XyEC2SzxBaIP8QGmepT/2p92+2dwBQTLNAkBVBDtAYPqxPFZphsAKcIxAe5TpQEBTmDwHxMG/CO5zP/XnoMDt6MDA8mnoP6NxJD+4vjDAkwuzwA==
白铁块,DcnWwOqjcD9Gnba/VEUzP1tGQsD6CU4/opUuwVEJRsBOK3DAMmuwv2u0EUCawppBYDT6vw/slb8NG6PAiWwKQEMNIEFY3uc9/DwVwfuIHsH7S8VAXKMiP9Z0r0GnQB/BMG2JwKoWHUDKwZBBLIAcQPiwKUEUDarAXGMUQbG0NMCtbvzAcPrdQJD1i7/j7o+/KVQawQjsLcH5niHAAZ4Ov1z0CsCcUjdBdSH9wKoAK0Au7U5BzXwCQfOhqz8IAClANNWrQfgIgD8wHsi9Pi0hQCNdPD+ED+BApjMxQbhhqEBTLVjABHqfQMa9N8AGruDAS1JHQDj0EkDyBlvAvATcwA==
辉光棱晶,NjtIwEuyEUAHQVnA8lppPyJb9L8o6rs+FQjnwIDfOj3utl4+5bNoQBAMwUC92qxAgDqJvaI9j8D/w62/bvdKQEtvlkD4Jag+8NkjwQZVRsEcvSZADCFXwDfiMUEoHM7AvqgcwHRIIsD40+5AQ65sQPg2AEFhwSLAoJtdQJYH8D4knS0+E4W9v8DBcD4YGH6+c9G7Prg7D8F4NIvABoOEQLmrrT47BTBBKat0v5Baw0BebVVBIG3yQBZkaL/q2hPAUKdOQNi38D5R6AhAuz+pP/3IdMB6EqxAcA+vQB6RvEDlboe/Zo4gQAWYqT8iroXAGCrdPTCBrT/vJZi/sPPvwA==
纷争的前宴,4OKYwFcS/MDAoM7AexODwBcQoMC6V5dALo3FwPAF9z925ALBnBYKPuF5cj+v90dB7djrQJGU68DslNC/9gs0P4OLPkGO4SHA2Z0HwLHk7745bdFAfbWQwJVZG0G0+rrAlWlRwFieOcDvzTpBn7ODQJDYVkGgLWDA6DCzQFjfuj/WGDfBAPmWwBCqKD1as5A/g39tv0PUN8FJjB5B6tr8vxlr3L/eEjhB7tVWwWH3Eb4Ppy5BBNYTQaOe+j5Gww0+QeMXQXCRKb9vGwJAP4ifQIahgcBSHYFAc1WVQGiGOECe83HAgxEsQOwuaUBq/MrAba77vodeOD8EL4TAgwwywQ==
悠古弦音的断章,aA9XvyMR3ECophu/rKxTwEqstcAuFru/1GFZv1TLub/Nw8JAZs5bv01dikBlBGFASTMlwHE97T6cEd4/i9b/vaBalT925DZAunGKwFzIPcC1wqm/pqhHwLevJUFoBFTAmHy/vqrKjT8DShVBoaZwP/gJb0CaJbg/rsOFQLwwdz9Y6G7AeyAqv6C767yBX4vAtqsOP7QqisB8IQo/mzgyQJmYjUDmq9BA9X4xQAFldj//G0ZAgjGfQC7Ywj+LnQPAzh2OQNPoaUDjQrVAUWxCP9us88AiCAw+I5PSP8LWoMAByfA/CEpCP+49N8BDGyvA4rjiv4hxzb83Rca/vxCyvw==
降雷的凶兆,PPg0wCBbhL5nlO2/cLfdvxL6yr88fHw/qUh3wCZFoL+2+MLAcLLfvuM2UkDrwgNB/0tQQABVdsD8bUc+1rANQG+A30BWAKe/VenLvxLRFsDIylpAM3YwwMqxIEHG577ALlqGvzKJXr/0r75AsAq0QPxIm0Dm1ru/KIPRP9B0h8A2pA4/0IetP7+1A8DbePg/mlwUwEnakMDv3IQ/tI01wAlDib8ygtFAPsvCwH70n8AewohAl/OpQEh3oT3b1YU/2NuSQBnKkkDvMYm/Do/MP+RuoMDSa31AzHoEQDj1j8DttoG+0o4oQBqO+b9dAIXAtn6dvs4YWT/cOsS/ODaQwA==
异种的期许,3U7twKbVyb8+dqC/cTvfvyBtE8ERQow+uokQweA6Az1Y4bTA5l0jwBZnLkBXTItBfLCLPAKUocDcWWlAfkVxQOAsGEHd6gJASAeQwK44G8GAFK8/AtyswDl1H0FOBpTA8oK7Pt4txr+AJWRB8KUTQEza5kAxpLbAHa6pQCZwJsAXFDy/EnmNQQCRl755iQTA87BCwOhZ2cCOmVxAmJL0P5aT978xccZA6tLqwHQU6cC7aZNA8j04QaJP1j8u/YG/yxgQQeRFjEBZgr+/uEjCQODT98ATCb1AbQntP7eRoL7wwR7A84O1QBI9/D8I3dvAJhpkwN59Fr+cLY3A3mkBwQ==
黃金之夜的喧器,nNjEwEu7rcASRlvABB/OP96QSMBAaGY9BzoWwVhp2L7VupjAXSwiQNDdSkEydDxBJt7OPwyWmsBQZwc9GpFqQHA5L0G0ZwbA6uKlwCwoFMEVjipAtw1ywO7QoUDB78DA3LrpPdyrQsCXDu1AVhHQQOB1+kAARTm/pwIiQJujVT84lqA/XKGiQIIqIT8nlqk/sjSSwKHwKsEk7U5Am32dQIYrSsCVAiRB+SSXwG7v3D4rfClBqT1LQUgrJ0Bolgm/2UGSv8DdJT/awhXAdBeWQNLoZMAZqf9AS1WgQPxrPEBe+pXAUk9uQELaQEDA85fAWlAnv8zy/r5UnBfAyAILwQ==
星与火的基石,UIDPv4o3QEBkAeA9iXnEvy031r8S5MA+EyhXwAipTr/WxFJA++e1vhpkgUCPiaNAWLAfwCgyL70wqNy/Q2Y7v9Ile0CKRjQ/3p6AwODxN8C4uC8/rnpWv9xHGkHHQnvAYTKNv3+wZUDYZ+xAxOv6P5fqeEADcVJA7TKAQErKP7+8jozA1pZ/v8Av3jwhSgfAdLBgwOq8hcDF1lU/aSNyP0KEmr66t9xASqjHvzZpDEBKV7tAhgJiQALX/D/RHQhAt7LoQBnVUUAVxjpA9gK0PBYeJsBpjS5AztewQB/Cvr8BCgU/klOKPnEXmcDMrTnAhHbgPybWUL75L1jA7DrbPQ==
云岩裂叶,okn6vzoKKkDZkCPAYFaPvEma/r+m2tE/f9Q1wBCEez2XIbw+MM2vPjORP8AsT/8/ZmUWvzFTM7/4Vqa+RmCnPkhIq0AkKII/CkPcwJ/TscD6HgxAephRwFOu7EDXpnLALMowwEJS/z5ipOJAHTXVv2epZUDEHoG/vEeLQMxZ9T673yFA/q+Xv1R+Db9HZxfAet/uvve8rMCn2MW/6MNCwIw/3L2UoeVAcK/vvR6cTj677fVAoZadQNjOBz/s9ty/JbGvQHKIkj/AtxxAJcqiPzFltb8buStAae6pQOBxsT8qNDM/otjrvjB1qb9C6LTATk1KP8GvkT8kils/Z3AiwA==
灵光明烁之心,hc+nwJmlvz/Y7vA+N1uHQMDEYr1kaee/IVsJwdxYw79vIKi/4NRIvXKcP0H8FD9B1hiawBbtXD9jzJTALFKuP0aJ70C3lBs/B3liwFH5xsAg/Ho/nesuv5o8IkHK3XvAj2lfP5uRgUCqeyhBUXaWQPBDfECgC4BA5dxqQOr0c7/YujXARRAPQADTzr1uVaG/Qy7CwKLnyMBl+J6/iSgiQUhF7L7uRKpANIENwHrPM0D+tOdACz22QGhul0CnbQdAW5xHQMbxaT/+CxI/htK1vhrkZsC0lahAcg+1QCeYsD8kcti/JeqZQL1XBMCUvqO/KIdHQLKEtz/NMkTArECfwA==
长夜燧火的残照,h0BzwMsQzD82s7TArjldwAChusDWS+I+Nw/KwJSMJD+WJpA/XIiwvqOVGEDSMLVAdV8QwDUr1cAUkBbAnFxyQAyzWb+LegxA6lP0wKWfpsCWU3tAvPgIwPReYkHXX+nAaCFCwCJYrr72BjtBCFqjQJFW7EAy0F3Aiv+zQC8TsL2ugcA/xx7+QHZgHUDUDQTAFO2hPue0xsB0qRXAQswWQBwZpD9fkS5Bm5GbwKYEgcDYXwlB1hGSQG7VsL5cPei/x7YtQQTlz0DO54pAutAyP0ViAsFk0pBAQVJ5QGJX6j/oEuI/HpOGQC46xD9iA27A/tc9wNI5ab7yiyK/OPvEwA==
外世突触,NJQ+wJ/yF8CXmIDAlaQLwGLVV8B20CxAf+OQwG5uRb9weE3AennNPxwhIUBLDLpAyRZLQHr4wcC2F7s/UmJhQK9jqkB4Fsk9SUzNwCGLkMBKRWxA5HGMwIO+4kDv4oLA8nU+wBos2j5TB9xAxWFLQMTPxEC28JPA4OGJQMmaSL/yF5fAc4K2v6NCaD8FTqS/+TbAP6R9p8A9gwtA748QwHDLnT2OjvBAivujwFXBAsAFLPJAY/PEQJAfBD+dfq6/RuK1QJzihUBHeWpAUbhFQNj2rsAEApNAVy1DQL5Z9z8V/la/j7/qP4Bjuj87/LjA9w4RwCqOh78ajoi/XL+KwA==
燃愿玛瑙断片,Is0xwOysWj8xk9O/am+uv1KTub7R96O/OytLwF/gjsAb6zy/gRoTvgxpKkHOA0ZAONmnv0bOlb9I5Im92PgOQBp6qEDCwQ0/8Gzzvqs3DMCbVQFAUezRvw3CD0HtLI3AzxoTv51mV0CoFl9A0JO5QKmw9j8aHMo/WBkqQIz0LcCFxfi/syk8wLSfBr5QPZy9rfmzv6ewUsDynoI/DC4HQGYd6T9LKIhA7JHEv/yKrb8DPWBA0A6eQMucV0Cr/a69WpCmP5LpjUAeaStAjq6lvr8m08ABSV1AeVG1P4HewsAeK00/tiN0P0pvEsBCUEXAHA/3PmCYc7846q49Dp+bvw==
褪色红绸,viJRwDvY+76c4Po/H61xPynv+r+gPec97F3Uv8FbV79DjkZAMFntv1DCc8B/yBJAblU9wBqStj8+fJe/brokwHF7dUDCPFA/WK4EwDRi177sD5U/6CIsP9JB4D/NI3Y/+tbWPVRbTUD8evk/TEitPw8WbL82GSFAPAJCQO1EcT8qI0jABGuWPy4r7j89kQrAvGz6vxm6ir9bwKxAZSWsvwwGx7+j0rY/ZNWov69Bxj6eNoQ/s7a/Pos3T0DFGWq+8tMMQTw4Xz/8z5m/ikP1PzfEjr+wbxRAbBE0QCKIO76DWZO/sJauP4JHd7+o8t8+TNe2Pc3k2r7Ley/AN3GNPw==
[浪迹]的指引,wpL1v8YXOUA+KU4+ie1Hv0gBqcDtSUA/f9XmwHI19b9ghqI/j+9IQAoz9EA3UUpBX9qCP4HFaj4Eoyo/gMLPO0oTGkHgbxk/sHIBwSVLIMHNyZE/4XxOwPaqYkHI68DARlsewFhUb74z50ZBSiCDP4TEEEE8NKu/MF/dQEdRXT+qKhbB5AULvzZZt79i9VzAa7YhwEIoFcHPzDDA38BdP6rrlT8xSitBL3N0v2M2B0HGXSxBbT4UQRnOx75t8K2/ol4BQavvlb/nW9E//qYjQKb4V7+ipGFA9qKlQJylHECtUw7AoJKrPFz7DcDtDLrAoGMlQMzi+j1ttozAsQkAwQ==
[天光]的哲学,crZhwJ7uisDITj2/dY3JwGkdCMApdJU/7MzlPkSPd7/iSdO+yfJLQL7VEcCGGvtALSChQMXUVMC0R8a/qs9mwHUxhkBgJ5nANH51wD0OdUDcw7JAzLbZP2QiFkFRkcfABGHvvXYilkBO2RNBB/ifQCt7+0BK710/jKbVQPivpb3kg4DBtYoxwfAqVb2X/Ii/aMtHwGObA8HRnCxBSXlJv168GkAKUg1Bl6IKwfu50kDA85hAlL4vQFZxA0DIkes/pFx+QRHOpUBB2bhA8aVIQICB2sB7SipAdaIyv/rCoMDv4gDArWaAQN0HQsCQl5c+7lqkv5vANsClmNTAorAywA==
少女苦短的良辰,Sq12wIFFi0Ckbn7AZlW2PvRzdj4+0Im/lp2qwOzvQsDoG94/HwZsQEjsbUGZHwxBofIHwBuji8DPtwLAfd6vQOuOjkCRAi7AfpY8wbTEMsEMwwJAhBFkv1bwX0H7iUbBtd8IwLBekr2gFSNBW826QBJ4O0GC+kU+OcKyQNrdnL4o28rAfr7VwLbVKMB0VbA/e6FXwEbjQsF7t5e/n2KLQCC/WT8uNXxB/OnmvlcUyECBt4BB5+ERQQv+pj6+GFFA2KluQLZ+W0A6j6lAIy6APpnKlMA5Vd9AJ6r/QOp7BEC3WAnAMOgFQEzYgcBCuOXA9K4cP0CCIT7sizvAYIzrvw==
[正义]的教导,nV+qwHpkZ0DrOl5ApYODv6uGPcCufqG/drrUwLPsj8COx9dAc9Szvy4h9j9Gh9BAsPaRwD6FOD90XBvAYH0wvygzqkCOsjM/iTnOwLS4nsAQ11VAry7DPhvGZkGacITA6DyTPQA6fECnrfVAAaYiQFpG7D9f811AjXftQBrIfMA+zNLADezYPwa4g7/agUHAvEuewF6dncD+Dy9AOhVVPgj+CT+2TXhAuEIMwFNjoz8fUrhAuR5lQFg2vD8EnH8/BfN1QW11rkC12+A/Lnw2QNC2ocDws55ADo40QNYoRMDvp6A+UM6vQO3ELcDmtuC+hkOUPulZCMBnfsvAiVtXvw==
满溢之壶,pZTzwG3638D4IqS/r4k3v2s0bcDAxeS8zSjrwF9fib8+wd3A7uu2v5B0IUEoEWpBaBWIP7x7h8Crzzq/BbBpQOpL9UBLtje/D57Pv41NyL9ANf4/GTxYwIla3kAZNXHAkITCP/MuFEC6jjdBqIqhQGotzEAyULc/2VnOQIhug79syQ3BfTrJQGhpzL3DKQS/xYGswKW55cBrWRBBIcb/QMUdKr/i1o9AtvjIwHWhpsA3FItAXL8XQThZokBJGx9Axu6PQE2slED8csM/Z+NQQAylGsHnu85Akjy0P4O+O8C6MW7Ag4DmQJxKgT7g8lbAHwISwODuJcDlceG/Wo17wA==
蘑菇,DmF0wAY5k0Dn+G/ALDPXP8DnVb0A3mjAa51fwMuEr79S2IxAzNcZP8xQQUB7aCFBpGomwIMyg7+oVB3A33KRPyCXBL3kEuC/OG8KwUQ3ZMHAxvI+snSYv8f+eUHRZADB9pbzvjbNqb8iIy1BKtI1QPDA2EAOUkHA/c42QOrn0T8YFrG/oDZdQBu3CMBoYnpA5Iy7wImJKcGSryHA43pxQPVF5T8GvhxB0qhlQKQaCUHIDkhBHIUCQURtL0Cwkwu9l4yaQCU1Xz/Szf4/iVJFP4nN0MCkZWNA/U+4QPDJ2j9Iqti8JAUJQKyheMB306zAUyuIvjqlfj8Z28m/0f2fwA==
「蒙德往事」,usCywAGZ7L+oF+c9K0hrwOWmLcDSOpa/mX4AwNUjQMDuEn3A03JnQGvLKEFqujS/4tgJQN4UcMBLvg9AW7wgQMgZZUALJYDA6enJwFOoLsBg+Q9AvBBYPoiSVUCTN8nA1PoxQBIljL+QsWFAxtdfQD552kCYuzJA8DiMQLm06b8RQBrB03IHwRin6L+Xm8S/dlXfPwu7B8EZAtFA58NlQIun4z/A8+FAyr1CwK9pyD3zwKRA+NQEQTYbob/WVeA+CVHRPx3tg0BFrQNAL5WZQKGlJcFoVJxAH6RMwNyfGsCBdmrAKbW4QJruDkDAZcO+6pCSwMR+lsAmBX/AypcCwA==
紫晶的花冠,NJ8awL9/Aj5Qlts90UuQPyomvb/hvU6/wH2twD16Ij/1q2o/AhnaP0r0q0C8lsJAxzoxwHihIT8gq729FW8Av2Npf0AKfgBA3lunwDrs48DKNsG/Lb0xwG+ElUAyPBnAEnCFPr5Njz+8fPJA5rvcPpsPAkDK9glAPXWQQDCLgD9yH4FAHnv+QLVwlj7h7em/wj6FwCc6scA7IhDAIizbQCUDcb8MDKBAj3CeP7SVBEDcaKpAkmLVQG8x3D9dHp6/WaSpPwhx5b7esTs/ucQQQEf1HcBlAXNA+hEzQOInEEBCkPW+BiiqP2lz4L6/Yc6/tSG5PnhT8j0dnoK+1ZI4wA==
祸神之禊泪,IPSrv7vrjkAvghvAzm3jv085p8DoZnY/Pn8jwCrHVUDEXwxAum4LQE6HSb+KIZtA5qtWPsRbj7/oMhI/Yx6vv1plCUA4mx++F5IUwcNILsGoJeS+yBZ/wOn8HUFmOLLAPyARwCJaLMBtHztB5Fo9wLX8HkEyzGG/8QmxQKF3i0C59GTAPwP+v9jY4L9hBw/A9aV4P5rpIMFbqB7A/CcDQDGvUD+xU0lBosS4PwgQGUGIDEZBje72QKv3k79ezLK/UG+QQJ7JCcA63DlAEgnCP2xDW8B8J9Q/rW+pQJtWoUChK0i/3VoDwIauD8B0G+vAS9lLP/DFuD+ap5q/cbjKwA==
蒙德土豆饼,8Pj8wOCk675fWK9AxZBLQCHbLsAktJvAtqz2wGOEQ8BJ1e6/UwWSQP/0JEGVy5VAUTK5wNGAA0CGoe8/ALvePwLFd0DgDi7ATqn2wCKuhMFfhYrAHfoivyaOlj6sIYLALeyFQL8ZPz8MrshAQVPEv2gabkCo1EZA63plQDhOez+QhlfAJS/cQMzzLsDgfAbAa7eSwKmvEsE8IBjA7IxxQZo70r86NqlAEDxkQIYTJ0FBlQNBLo01QWYOHkD2W9W+T0R6vw+qzr9NJl7A2syEQBLDfsAD0txAewqLP8jFAEDB0fPAkQh6QHxoKsA8IvS+8KaUv+41MMAmEWTAADqMOg==
牛奶,pxabwBlJlkARH5bAjSlDP6B9AT+QgAPAotwZwHCqRcDatkBAsNCgPNVe1kAzUQ1BVTf1v4HiXcDOfNA+0Iw2QHf6KUArn5a/LsQLwew3NsFn155ARM/dvyKQXUG0dQXBK5/2v58ECcAiVe5A7CjiQOwrAEEUx4a/1Vq8QIqXEr+FUTTApISqwGeUtb/06IBArvC5v6cgHMG70lNAxHkyQO1MGkATjCVBJPbaPlZ1kEDSuCNBgyj0QEp8SkC84QG+iEOgQIRN4j8tqahAELrVP4JqCcEG1apAGdmRQPlDA0BJROQ/rBNYQMi2GD8QOrfApIUYwCYJy7212uS/pHHFwA==
秘源积气喉,VXpFP6ju2z8OKzHAdOJmwB5vYsCqls4/sZIYwNwI9D9AxF8/Fj+LQPdvqD8ArL8+x4SqP2X0tsAk7VQ/LjfxP3gYWL/L2k0/NBq5wP56zMCcVYE+bisEwHqN3ECtYo3Avo4KwLn8mb+Y9OdAhT7tP8KL6ECnSdPAbTdavwxGXr+SaTrAXHS+v1dC0D9YMFXAAd3SPzHqk8DPulzAEuRjPx9qyz+/nxtBEHA8wDUOO0COH+dAqtttQJ84gb8UeKa/Yjh6QJO5Z0DwyJVAi+6nPwiRRsBufpE/CVATQFy2H0DwNRW+9IefP3yXQj6imwnAytM7wBR3wL2NMoDAYwZqwA==
明威之镡,AnHJv183Vz7f0cu/jhDvvrbvcL/4LQ0+zkEfwDhMP8DA07O/OFocvaR61kD8vHhAHha0vft9gb/Jbmw+9zMIQOAOxEDwjGA/lupBv78/1r8KewBA3j+9v3jfy0DsXDfAsLOvv+adFkCxwmxAHq49QMSOCUDsX9a9YQArQGA3AMBe7QXA2UUpwKOnBj+OP6q/Go/TPjLnQMBTLwdA1WjMvkdlqj8RyFpA+b8FwKMd379SnDRAxaCIQE0xH0AMCb2+64QaQPj1NkDzMgJADys9P+aUGcBtuhRASko3QItEQ8Co/06+UozWPlz4GL5/E1/ArFaZPkrxOr+EWWi/sA/zvw==
蒜香面包棍,6DjOwIIlyD5UnVM9XQEmwEAjUMDb4S7A+HxFwBWRz79JlRM/JORsQDLC0T4ylyVBup8oPrOxkb8+hHe+F9xewAViS0AdPXDATskPwXmdFcGiGRhArMpBQIm1IkF4eBrBaEI/PxyeAT4iUTJBMe+JQDAcFkFOZda+zAqrQFLGXD9v2cHAUvMgP1prCcDQaiA+gNpxwNikNMFyWCZA4OrdQD2UQz9NfURBNKtgv7QjKUE/tehAfm3iQE+yQkBIaHi/h4k+QQAP7r6MXAlAlt5qQHDI5sBQz51AElgLP6w0Q76Dh23A1eB6QKIAA8DAo548YGWWv/ZrAcBCaYbAYReVwA==
残毀的横脊,OZ35v0C/hED0SBnAYF02QIzY6b6Fb7K/QdCiwMm9JcDOzptAke5WQN4ky0B1hRpA6PWgv7TYzL9oCGS/9YzkP6y5/j9+3wQ/aXcfwfu9N8Gf+qQ/Rjrtv0vwGUFFfZrAKFqTv/XMrb/YT6pA821JQFYtikAsuoK/Rww+QFAA8z5LaeO/3NgzwAblJ77bcA+/klaAP4Ra48DpiSLAnO4nQBTw1z/7luBAG64wQBcg3EDYkypB+h/SQFizuz3G2DrAX5gNP+qSlz/OAmFASJzPP59wkcA9c3xA/J1zQJALmUC4gvK8zm0lQC9Uiz9MgBrAWPyGvwwQk75o+Ne/cIWgwA==
鸡豆花,JlScwJ9Drr8gWBE+Pt7/P07ey79CwsC/JpW5wLAZ0L46wZi/z+QSQHPJ/z+TZzZBKyM5P9AdNECoe+e/seYZwLTJEUEajS/ANxNqwIjeP8Ee/ShA/yqEPzEFAkHbZafATh4ePqgUScDUuxpB9Mecv6JJ+kDeP/4/zjBsQOv+vT9Dj1fAAEIUQEDp+b+0+aE+FhzdwKCrR8GGk9E/G6u9QL8m5r6H+gRBRF7LPusiOEGAZgJBP4EzQUrBmUC/lR6/bwuXQDC4zcCo2xnAn6llQGugez5PdoFAIHCoQKxsVUC+fIzA0jr9P3NOOT87mQHAT2khQI7shr/4N1HAEUAOwQ==
月桂的宝冠,2hacwOkVIUCK7Eg/GsPJPxVMjb+HrwC/JkHUwExz4T9CBj9ArEu+Pymj8r91SzNBHoPVvxgPXT+Zxsu/Zq1pwLazHUAo7QK+Osovwfr7IcEt2HlA0MA8vl9vEUE9foLAWouiv1UUij8fyyZBV47JP19biUDIWmBAq/TlQHhWwT+2mcc/hT+0QMNWxD6N+iLAwDPgwE7l/8AVkx3AI5yfQC5qob++mAxBvggMQEets0BNbfJAjf6NQJOQYkB4r5m/huU8QUGn2L/KkxxAHIsSQHBNScCutM1At/ynQFDq5EBYaKg+kKePQAk9n7/YxIg+ck2KP5YBAL+DwoG/z8CLwA==
松珀香,4KWPvzEzq0BQ/TTAilEZQNInRcAMvd++gpdhwFkT7r+9HlZAYumHv7Mq4EAQesxAzkbjv5xnKr8cYz2/nU5pQHNC4UBuKhG/k/I8wPIOdMGsvUU/gVswwE6zMUEWycTAnD7avxpZR8AlFwBBJCOEvppLC0Hd/zbAjLKpPVfklD+3yVnAhMsHwNzghL9+u0Q/YCF7v+w4H8G4MLg/AHchvROjzT7jlR9BiMWSPwqO2EAe9T9B3GM2QQ5ZgEByluY/ZzaSP8g4DL98zxc+38lzP5fclD9Jcg1Ac1weQeAXUjyJqrW/AHy3v3xypr9zWCHBhLWqP3FjLj8re1/AZ5rKwA==
小麦,oXoIPo0yE0C6G7/AV2QbvzeDFEDgIsA/BtTuvi6nvr8lVEFAjgaqQPpwVkBjTBrB5guKPuzO/cAw1jm/PfeRQBzNAMBN2CM/DkEnwd+yysDFlS5AsHNLP+BQR0DlQ8XADj1RwDTtlL9uDWq/smR3QGsJtUBnHLvAAHmivai45L8aDYI//kwjwTps9T+iO3++aJ7yQJk8gcAeo1DAuUZpv55QxD9sagRBAihiv857UUBbew5Brie5P2ojQ8A5mx7AJhDBP/X0G0BVAspANbKGPg8O/b97DTBAyUdGQFkx6UDorS4/6OREPwYIkUB85RTAePY6wCIIuD7iaBq+SIpIvw==
蕈兽孢子,2DWPv5dxjUAoaju/MRx8P/aznb9+NR+/lOQ1wFjJ4L74WuVAjfA2QGNaNsDWvpxAM2WOvoi9yz8gQms/Cbw9wLmDrUDA+bO/WV0Cwd7cPsGluMI/StFgv77DBkGvpZzA5tSgv+aCO8CY97pAbBqKv40opkBkr7k/XS9wQChzAkAJTwxABF8TwBRP27+kPDK/treUv9wyEMGnPQjAApUdvmVszD7BGBhBiW2MQPIVPkGGSx5BVXXWQB7Izj9Bd9W/djaCQORTSMCMfNY/uEnaP0ANjz9PcjJA1vK4QHYMOkDsvE+9ytsiwLzO+7+5wIPAdTQIQOJ2FT7qKuO/GNiawA==
爆炒肉片,0U9ewXfpqr+eIQJA1KCMP8rsL7+23KfAVPoHwfKFfMCiojNAkiO1P12V7kArdjdBROsCwaEyWD+AdDk9pUKRwFIk+ECqKj/Aslv8wCkgbME7RiBA+jEWQNhG1ECEfffAJgBBQM7ulECdfDdBPFO2QF1T20ClRyhBQ1EKQSM52j+ulgfAwamPQC5lGMAlraW/i+VGwc5TXMECX6dAfMCoQSw5DcDxETxBUg96QI4PBkHiwfRApvA/QZbCWUEulzg/JRwNQbIBNMAWYm1AdvWYQCtRM8EdMkRBGMgxQLhbNb9/mWrANJ3XQHZiS8ASmhxAN2livxB1pMAfGQbAbFWIvw==
渊光鳍翅,vsU7wJ5FKz9XslHAMcIuQGR9VcCQ3Ry/y6XfwFTJ3D7knIdAcIguQBmuIEG80+M/Fwqsv55dDMA9Fw9A9jF9QJJKpkDI5qy+hEEYwfGfbcEmZUTADv/owCyfDEBGVx7AQGyQPNUsjMDEJ5hAgw5sv8k63ED0tys/lZSAQOfQqEAeslhAScieQEqnfb8ogqK+qn7OP7x8J8H2yHm/fbapQCwVuL9SjQdBUM+gQKCW50BuPWBBEdtWQWXbdL+AOBfAWoQOwc4xW8DOqPI+2Z5iQCX9FMCkYZRAPF6jQNAk5EC60QLAygBUwBKJLUCkhAzBrCZVv/R4Iz85wfo+oQ21wA==
浮游干核,JzydwLS3eEAxKkDAMLIIQKxgjL+TrHW/+eEgwZsFCD+Yh4I/EGPKvo0wi0CWIHFBRM+kwEZ2s780Ti3A998RQMaq4UDMygtAKyMFwTxegsHIZjs/oUakwKwRjEEn/9bAZd8/wDDlGj6Q62xBCyBNP6Ld8kDNeh3AEaDHQE7dMz7uu6JA5eQ0QYYiRb9Cgsc/RzX1wDgRI8Hbf9PAgkoHQTV/t7863idBGs+ZP+pEyEBMS2ZBbIwZQapTTUAKt1W/vmHEQAlwzr/GQds/ppBqPhIOA8DaucxAWmgXQQoFmkBxF5E+oFanPwIeNsDHAunAcZljQOFRgkB6KaI/OD/nwA==
龙像的无智核,N/JDwNxdm0CJAcC/QGqNv8lzq8Cuj82/QcnOwLNwab8sBGdAQ8MUwDoRsj8DOx1BEz+WwG+efD9ajlDAr1nVPwAW3D+eWtw/WPKTwNElyMBQvIS+ID8cwM7+hkHP6NXAHpcNwD73q74SdXJB1DZVPh1580DcO+e/uR+wQFiVWEDgZI7AQUcTQVNoTr/Iy3nA/ImfwGDJG8Hh+Xi/mrqDP9N0Ab/Tt0NBqij1P8Z/FEA7SzFBoe7hQNnSH0AK4Ba9prEUQQiQLL5ydvU+GC6YP5RI7b8EnipANHkIQU5wkb+Tv9e/9pXCPx6yjMCqKa/AXB3/Pmg42j9SgH6+4QpswA==
混沌锚栓,Q7mBv/1LcEAYqow/ClOEwHXAusDaBY+/4sPhvtrRKL9CwehAxE2/PVmyZUBhQkxAo5HYvztqlj5fKTRAEovuv0Tslj9c38K+LJEuwNC4jMCG5++/Cq3ev+9j4UCo4wLABBKpPozdTT+7U+pAlnPPP3aFqEDYiFo/NckEQLM+VEBpXATB0kiBv/C4uL0sDp7AuxPov0VXw8BAdZ9ADWzyP/dq7j/WzvVAmtwCQEwNl0Aj+JBAeFS5QAcGS0CvX1k9oeS0QNLOrj9uZ3FA3O8RQPNMjcDOpj8/O1kFQISQg8A3KMG+td1Av3TSacCSASzAckfjv6qdGMCUuZXAcvcAvw==
炸肉排三明治,MI98wArtrb+of3u+G19ZP8hwD7/36te/bai1vywYor/kPdC/D6kAQCrEXcD7CD1A/Iq9P9Zm6D9G6Dm/5IvEv0f9I0BUumHAIamTwDudEMFb9mtAn6JQQDZxWEAT56HAHjETvkS1kMAwgmxAEQSWv+YMnUCWkgy/fBpTQHrzhT8CLGXAApc5wODlgL+AXzk/kVMav/uwGsHkqoBAGkApvm5uKD4hKPhAKXuzP1McEEEMhclADYfUQLq8KkAhAxzAtcPFQD/vY8Bhv+6/UXBfQGy3yL60zEpAG55bQKwFIkBHs5fAsBMgQF8joT8OB1u/HH9Zv8QqC8DOzpO/0cZwwA==
灰烬之心,3kEPwSqRmkBdgJjAmsdPv8MALMCM9YnA5F0NwdHtwr/ZcDxBMR+ov+VTJkFg70hB3JFFwT2XZ8C3Y+W+Z2RUQDulj7+ZxRFAQwZKwUcJlsFSwT1AQ2JHwMdPlkGNgB3BOiY5wBydB8Bs8mxB4fWuQDm3DkGpbnFATNNOQUDvj0BcLdNA8EsyQfVbKD8AjSQ/NLupwOWme8EUg4K/icNrQXZXNj/To4pB0+v6QEHiBEF564lBjlZAQRRv+0A5vL6/8TkCQWgfSL7/ttxArhsEQBZHF8GUsiZBkhsfQf7vR0C48g1AnD5kQAqnrb5Kv+LA7tArv4SXYb/ehTxAwgvHwA==
双果清露,y9xOwLtPNUAI/pLAB4brPwcLYMBqAFTArOoUwF7oEb+qcp1A3Mi9P0tHAUFIXeBAXjU2wEL7yD/IIV2/MbUmPt4e0T8+Y8K/f9zTwFCxUcGMWLk/kGG5PX+AD0ErVOHA8JREvz+jvMAezfpAKxJ6P7K/BEH6RQdAXLGeQAbs+kDnY+O/DqD8v+gDgT7DZWQ/Gyhjv+y8W8Ej7kU/eLjmQNz7OUBH+lBBixbeQEulT0GiJUJBjyMhQRoBfkBOvELAf3WOvnvJrcDWSGc/BCTMP+jHV8D4JTVAu8fiQCA9akBTQBrAZFSpv3C4bz+wHaLAX4s9P0yOor8QTXQ/Li32wA==
长夜燧火的余烬,Lg4dwJJKbUCFVZ7ACUFXwLPIhcBkrQw/vmVFwJSNc79smoVALJHZvm+osz/2CqA/FlFlwCLGuMCXRL6+Lr59QNGTDsBfnQlA1dzvwInK38DGt49ANi1uv9Y7QUHlO+7AMKZ9wCrLiL8urvNA2mc1QDEBtEAjOSfAUmGrQOeOnr9aSjhAl5Z4QL560z/mBQLANVG/PyYGpcClFTHAgJOdPWcU8j8yTxtBtBkJwA4CPcCSbPNA4IJkQLoUxj1Pusq/gAU7QVXVxkCsiJ9A2Qp/P1lrt8Dm0YdAQq6cQIKIlj8xIzhA9nEiQPrLYz/Bo4XAbQUqwIJds7+UrTU9c9UcwA==
「自由]的指引,QQAvwM5XoUDjjAjAmAlBwMvIp8Bg+Cm+svaAwP43a8CIGTRAVMgKQKlsx0AyuTJB0AudPTdp0j4g0Tm/ZUV7v5mnBEGjbYm/bEcNwQbwDcEDKkdAcEcMwAk8mEFgbxTBN59fwKsEVkAq4W1BoXMtQKDUL0GsaVi/evbfQIixTz+a1FbBQCnvwF85BcABxyzAl02FwNGZLMFeQnG+SbLVv4ofMUCcVllBqsvcv+7FE0FYU0JB8MQaQZOyE0DEFK8+JqE+QRrnCUAlmbhAtzHQP+C7vMCemFJAv6PWQJakjb8YsF+/rA+Kv0SbvMA7i/LAF2WvP+YoDr9mxJrADIWvwA==
「簇火赞歌」,tSzDwIYkzz8hP0G/fCPbvy3FjcCAkba/+f5kwDAMr7//ZVhAHRSQP+4EekCZ4Fw/R+H0vqS1UsBGfqS+ZCjdv3F8NUBgiVnA5uvrwPoZ68Bk8UZAkqwAQFj+4UAEcbDAgH+2P0v5qL/gW7JAN12jQD/MCEHztyhAmuggQM4ykj8LnNrAFNOSwGDBz7+VckDAJxjIP4JiFsF5hplAgOIhQMl9B79w2B9Bk3ryv7VIwkDzs/xA2mvYQFu7wD+Po64+HInZQOZOBz+zbNM/9xyDQKYb7sCU/ZNAMCu6P3YoFkA1ZBHA9zFaQCpI6T/cztG/OEknwHPiJsA6C8/AHDCZwA==
蓝色染料,DO6kv5AZwEArW4rA0e0jQDIJDsCspb6+p3PDwNAgqb6UHohAPeRtQDG2BkHAU9S/2VtBwJRGtcBguwfApo6jQA5zqT891Xk/bVspwSxpjMGYc/K+2LRywIiwDkHwf8jAhCUgwADc0L/6qddAQRSiP/xPBEGPAN3A8dTMvyjhGj9LcZ8/GDEIwDBUgT+0YB3AeVSUP2oC78C13gPBLTBvQH0l0z9eSTNBINMXQEe0h0Ap629Bg5P5QJlPUT8mXna/TdFQv1QSDUC9roVA5mcAv/hRMsBqN3hAGwvfQGKO4kDESSy90NM0PxAxAD0XjOTAbE2rvwikdj+oMe2/g/1owA==
萃凝晶,MVPbv+ImyL+SDFE+B/t0QMwAj7/4/yM/mdApwcCyaL+dGBHAB8tNQNMMHUEmqitBOFokvm/F0T+nAA7AoTzTPwz1U0E6P10/jwZJwDmvDsF0uXO/BGylwBnDFEF2VljAjMFQvqA8az1M0ThBTVzav/nUn0DMN+c+zqpiQPdYvz/YpcrAO9JWP34OCr/zNRHAWPSRwFWKG8F4UM+/IyPVQGCCdL8Sq7VAkyLsv9vWC0FsF0RB8VgtQertyz+4Cmy//ISSv9UaOsAiML2+8DyuP1a+REDkVWlAP7zcQOYYcD9+4ZDAha2VP8FNcr+si5rAvcqqQAa7AEBhJqu/+FbywA==
发酵果实汁,kJQjwGbH3UAZTbPAa2rcPxC+MD6GuC/AYr6RwMhV5L52HVxAiI0oQICEzkA0wxRBIUCGwPbNXcCTj6TAOG+fP0K7H8CgcvE/dKIlwYE8WMHM6Ze/rO60vrF7kkHFuRnBPnrgv/nxN0CSXIBBihadQKCyFUGAsM3AmpzSP4FSgT93VW/AIo+UP5oQg74gL7Q+iT5QwD8RBsEgMOTASoobQf7Gc0AxUkRB9OtgQOVT/0BCJlFBtq7MQGN/h0Aei0S+LulMQP7tT0BtOf1A8coawGm6EMEx3zpAMhvAQD6qk0AYyGM/jt4xQHqelsChdpDAkmeTvlJdCUAW8KO/hbSrwA==
[繁荣]的哲学,8H/wv2z9+j9R2qy+RZOOwNxXC8D4RNU/Wf0FwNT7QL9Tj7JAs0eyQOkaS0BBpA5AgSz1P1uZkcBMFjbAnr+zv4laCEA3a5vAQv4TwW51QMDBVMNAZuhfQB3cLEEp4QLBeOzevxYOrD+ZQrxAUpehQBGwJkHxpsQ/8q2FQAT48D3B45jB9gCiwblGgj/iCTLA7lkOQKwmIsE4VspASJ4ZwKhd4T+eyWRBwxDwwNCxT0HD3kxBMF2ZP04Ybr93JAZAjwN4QRiNnEDeyNxAEs+8P4NV6b8ZsWlAz6GhQAcxgT+ShzLA7eVjQN9UGsCAWeY8X9xWPzDg2r/mGBjB5gELwA==
番茄,W4tcwNpkzr+nnT6/F/6vv6wFrj+PHdY/iR2uv+QSq77307W+eLkBQGqtE780hjhAYvWjvksZYMCWcC4/HavIvzu5rUB2izu/Dp7FwN1qXcCQVlRAbR88vzbwf0DS3IDALfrMv/QIaUAy6mBAb19zQLfSFED/b0s/xO9YQMQhHMDQepA/PRNdwBQsej+lvY6+y6pywDxxccD90AhAm956v4GTwL/yWcVA6Yt8wO5u6b0u3GJA5JEiQFBOSEBmzqs+SngOQfmQSECf2UdAdYUjQNkNZsBTta1A4dE1QOCMSD8fPG4+wrDrP2rF778w2bW/mzvtvgTJS78JdMe/ghnhPw==
甜甜花鳉,hcGEwO8Yaj9+Fme/qIFjQJCrxL/sxyfAVFFxwMtbi8BunC9A+bKLv1m2RUBh6ZdAPSkHv38j4z/Y0eC9Lmz7P8KuoUA3IxDA+OqAwGX9HMH6VkJA9MMavuJtsUALYC7AOEc+vRKAd8Ca3+o/eMtmPk4ZYECY73w/TtxpQIKHFT4tn4Y/deOAQEKCAsCdDp4/9TSRv3jsAcFy8SJAOw3+vw6hMr60rExAizstQPyvb0ALj7VAoKcOQTKA5D+YpoS/8hanPwrAX8CmHDDAm+SOQECBozxNf2pAcDJRQGQgZkBv8t+/bCK8P6AuWUCzJofACCG+v4RJ9b8d1i/A2znJwA==
琴师的箭羽,y+pRwNnmusDydFfAvgeOvyiyEMCkASo/rA+tvygjUMDgfH3AsCPVPwuTlUBSaRVBvrCcQE4/fL/zLY9A3kqNP1mPMEEsWivAGHzKv/yZcsA+mV9AJaVawOncREDIGGvAZ6Wpv0lKK8DRL5RA5EI+P+M8xkC02iHAIN7EQBT9CUAuCAnB5ubHwLUmuL81UP0/FNFbPw6QIsHQlC1BCl8lwCcC1j7ewLtAHLLVv17zsED4lN1Av5Y4QXYlJEBl8w7ASvfVv5R7UcAmXbg/MgXNQAocJ8BgxT1Av7LqP3w6gb+ZYYnA2ifjvglsVUBVieLA5Ka8vw0F07+yJIi+PNfzwA==
如蜜的终宴,Kp5cwAv5JkBZ8Q/ArBhOP/TIYcByszY/TYE/wNwkdL7+7QBA8ExzwJPGSUA5Ss9AwCNMwEZ7E8DMDiu+U3sZQNjiPEBqlIs/GxFqwLHXDcD8WdY/oaUNwKcRp0DWbDXAKP3ov+yZM7/il6hA35KDQEZwj0C4pwdA/XJ/QHamHEDJJzzAKku8P/Bgez8gQu2/13A2P/qce8AygZ5Asq/xvsLkmb8P4f1AHM8ivoWKZ8BiG8NAhs9GQJOCSkBrLGc/qSuyQDRBC0Djw3M/pfsaP0e7W8B30HNAYS3mQDiqhT3M23G+ShxgP82nxr/G9p/ADnkPvz8D5T5Mcq49py2EvQ==
渡火者的醒悟,cgtRwIqNDj+o0tS/VRqbP84KKsBjLU0/13xrwJAWCcB6DJc/dA1rvygSC0E7F6NAZAy0v9Cjdb8qR4w/wrDjP9zd4UApkwe/lsdKwLUfbcDspT9AFqQfwB3ztEDeDYPA5C8CwBYj5L+4hoVAXNZ8QOzDokAvWnxAb0aiQEAPTkAFcJHAepeuwKy7tb4kmb6/3hzgPyRpAsEbcr1AjKvJvbMl1b/P6h5BcD6vvUDvEUAMPhBBqFzZQD4+SUDwHRw/RjKrP6oPQr9Q/bY9rf9NQB5mob9AKJZAAKf7QJxM4L66yxjAql9hvli6Tz50r8zAUvF6P74Zg75Csw6/S3SBwA==
宗室之花,bTzawEwsFD4UBxs/dEcAQFqLhcBpIZO/C0gUwYvGJj9rxSA/undjv+ae90DKJ3VBGKWmwMznOL0mhC7AZvBTPwIa+0A42ss+xPZqwOdiu8AcuTG/lckgwFFTBkHn83TAYibvP0VFVEDfhFtB0L8pQDYWtUB8SrpA+DnMQHVYB0BcAarAMCW7QMV6ET+830PACp+twKjx+cAEx49ABxsuQTBQn7+4IO1APFLYv/T8CkCDghBB35EBQRNLpkAqShpARLp+QGPiZUCqMBJAWNIeP612lcAk87dA8MbNQHKt1b+7lVDAdVCGQMTRb8DEVjHAPJEiQBf8wT5LGzHAn7NuwA==
未熟之玉,SMIrv9r49T72d/q/8xARv8R/yb8Y/eI/vr6PwEE6Tr8pliDA+E83QJAycEDQdzBAMvRGQJVqXMDOb0E+yPL9PyPK0kCuP/A+y1C3wBpkycASLEo/Mw9jwBRB4UAPvXfAYjrbv4XMTr+EbKJArBzjP0NqskC4qnXAfqFIP0ZPC8CHPz2/t+GNvuvEib8zX5K/aBOBPmphk8BKEDzAKrTav3FKG7/d2tFAAG0owPE/uT5nu+RAMm3MQPqfFcA8N4K/8liVP63UYT9IPGu+kmoJQKcI7788pRVAQ3odQBYtFEDl4Wa/sO/mPXVLAD8YAozAEAMTv76smT/KIg3AtViewA==
金色旋律的断章,QoTHvl13ScD2Ioi/MLekvOGzNj/O0J4/D+M7vy3Kob/DgA3ASBnbPzqTAECSQ3NAVNWgQPCH6T/MH6k/bN6Xvw++/UA0TfC/z4Aqv5DNHsDQrAtAxD0bwMVEWECRnM+/9AMhvzsXIMBEA0NA4KOjv9NPbECre4k/hvBlQGSflT9rgovA9Xi/wL4u5L+A94U/cDHzv+ys/sApm8tAbqo0wDJOgL4oyYhA5Ob4PjuguUCBvadA8Q0FQV1VmT8ThDW/oNrpvwWQhsAJ5Wu/iqZzQJ/zWD9QLIA/Ci86QAz8YL8KrAXA+zKGvwTIvT9NAYHAkqKNP1Gx3r6Aqps9BQq5wA==
献与月的终时,7pa7wN+Z2b/SMXnAkMm5P2C1gcAAz789tIDXwEBP/71toFDALPUVwM8/N0CuGpNBwBXtPptZVT9Ne8C+LEvEPfuqVUFgOQc++H1PwONcAsGTfAhAm3fKwBSJN0GLBaDAeMTev5xb+7+6mV9BwLB1PvzpBEEODk0/PW31QKzZYUDMi82/M9fAQJ6t5L9Eo/w/2ov3wHAcR8Gk4nlAjMopQGgavr94CRNBjMmivy0jUkBY5S1BLjJSQbCPgkAag1e/SbWIQLBqlMA4cIm/wIVuQK4uVcDaOYxAFUsAQSdjWj/CmRbAjUfFvqST+L6HCBTBQTsOQGVTD0COyIo/P+QbwQ==
测绘员蛋堡,Z41ewIgPxMBgLKm/bWd3wEMQesAiTcI/qPHuPVLD8T+gqpjAt6xtQLrgGsAG9tk/RI6UQGgMUsAn3CRAHq7ev9G9W0CcwIjAXJ3IwF7KhsD3WwtA3GZUv0BqSr+1r4vAHyKFPqqu+b+MyJhApHHbvlKf70C0L9W/C3SFQB1G2T/aQrnAmPkdwKjWAL+wy3e+Y7civ+ywC8FiyrtAdVIawANpfL897wZBr4mFwEprlUCwe5pAXADrQCbiRb81xqm/fi7RQKjQ5L4gVWa+c1m6QOI7ncClfkdAZ/XpvkJs8j8MiYDALkcdP+IVyT+vnkXAKhdDwCE1JcCw1ljATUlNwA==
漫游者的盛放之花,8+8VwKVzUj/ZSZvAdWc5wKnihsB5w+A/iNGWvfp+CMB8lkJAJx3WPoHwm0CGa3TA6HQPwNc4kcAN+qY/Cia3QNKJAUCOUYi/SD7ZwOoo0sC3OJFAhOTKvzoYx0DpyK3Aw4djwHi3PsCy9j9AO62EPgr23kCbieC/4t65QMp/P0BE3crA3+clwefAjD/scam/oCaiQAD6FsHsSqNA6mBzwNZX7T9CmiVBPhEiwGe2XUAWvzNBQLnLQGfNbb/Mw5C/5UsGQTDnsz/gTztAKck+QCb1vr/8gD9AMo/KQFnbHT8fqrO/bKfgvbqqKECp8gXB2m7vvyPOur/OOr2+xW7Avw==
贡祭炽心的决绝,bid2P076xEDy7G7AG+DWP2L00b/tUgI/iE2YwJVxmD/MihZA4CuaQHmOCUHq80tARNsRvx0hmL/gSYq/kSSXPyhzMkCZnTFA45ovwYLkR8H7IyrAEe6hwOAFOUFKh6vASI47wDpluL6b3ThBgLuLvpJTC0FZVEjAAS1AQNGSW0C+IFPA+rtowHB0Or7WQjnAKryHP3SKBsGUo/jAjXLEQGpoIkASlThB2BWGQE98H0FEVVdB9ncJQa+Shr5o6UjA28lFwFomB8DpsbhAgwS+vsVyYsC5md0/DgnDQBAj/EBSUBm8XDEAwIiis7+wdcfAAhqlP9duI0AG8GM+IObOwA==
献与月的银冕,uXilwF7Aij8w30BAvJVFvxqEqcCQk4O/3mu0wO51sj8yNYw/yJpYPw15UT84D2tBEOEtv1rRSUCdHANA7uWdwImzDkHAggi83M+TwJ2DvMBxRFA/iRc0wGwq/UDOPFjAiIfDP3sMhz8SuDlBfMc+PrZdnkCWiuVATQnqQE7x3D+gxTHAKPBkQAjcRr8OaWrAHovMwECkBsEmF41AkHPpQAGNJb+4nwdBxCtwP7YuxkA5DZVArbYJQZFmsEC0s+2+HlrBQNpkHr8GOsk/ZN57QECzm8AfT51AnG4nQI4cFsA87fi/CT4sQKxUMMAM0SG/DPGgPwRe87/1V1jA5q23wA==
蒲公英籽,btckwNHKPcAMeFA/bsVGQMqrF0Cc0fG+7KdXwIBdMLwMVK8/ICCAQCTjI0BRynNAxD2lP4pnZEAr2Ry/o6VYwAFTqEBmiPy/AnfgwIJmCsHowiA/bMMzvzAKtj/6qjW/MLW6Prhnpb89pJ5AqkpLwCsqXECwCY1AlzK8QHrvQUC7aiXA6Fy3PVJkAcA4L1q/rLe+wCYGGcHWpr0/JmqbQLNYNL/96llAgAmYQIeEMkEPk9BA2FUNQTRYAUCN5uK/eOWaPkHfBcHDkRG/ZM9yQPRvLD5hPl5AP/QXQL+y9kAy8gnAXCs9Pqpo/j8+ryq/SUffPyTgwb9YuTq9lOmMwA==
水晶棱镜,rVHZv1p31z+EUJjANx26PZC7LD7Meim/0yv4wOyAPMA2u0K/w8cyQHrWOUFjhTNBjsA+P2Xpxb/XmBjAICIdQFwFFEEQivg+7r7MwEQuUME84as+PyJ8wG/8kEGjXQzBDu9UwLvVD7/MxUZBfyDKP62QMEEOn5PAlJWuQMoRg76UX5XAOI3fPZ5sF8CalSJA/I5OwDrXPsGyKa/Ah1qdQIWEhD/JBSxBAmKsvsgbOEG0DmxB4hM/QcZ6sT0qaJ2/ER+uPy7FZsAyaz1AoHj7PgYZBL8yGVhA/gXkQGgBYEDUq+i/hn/zvwAK5r+o6QvB8V9uQM4pREBVmyi+3BkPwQ==
初露之源,FAn3v0O/4EAe6ZS/JMWvP1LB8MCAT+c9RKh9wFqKDL/mR7ZAvwjTv8h1r0CABQtBCZQbwAAoGrrs9/U/MswNQMRWxUBkwus+yJeRwL50TMESlbs/GKJJwKxzEUHuHpfA+kzEvzs2aMB7fAJBmgkvP1oS+UDEqZQ/QsZQQPkxPEBZYm7AAr7svgBVNr0gEQ3AYb0lQK5s/cCxkEBAomOVP0YWjD9xzSdB50FRP0ZzkUCdkw9BJJIXQeu1YkBmweE+IbNwQMRniz8eQUc/qIndP8zPm78a+C1AAwICQfxRwD5l3rK+zuGHv1IyL78u3wTBjozLPvB4X79at6HAES3YwA==
烈焰花花蕊,xw2SPzBh/j9OWIS/WNFKwNWVxL8P8BBAx89CP+RHBT6By2ZAh6gFQHohwj4visLAIN8KOuSpesCd4dc/yKwgQE0nLz/i/t++hqKkwD2GcMAgTKa/rpIFwGnBDEA0ylzAXd+Zv4BDrTymsO4/qrvNv0udlUBPFgHAvF4Rvi1tp7+NJ7fA2MPYwNj9CD4uLwXAPnREQGc1gMAKqrE/RgeIwAMIQb8qGuRAtBSev7MZiED24+tAtbZ1QGAME8CHe7E/emdjQGwnYkCQdS1AjcjoP7SsSD8UaWc/TRapQFzSYL/uB7u/exb3vwbmEMDPRajAmwWjv+SA5r7qX0XA+1hvQA==
翠蔓的智者,Vy0gwDClN8AbV84+xwg2QMBnQj2I6eM+P3nKwIrxWD9mZSzAQuT5P8wQC0H2ZLBA86HPP+mcxD4r5iNAXBfeP9ziE0E06u6/vaaYwMZ1D8EIz4C+sgmmwAvpLD8JPXC/emqWPxr3d8AoKBBA/LJ5v5BZWUD+knxA/ulyQFCLjT7g5ohA2rKRQGRLFcDJftI/rmuSwJ0SCcHpQ0u+cnzNPxUyYcCP2IhA4NwIP8qZY0CyUu5Ah3AxQTDkTr84l2s+mubBwJvpm8DakoPAkgibQEGNlT9VaKFAFcdlQMwPnED9AATAlH4Ov0ksKUAuyZ/Ab1ChP81lkj7iuda/0vO8wA==
夏祭游鱼,cS/DwKGYNcClG6M/bfF0wFdJhb8VvhvAlzY7v7LOAcB44kw+mJYcQJjbjEBjXxNBPuOKPdsEVT9kG2U/gBxowBgd0D+fuIjAOT+NwKL/hcDDR/Y/uNYLQITZ+kD4vbfAQsDYP1JfCEDFxyJBjmEGQLDY3UDVv2xAwLcMQUK8OUALfozBAO/awCzzHsAE/Zc+yV6XwLOLQcHS8xtBh+0aQbkv+D/PDQlBinxQP3QVTUFqxrtA9rvfQA2Po0Bky1k+NqUKQVOv+78bJYdAbQmYQPkwAcEOYnVAP3wYPys6O8Bd5IvAVh6AQDEqL8Dgm+W9NjFWv/NagMDIVUfAomE/wA==
受福者的白羽,nJTZwIMaksDe7bDAxDaJv95gj8DQE/S9okalwN7eP8CtT+rAYKaBwEjt7kDIl2JBTk59P38gO78hNDRAkbyCQG88VEHgjaC+7h3/vSt4wsCKDEdAetXdwPtVD0GxKpHATsUlwOaRM8C64xBBBP0IP3ZM+kBeeWy/84MYQcbtBUBapAPAnDWDQFu6DcAZi3pAkOLxv0+1LsFxr+lApa2YP5hSyb83hs9A4I84wFQ7yr76oQ1BfzNrQbdKMEDeaYC/VIWiv4oLYcCGqsq/dLuSQJ/ckcDEJJRA2fqzQN8pJ7+gLi3AADf6v6je0T+HBkTBIHJmPfRTlT++fVBA/48NwQ==
禁咒绘卷,m161v/xTTkDHMU1AfekTwNw93sCI79q9aXFJv5msTMDNYXtAIB2GP79CBUGCyA5AqsmTv53j+z9boK9AqwaYP2kWvkCJzrc/gqiBwGakR8Ar8NW/L5KZwGMC9j+Qc1s+sABsP/TsnT9cjXpAzOiuv9Soxz/VtjtAX+GoQLArrD/G+CXBRc67wPCVGT6/dsHAN/J3QFToR8D7nLpAiC7Yvq6OgkByWoFATJwpQKdMuz9Y0DJAfvHbQKwkjD8rBQ7A+K8rP/dwWkB88TtAj9pHQJrbvsBesIo/rApCvyMAwsAvl8q/QDy2uwzG878dP4DAp4zuv5pnc8DfLW3ADhMfPg==
哀叙冰玉,mmdUvxM1ikBk5YbACtBLQByDAz/Apbq8xUoYwY1vXsA8hXlA8cm3QF+GYkFsI1JBkJbqvtSHQj/Uqu2/QGQxvRd+UkFDrMU/gUw4wR12jcHwuKY/9dWMwI8lj0HKqAbBCISfwNibc760hkhB7o3EP08RK0HGR/O+kuX3QDWIAkDpanTATYPMwOPo9r9EtYK+fIlLwGL+TMGlEAfBoeq6QPzy9z8bYkdB23VGQF8dfkEAIJFBnFVCQVMZwz+5kRnANOtGPsQqqcDLnLZAnF+2PpRBvT+QnpxAhDccQZ/sFEHxPgO/ji9qwHRdAcAMgwbBV0/DQLSXC0D8cf2/QtAhwQ==
柽木,WiS7v2xdjEDaqF+/yVhnwAaR+b8uLek+rvX2vuQCqr8hgY1AMu0fQPpNpr8icdpAMQOYv+jtXr8Yj7Q9bvU1wFmv2j/k3G4+F1YAwSzsw8Bx+lpAkAo0P2zDV0HLCuLAzl8+wPQaHT8p3B5BdPMtQPTYy0A+b02/nfzKQCqUij6STb/AA+7EwORPLr9Vjbi/LmsQwJQ07sDqyWQ/GCaMvvfDKEDkMixBckPQvhSdykDVFOZAiok4QGFShz/+qmS/hENnQUBW/T/BK6xAGiqvP6OpiMAwVCBA1h1vQNUSO7+082U/RennP49jTcBQfsa/vmCpPmulaL+RlkLAkostwA==
[焚燔]的指引,JhOBwMZioUCiv0m+40K0P1A4ncAY/QXAYOb+wDvuhsDsx5hA1Js0QGK6J0GNoEVBlEJcwO35kj9tCGc/5MBvP4NzEkETxZI/kIUawdorZsHOoCg/DnZGwDpPeUEk8szA8P2qv6HpFT8cVEpBUOAlQJ7H30DeT0i+B0niQLrNGEDU4rjAMJv1vB83Xr/OaEPAjkUQwDysJMEYcRvAcTLMQAj/D0DuyiNBzDglQJjoIkGU8kFBZ60qQWqpNkB/vQLAGhuoQGCnAr8WyFNAx+0JQHjhhMB2wJlA8Ba0QDUjpz+d+r2/AqiDP6bb/r+187nAEbjoP3p17b4aNF3Ahw3ywA==
乾坤摩拉肉,6rm7wJ3EQcDd86Q/3s5Av5lnDsDwpMQ9qDUGwPEuyD9ucN2/z9EmQAq+6cAZ++1Azs2dP7UkGEBfAee+iP7SwFQLpkApeJTA98r8wPYc/sCm3YJANPo+PldZX0C8SoPAvpvqvvDAAT7IGehAmZXKv8iNm0CSXqFA4AT0QLzCl0A4XTPAhk0AwHiVAMCAC6S9mQIdwX4+McEPyBVAos4pQIDe+b8l0SlB3LOVPuJz9EDy2t9AaSq2QPykYkCVdpy/kExNQSxSpsCuDw3AeBuzQOSFOMDOMbZA8OlyQJ4bckAsiVnA8lGjP/CeR8AKcwM/AFUEP0oGH8BSxifAkrtuwA==
绝云椒椒,6iiVwJxk2D6RvCzAS+4SvkA71T8A8N64Bf7Jv2A3O8DNpl1ANaoPvzN/cUAnDkJAbzWQwH5G178ImPS+PPwJP1uaU0CPq+E+GIPPwBHHmcBdF49AKgKkvs5Z1EDBEY/AaDpQwJn3dkApIWZAiqx9QOlM/D+Z2k9APo7wQKZSFj/7xgo/mPBawL61bj+g65+8ydYywBVZm8DudyhAgsS7P8gc9z70MctAeuc7PrwkCT+4/rdA0+ZAQPkSskCbA8C+QQcOQSMf0T8ksppADbwsP8E7kMDHE8dAAFSfQMDPWz+lKcQ/wtxYP2qz/r/mQWHAlNwoPnu8ub/jCR5A/3ISQA==
[角逐]的哲学,8SKTwK8RvkAMYpY/eH5uv+wPacCQ8SDAZ/cbwHIOu8B9m9hAvqIOQBrp10D419dAJahSwHG0Cj+7owNAnp0mv9CIkEBSsI0+cqMZwVWNGMHDvjFAOnnyPuGHVUEJhuXAp2pNvzDV3z4DD/9AINqoQBDJj0BskbM/re7dQOANLDz8fdHA/QziwFahjr/fKgzA9P+aPiFeB8FNHydASdLrP+gFiEADnBpBVAMPQLZN60Bf+fBA+ObYQGXdN0B/nSTAAw4jQRMkPUDcj49A3Ac8QBj/CMGqUYtAfiwXQNTjVcA1h/S+jaRmQJ7jA8DP8hzAqbiNv89fO8CVlIfAeiZowA==
辣味时蔬烩肉,fLDYwELHn8C3qq4/RMp4P7BgcD3DpL+/P1TawHphBsB6PBnAcFtHQLK/4D/gPhxBjYs3Pww5sj/ogUW/67MUwEIrE0HKIj/Aa/6UwGY3KMH/rCdAnCb9vhkv0kD6c4DA2nx4P05brb7j7wNB/s4zP395s0Btgso/DAigQLbxH7+bOQnAT8SUQL2jN8As5H0/V9wWwfX8K8FIlzVAG7ToQAAsCMBI0cxAAKf7OxVi/kDqU9hAV/wrQW2SkUDIDaW+qg7DQCp4nMD0JA3AMe6sQAkpGsB268lAptzzP9YO7T99o4jA8gOIQK7PfD/gyBg+hh0gP0LvCMB30yTAi6rIwA==
永劫之冕,UFnEwB8+IsAFgFY+E1O/P1LkkMC+biw/mDsowaBWcL3wYWG/Zzb8PkzjjkC5zg5B8mhmv4x/Br4uzCK/VE7OvTKIHEGIUOQ/YtfhwHki/cCfSKg/eByfwMpKAkG2TU2/9+eKvoLeFUDByDZBGDMeP6J6mUC/QC1AYsH5QFjklz9qeKvAxFLXQH2vPT9LFsrARCygwGkT/sC3UydAuiukQBYo97/IldhAdi5qv0g8Wb3wHQ5B2+EiQd3Ri0AchHq/sBajQJCgWj5rlYg/lz6cQP3ToMDMH9lAMFqWQOlWh0BHRQbAUjKJQOz4Wj8EckbA1rpDvwYcmr9POfC/8PeuwA==
役人的时时刻刻,bDJbwPSTjj1M04LAs5LePsx3fMCzm3o/3m/NwJ6v4L/a/5O+AYVJQHDWxkDs+VlA/CqwvdGMkMAYozBAtyWMQP585UCkl3k/jGIewdTNYcF91rM/woudwMcy0EDVt6rAwbIPwAAVJsBiLr5ANm/bPwD08kBKS5jApAiPQI/DWD9wtI0/ufBbvuDbnj5YG8W/ehHiP9nxCcGuDmq/B+W8P/BLzz2mXSZB+PjSPT+OH0AvAkZBv9YrQT4tLD5vrTDAQDrFP3Q0+T54VxFAR7tRQBIBeMASj65AiF6SQCDXo0AT4bq/S1CxvtoJLkCHMgLB5OQIwDiEJb+TFzS/Kj65wA==
原粹树脂,BA8DwLNf20C5x9Y9fzfIQGzyosDhjlDAaygmwYCaFsBOR2hAISXBPx+pRUEyss9AGcKVwEPPAEASFTo/6VZeQMg39kCBXhFAFqqfwJ1tnMEVLM2/ilx9wBWDBkGAfIPAR2AGP4QJSMC4SZ1A85SzP7kfUkDmC/w/t8QAv+kfAj9eTuFAkbAFQXvTSj/snDXALnO2vfdg2cAGbebA+ZGaQOK6fr+0VOxAUVymQFI9nEAi9CVB4VRDQcRxIECjoCTAWRffwIZqTT/IeRjAuLy4P4TWLD/eeK5ArujzQGLfUkBrbqa/dZ8Mv9A7bD5SJaXAkBu5P4AZdb6ykYDAbk71wA==
「自由]的教导,haI+wFrAu0C2rWe+0HOdwE1Fp8B+Bgo/XhW9v7zbW8A5zihBe3JfPx6Ilr5QkQ7AUph2wIwbEcAJCoc/ZKx/v3JkFEByvPu/JpMMwQWYq8DGp3JA9dhSP90EO0GiH9rAIkFBwHxn3j+UU5xA+1BeQLJ6/EDgcVRAQiarQLSgVz+CXBrByy4wwVg+QL87nYfA/GAwQMXv2cBMPJ1A1cR4wCTOLj/lJkxBEGSkvpWC8UAjdCZB6h1iQGBFwT9Wa5s/Ih5LQa3ck0AhdsdAoyCfPy0KjcDMrGxA/Ea0QHy9F8CCgRU/25rIv5jFcsCOS4TAPHj8vpj1HMCewMPAjY++Pg==
夏槲果,H7IRwKD7UkCy3iy/4VetP7RsWT/SAijAcDZgwOJZer8e5xFAveGhP2MZk0DZKTFB5bBawBzHwT8OrWrAZNnsv2Ap3T91h6w/JqKcwIdktcAMB2q+dZtLPzU4TEFYoaDAR8Ocvt8biUDbmC5BvgNlQL0LQkAgwOk8UeZCQJjBmD7O/CPAORcjQAC5hD4qe1Y/e0TowF0DqMCbD2rA2Q75QES3A0ARKqhAS2IlP5yf30Bu7aJAMxQ+QEhbgEBwuMu9sHfIQDEqXD/NJlZAkNeCv925hcA2RwpA5EFzQLzkSz48il0+iZozQIDJhsDEy709CsIFQCSInT9md7u//G1AwA==
「美梦」,Y/lMwNxGtb1CKqm/4FsuPzjuWb/vtti/muZvwODtNj4ABiG8SK8wQMmt1T/tgdZA+eZoPnfpTUBG+Vm/Z1hfwJ6f/kBeTxDA6R+FwKoxSsEDrKk/oKIcvbQA+UDoNMfAXj0UvxjtPsA/cg9BRdESwBKK/UDWegRAJk1xQFHBS0B+0Ge+q1Mjv4liE8AQkXo/hPvFwMaqSsF1Jw6/CSDeQLH4rr2s+CRBWHM/QLjdYkGCsRFB6VswQQcClkCWycS/NUMbQN8298A87sK+v3ETQJ3D3j4j8kFAmXmyQDB3FkCZHEXAcITKv6b+G78rcGDAjA5MQP3oer5N/u++8KHcwA==
涤净青金断片,eqB7wONuGUBMoY3AgzhPvg9EwcAbPUK/ZPMTwWIFlMBaxWzA4XAGvq6pT0FuixFBRxfpv8XDtb/kzhe/S/k5QCa6S0FWtmpAKYvav1i3/sB+fIg/iNaawFOMYUHE7cfA4DYbwO7f7z/12xhBDPzDQDPju0CvEfK/eFgyQLIvpb+U1SJAGssYQNT5SD5KkPu/HoFdP1NPgcBDv5LAB2mpQDSN0z8X0+tA1qwhwHRbVMDqx/VAMdQeQaRzR0D49CrAB0Gdv6AScUBYDwRAVg9Xv+cQ38BcJF1ANn51QL1POMCtTls+qSrTvy0sp783YtfAwr8PQPrHsz9g8lO9G0EKwQ==
御伽木,5ZMTwOzAVUDDUaS/BTLsvias375O7N+/zgDFv67KbMBtclM/h4VsP0R1okAG7SdB6zoBwFYAJD+pL1HAqFN4v7M5pEDC1x6/SuB0wKwoq8CaeiRADToGQKCCXEE7yMnAN0e3v0/4jUD9xBVBeAePQIWtj0Ad0te/UnsaQPxQ4b9iur3ASHGXwHuH27427IU+7VO4wBoRosBOPRi/Tv89P21/UkC14LtAEbciwPIij0DW9pxA0kVQQPLqZ0AYiDs/YKskQa3KcUDsFlpAcGSGv3Tfa8DKTwhAnF90QKD1OMAJ+i++wKjnP4mgqcCzHgPAzQkMQNNSG75L01jAGkAOwA==
苹果卷卷,nfmiwPShlr+AUaW/JooZQOEyrr92ZkfAj3+awA/ytL+of8G+IM57PxStVECx9glBqy+qvnH3N0CWEQfAzLwEwPrhxUC26TfA64AdwG6mFsEpOodA6n/fP+R99EB8mJzAdCsTP42uOMCNJtJAZS3BPyVMikAWwj1A7cI4QPYh3z8K79i+NDTGPyTbl76zWtg/lhbnwFWdMMEi1NA/uP58QGyWu76Xk/5AEvdHP8xCAkHbSN9APEQYQRFOs0Cm56+/KshMQGhzUsC2Hf+/FNBeQA72wr/Eo5BATHiiQJdw0j8oBTbAdltFQP6fTD+C1kK/wN5zP+aL479EXvW/VYvywA==
混浊棱晶,0KPyPIAd6b56HyLAGy9kP4DBlL9MAqo/J2CBwDw5Db/Uyc++By9oQDLco0AW0No+yfENQKcCIMAFTMY/1bpYQNfmf0CYXs0+SIfXwESb+sB0EO0+LxiDwMVYTkB8zSvAeUe8v1ojEcCpti9A8k+nvltFiEC2hDbAky8GQOzizj7Avd2+UkOpv1B0BD6903a/0G7yPwN9ucDTgBfAJmOWv2hrVj6cbrZAnMXsPuA3QECJiQlB/E/sQOVs978qnxLAMw4ZwP6Jk772pZE/Am8mQLXbDb/wAzVA/KVaQHrdkkCgmLG/iVpUvwVTDEDYKqfAzO9Sv55qYL7TZYe+DcWKwA==
嘟嘟莲,LavDvxSyuz9iooTAfVVOvyDLbD05xyU/yG0BvqSL9j7R+S9Av3mKQOVt6b4F5YrAi+OAP8X8hcB4ZrU/KA2/vXhXcD+2zgK/6C0hwcK7G8HL4yVAzlievqYcW0C8WLHAZJcJwDvIpMApaqI/t+0fQLEpwkCLTcy/FJXWP8oO6j9WELFAyxKqwKBd4jz0RIc/f2NTQB2E8MAx0l2/NLMgP8JrFz52pyVBseAuQOXMwkCrcwhBpgm2QH8qdL82XGXAp45zP3AyJsBaUwlABCodQAUKccAbtURAcdIXQLXZzkCx/+Q+tNiIvhuJjEAQqxfAxOH0v5EcLb7Uv9g+XiOdwA==
巉岩琢塑之樽,6tOhwCt7EMDAiZa/DYvzPkt9378dXBW/nnrKwLwHb8BmrDrA7iC4vxQcFEGB6g5B16u1P3Uc4L88T0w/oKSHQGs7B0FG5CXAwhICwCxc1MCoFAtAdTx7wAyT+kAnSqLAGDOVvUq9lr/7QJhA0CGQQPkfpUDfBpw/+cxqQE+eH79ffDbAdoSVQH1wL8BHgMs/sHF0wIjG6MDfPJBAtzyCvxhsC8CvR99ALMsXwGdhRsA3kf1AZzQfQT5+REBzvwJAH48FQAykCEA+zyvAnxArQHbMeMC46M5AvTqMQARQfcDlfDDAYnOsP1T0EMAfhePARKVrvtswzb/ORTy/yBQCwA==
连心面,zQCRwI9rkcAeDDFA+qqNwIwiMcC4IOK+uNf0PrgbWj4b/InAe9iSQIgTur8wKPlAtpqTQNxQ7T8e1IFAaDurwAfjpUBHGIrAYDqRwOZrzcCIqB8/CE5QPtJXT0D4ObLAQiYEQB/ZOcBm0BtBhEgpwAqaE0HsfjE/QjzfQNNUwT+S0CnBBjU6wFKoesA7h56/Iu1kwEG+S8EmKRpBvASAQOYv7b3KuyNBInLSPwCwJkHaTJpAhWA3QThDP0BYlEO+iuWdQDiYkcCMgxw/uYHyQPYol8AGxzZADqK5v/Ty9r+d77/AAaAgQGWbEb83KNi/5Pzuv+Qgc8ADsDzA1mCwwA==
学士的墨杯,6mfGwOYYbsCTbTy/c6lqPtBiGsBKSOM+1uspwbidHkBMwkLAuBUBwD75HUCiuGpBDbZzvz7zwb84+c6++ocDQIA4DUEw5MS89ytSwKi59sBIP/8/dC/YwJoqEkH6tQPAVHQCvVollb5eJyFBTh/BPyo6XUBoNUVADkHmQGatsL51/7NAI9Z/QXVPi74Ed9k/IqEQwZb6AcHQiNY/bFSQQLDag8BczLVA5KhMwOxzub+cPQBBfjweQSRNOkAksMY9zPuEQNoPbD+yigXA1ORJQK47VMBtn+5ALSGgQGctxj70XuO+vLE+QPj2Zb6sDp/AAHbNP67OnT9UAYc94Q7QwA==
雾海云间的铅丹,Xj42wA1BMcAsEZM9DaxgwHR2K78hhMM/kVRiwMAcgr8Bi6s/qEYYPyIW3L80xvq+MCV3P/WpdMCPGMW/rAfuvua4YkC768C/ZZkwwMgOyb9V93RAwMaCPyxJy0AfC03Athu3vpDbCkAocDNA/WgdQH0uREDysrM+RA/nP96/psAjvBC/BnsEQBqfLD5T0LG/NB9lwDrVK8DKNB1Aw+U+wKgUv7+XYmNA46LTwAcmCMBNth1A+jpHQAtRIT+rMARAbLogQfrPsUDFzFc/Y+NcQEUvKMDuAntAi4WUPxAKH78aeWA+J107QEG5rD4qHGk+w4DBv7csMsBtL7nABjcQvw==
漫光的辉角,0sjAwB+jh8AxnJe+pN0xP3rcGsDAlOE+9185wMIcI0AgOJG/1HMQwLY2DUAHvYZB0kBBP8/UQEC+x38+UlctwOj8y0D5Ia2/V1WLwOfRU8B0ZlI/G1AvwP3pokCRRd+/JWaxPzibVz7WUlpBm/85wFXc9EBoEtBAHtIoQXq2rEBOrVbBhrsRQIY2M78Iisa+oJcvwXLSQcGik09BtDa2QAuknb/6PetA8QLJP7wGskCNWdhAbcs5QQZy1UBq+D1AtH+zQBdNjcA6bqI/yH2mQNA5rMBb+o9Ak4XMQB72AECzVXHAosNBQLILwb+zDpfAnLRkvhDoCsAqO0+/PjWGwA==
墩墩桃,wfRswJ7cDr9GY++/eiRiv5Ld+L7gQ5q/ZzguwFKRGsDT835AiETRvV6vvEDUyilADptQwJj827+EeCO/ZM+zP5wigD86IRM/nMl4wC9+XsCl7yhAnJyGvrQtx0Cx5U/ALw02vyrSij+YOzNAD8CpQOG+6D8sjUxA+vSJQBEmaT9Hi2W/bLksvc5g7T94RkE/NdUBwJgmh8BkrFxAr5yCQKwGlj/tN7tA6HKBPv3HcD/bAZ1A2dKEQECri0CpSQ+/KFeDQDyYR0C49hFA+wZ6P3ASy8BRpo9A9vYtQMBfoL/WjRA/3wIDQFgNYz74FVK/RP2Svx25IsBGeb29aSB0vw==
异界生命核,YL4twFpmjsCVjIXAHdirwPOiLsB2UNY/zVSDwDChOr/FacvA69v2PwlbGEATyDhBOE7qQEI30sAlaQi/I9slQBTVukAQ6eO/Px43wHx4Gj9k1zlAyWZmwN0oTEHDh8DAilfFvz42EkCy2D5Bbet3QF2RDUHmmAfBoBoyQAFM47+S9FrBJggcwFDs2r3Gl28/mh4ywIAM28Aoq4NARw+rvyzKBEDJIedAhrYZwXBabD53NuBAQkO9QMAKJT5gik086tTpQMy0qkAQpZdAm1oOQNoz68BfoAFAgIjuPYOOdcCGmRbAit5yQMRsw78514PArLUGwADRSLsRuxrAxrapwA==
海草,uQmfv4Ywvb6koU7AQSf0v8uthr880+U/yJyOvRapWD8yWme+HjYvQJ4XrsCKTADAYBGEQCZsB8D3Pn4/ziCnv+ueD0AglynAyu/nwHUxucB4OlhAkbK9v426GUBtJ5LAuhDnv6oecsDDUC5AUiTwv9rjtkAzjFe/OEtvQParBEDooue/tWD0wGSpeb8UQrA+oQESQJo08MAq+r0/+SyPwDE6Xj9fHwVBdlBPvwZaq0Cf4AJBLA6cQLDQz78+GT3AxOueQBHVrr8+F+A/UlgPQKnn57+/8Os/yJM3QDniQEAcBqe/RGSjvyrXpT7NtXjAYPEBv3KYTr981Fk/xpUswA==
众王之都的开端,KDSzv+XUy7/NBwDAErr2vgdmJsAOtRdAOiCBwEhUJ76xw/m/qHraPYfzL0A/lCFB7yWgQLZi6z4p3Y8/Oh56vjh2TEEK46q/mANnwAxRm8Asvn0/0AunwH1w9UBJvG3AK47ev15BMsA97e5AwgRwv5JDCEFcH6A+8iO7QE0nE0DpD8PA0uU9wFQ+CMB6m64/KBInwNhYI8Hsd6lARBxHwNhFwL9FiwVBhOMbwA691kCzqx9BVX4lQbdwQr9ldG++PMYSQG6klsAyl7C/qwlpQLMi4j/Sy9s/9pXPQI7+Xz/ueT7A22lKwDbDx77oVgjB6ScyQL3HA0CJZLK/qZ3mwA==
「公平」的教导,k1SNwBAjE0C/4HRAvWKUv/q2VcDpsZW/PKqRwLsRnsDR9c9AWobxv8daMkA0zH5ATiJzwEBO9D+QawzA2ezMvlVWt0Cg9sg9RuVNwNAsML90DBxAqFEqvTdXK0FL6ArAyrlkPz4Lj0BUT6pA1OL1P9xWHT/JsaZAFY/RQByxCcBEoCTBuycdwGB3VL9rw1TAsmRRwN9tdsBUnMtADT+Wvu2lmj/tcQVAWVz4v7PxYD8mAIFAGg5JQG5RA0Bhvqk/vG0+Qaanq0C9q7U/DmkdQKCzlcDNXlhAkhL2P1G1xMAQeSK/qPmGQGRAOMAw04u+IsqIPhc5N8CsvsLAFYoNPw==
老练的坚齿,fKlzP1nnAkCkiaTAr1Jkv+OxGD/rKiU/T7jxvwzO9b+XjSM+588XQOrVPEAXHbs/p4QWQJd7P8B3G9e/BD4KQCxLL0Ag4rG9lCyMwPmjxsAsIF1ACipZv8ZrOkHjCtPA6NFuwC7U8782rZdA53IHQBmCwECW4rbAuvGPPyGpnL9ZGba/Zp6kwNC81768/fY/sWdIP7gv08DE6IHAt4NKwI59+j8cR/hA4Tfev4IBokC+awlBwwmVQBYypL8Z5/W/Cqx1QGYws75xOxlAcZbtPizL+L32v4Y/K/SYQL79CkAIq+8+aOAOv+xDGD+xMpfAvx4bP+efsj+gtce72Iu5wA==
清心,6gvov9tjU0C/NMTA6+bKvwiQOr9+BYY/KOX/PZb/g8CfvIg/ZkRWQJ/z3L+5NAPBQS0UQIuNnMB4YShAjJQVQMZVEkBErVE+ysY8wciMLcGIm8BAsFdcvst83EChLN/APM2XwP+DuMBW79+/nejfP7JPpEDhgdXACbhDQA/UAcAr9IVAMyQvwUgahD2yHGE/9e8QQfmguMCTmiTAvzsIwYCrL0DQjgpBsJcevcS9DECuqRVB5KSgQDDih8CwdczADbiMQCNIND+rCEJAFyUpQHpojsD3pjJAOXv0P86IzEBZ3YI/TCWFvq0eoUBdcKLAvEFmwHBKIr92Ut4/ZBt9wA==
嵯峨群峰之翼,/YKewBkF37/mzGm+kADHPkbKnj7OuqQ+WcyNwNyR7T6RCdXAC9QJwLdDvEA1jjFBn6krP0x+3T8G83M/KMuYv2pZHkE4yI++Gf1owNs4rMAI3AE/S6SOwF8UtEBWijrAN+moPtJZD0D5JfhAWhKHPyEfFEB3zptAviXPQGcXGsBQ+otAM7zeQMUjIsCs/1ZAJvkPweZMvMC0TPA/cXzIP6OzP8DLv4ZAB1ftv6qWPcBfSFRAoWIhQTwDVkDZL+w/jDgBQDmUaT9Iq9u/7Qs8QBIkpcBiJKxA6pd5QBWuur8t3me+F3dTP8NDd8BmgsbA+94SQERmLz8SMjw/inIEwA==
方块戏法,eUP1wPG3ksDgsCY/Q9qHwDJuocCkiP++HsH7v8LhecAWGBHAhtGOv+A1pj/gZnm+ILRXP/r7J8C/YhdAKE2bvWEskEBkiWbArGqRwC9h2MA45J5AYaFJQJ+0XUCrZq7AcIVbP6cwLsAo0NM/rJyaPwBG40CkF00/G7y6QKBTLsBeZ6bASMGhPcDYcr+gOdG/DD4gP6Ci98CdcRFBCNhkwI/lX78nSsJAfhqXwEAdoL/tLVZA5kMDQS6VHz991FQ/6H9AQd5s9T8m9iPAoNDJQF35wcC2aqxAFL9gPvQ6kr79qIbASlY3QKM/QkATJ2rAzaF3wGxcssCNxF3AQYWQvw==
炝炒肉片,foIQwc3TCcCPuyY+NpfFwJ6517+EZ+i/6AkfvzAe9L9Aa/C8xYcXQMQtCsBDVplA8wb4vzKsxr+tHhpATTLOwKH/DkDtiULA3ILuwEJqAMGuXnRATh1mQMguy0CvrxLBwMbJPBOGaj8wPQtBC7hnQMC9BUE1u4pAk18eQTqQaj6MhjnA1udAwAIjJsAsR3c+Ln6uwAiDMMHc6bhAzyMdQaroUr50sE9BlLShPisX3kDHyopAx0TaQNSCv0BysgW/VSFjQSZ8Tr848YtAen2rQD6vJ8FMKdhA+IMJvTc58L+0VBXAfsZFQFlYGMCv9Kw/apwLwLxHi8D269O/dMWovw==
历战的箭簇,TpH8v9x8A0DZxATAYMhIvwgBQsAizUU/JWJYwOiQPkBllGlAbmNmQLt2GT/62LQ/Qs2jv6FxdMCVNgY/KN5hvkg5DcAXEFs/Es8qwS4gFcGUAlU/+rksvyrLh0DSkoTALYSfv4Ge+7+O1OhAwH5bP0W9v0BpVoS/0WGCQAN21T9Hhtw/d7P+P2nnwT+5JxnAtcfXP4QNy8DVpj3AG7U9QClsPD8hZRNBI+1Rv+QUs0CJF+1AMu6CQGXbvr+2XhbAs0i0QLBh7j/3bopA3QwKQCH5Z8CBqWRAUNhUQEwX9UDFBqa9PvftP8rg2j8zvNG/Dmzrv5iSFL+C4SPAf4lowA==
[抗争」的教导,4932v8jAzUBMPYE+2QmkwExQ0cCi3Lc/GfyVv5NBXMAyuxhBddKPP/JpI8BTA7XAQVtpwHUBWcBa4VVAEBuBP6QiAUAXEyu/wegTwcYXA8EEn1JA4MvOPE5zAkG5ftHAz+tSwAorob4GexVAwb1DP+ad2UA+V1o+OJ+AQMdf17+Unq3AkjgHwWAsBb0HhbTA17KnQNJkk8AFziZAf17qwLa8Uz8yQjhBbo8Lv8kMXEClHhRBkJBgQGiMSr+VKGM+ms9YQYT3yUClvaFANHHrP6yKIcCER2NAhtGmQCQm979OsLY+Qdvkv7pgLsAtjKHAqD4BwL42QsAMA7nA6ZsgQA==
偏光棱镜,RfIDwPZdGr/KIJrAlrFIPnspsb9G3fU/yPSiwNVzIj+tZnK/hz3hP4G8iEA6VqxAhfXAP878bsCFu4I+sRNNQKCKykCs3pY+WtL5wNmMOcGs2NQ/ZK6owL6vA0FMYZzAqc1RwBhPVsDw4+hAMnJev84IDkH865vASYSbQJ3z4z8wBdi/TQKivwC6Bbv4gS0/6u+gvwT9I8HFM5K+cjgrP9hLHb/7QSZB5F0QPgeEsUBozFpBpg4bQeYppb5a/Kq/UxICQCLvUcAItNU/UkkOQOCy0L6ap4FAgF/nQORVwEAujbq/TGZ/v/MH1j/u4BDBBOfLPqp28D9XesA/08zGwA==
[诤言]的教导,QEqZwPHJg0AJ/fK/WMAxwHKBzsBMqvG+WCF4wDoQp7/fz8xALJ18wNurwT9GvUtBJjqVwLVMDsACmi3AmbJ6P4RYpD/ixKs+EK6/wHSugr9ibUxAKvdtv3VgakEeHujAPvgBwCbAyD8jd0JBwo/BQMK++EAyCBtAXFn2QNJvHUCL+irB3JDWPyIdQT/e43C/x6iNwF4i38DwSNtAzjALPnsoVD9N7D1BfblBwPyNQr7Z9A5B3ntUQAleM0C9ByNAU9eHQaqLw0CoyGZAar0ZP/Na8cB6E3pAR6P4QJ1EWcACdj6+FMEoQILwqcDwBojA8P2Ev7y2IL/stYDA60lQvw==
塞西莉亚花,fh27v6s5Gb9L0oXAdrpFv5gpWj0Y0uy/Aa2ivn71jr94J+a/7G9YQDnNlkAjXgHB5XscQMjLiMDi4t4+MaeUQA1wOsDyUHK/xtR9wBK5gsDWX5i/v/ygv18W4r1ONEvATW6YP5QojMBy3rG/uI39P6SKW0BU/5XA+E0JwMwZCkC7XF7AI1q8wCBl1D496tk/sqTLQI9Ch8DIQ7E/goqZQE49UEB0FnlAkPTqPnUqDkB9TLxATRl1QGfOK8B2MpDAzM/QwDYU9T6eVJk/6kUkPhK528C8/ZE+BIAqwPiA/T7fCTXATjsLQJYNgUCww908y2GJwFrqIL9lAT9AKNixvw==
[繁荣」的教导,DlQZwFTlwz8GUaq/prmywN/HN8Acg6U/3PhAPoDaaD5g7tdA0cpAQEhq+L0gp4e9Dn+CPybijsDkQr2/iGJ8wL3eUT8xQ1LA/+TpwIBR5j4SEaJA0R9CQERoAEEONs3AuqlQv26pVkCanp9Aiay9QCeY+EC863lAyZxgQIB0L72+dEnByeRrwVmVyT9e7jbA2ustP57JyMDBmNxA2mIavyAJ5D8huDVBBXytwFTZ7kBtidNA/M7bPr7Wyj/qT7k/6opgQd1UzECZXgNBYy+lP1YS6sCi7kFAlonlP/4Cnr/68hE/kDT9P8S0AsC5rLg/dTx9v3oMQMCmVe/AuPLQvg==
远海夷地的玉枝,QEsQwPVmGUBia3m/07DDPlCwhsDorRW/l9p/wGalEL/yqBc/xz4ov6R12kA1iD5AcC8nwAp9xb+8ci+/Qrs1QErzuj9BuRhAd0ZHwCvrD8Amw1q/aSIqwJ8FoUDCxuS/qXsePnkI9z84/stAaJIbQK2XF0CBZ1k/2KkTQPZWhD+bFWLAddDGPylt3z/Va1rA2joCQEYbCsD2l0Y/00+OQCSPyT9KKYBABxafv0p3AsApTXFAuxpiQEXqxz9b94+/+lqtP4u8lkB0STBA3wKZvtRAtsCcDQlAimISQKurtr+Dw02/YQ8bQJOnQr8giArAYseWvxjh2L7UcQy/ZFOUvw==
白栗栎木,SLr5v/IoZ0BSmIG+8I5DwPSzBMDYRQ6/mpibvi2Op78dWHlAi1c9v9MIKcBgpvdAeevzv6pnzD/cZ4m/ytBewKgIAkBefXo+m/1rwJxKfcAgUiRAnxaRP+u4WEHCaJnABW/6vzSF4j+exh1Bmh+fP1jrhkAErS8//BO1QJKDQT+IoZLAPqWev0rci78cKoa/zVijwKd6xMB9hQtAjKoBv0YU+T8EbuxA7OuKvmtplkDj4Y1A4okoQIdWMkBgfLG6Fp5YQazDUj+SsDtAgGxIP6nBUcCuw74/4WZlQCdFPcArKIc/Z8WFPwxzkMB6OOy/SuWnP2LRzL6/+Pa/chEAwA==
「自由]的哲学,ADbYv04X0EBXtYC/6A0ywFjmhMDwRrA9ITM1P3tzb8CjAMNAYKkuP9AXor5f6ARAxLa8v1QiSD+7KhJAePygvwJxhUCyYgTAYYT9wI+83cBikjZA5nxRv9FyRUFycODAQZZcwH5TJb/F19ZAeJeZP3CV+EDdQwU/GJ2sQLQ5OEBRxCPBQFBGwVKfLsCKlg7A7gX8P+eBGcFjTnBAMvDowB2SiD/U7U5BMeIpQMdoG0E2VTVBwKTFQGN3TD+OVVW+RJkXQTSmBL+i30NAVMUWQP/OCcCmbARAnn7rQGI8G8BRYpi/U/g9wJ6fmsBPS/vApCf7PiDI7r7+cTDA4+jrvw==
[巧思]的教导,2jI8wOa6hUAKWhy+Xn+qv/2BxsAtG1m//sSPwDgLCcARirtAh9Q1wDb0i0Ab3wlBXUuAwCk8tL8uPwnADeQ4QHbF8z90nAU/7gx6wD3BfL8UEMY/V7t0v8S2KkFPwqLAd7JfvwjlPT9cLvFAu7GbQKEpqEAh5wRAWMmQQBkDpz8SlwfBboIpQOodoz9K3AbA2BoPwLuGjMD0WJJAQzP1viCIgD93OApBWL8qwBTBzL9VTt9An1smQM5emj+jtvk/Z5VBQb7ZyUBl6pk/IOVMvZXegsB0JERABC3HQE1XgsBEKGm/kA8MQEi8fMCUqTfAIYw9vwIqjL9E75XAZpKcPg==
坚牢黄玉,H5y9PwVSKUA3lIi/TMr3P88TFL/UFJw+0GUIwKzQMT5dEJI/NGlQQKlqsUCOhek/opB2PrCAYT40oHI/zrhvP7IdikDQGLs/lE6LwCFQjMAPHvu/OblowC5MYEDqls6/HBRjv9ionT9Y1nZAVcgpP7hurz/a1Mi+LJvgPYuAVD8P2hbAa6uFwBGyXz/0ts2/DgRpP1tMXMCCok3AHcPPPiSMSD80I5FAYv6aP0sMu0D2YMJAC1uFQBptgj42Luy/Ly16wMI4hD+Q1C5AibsHP9qGp75wt0k/dR91QMgWqj9RBN29wuihv5xKz79aq1vAsMGCPysgkD+pQeK/YXz/vw==
幽邃刻像,w1NHwLQjsEBEC8nA/3ILwJuuk8CgZi+/+MCHwKIZhr+ad/JA4k4ZwCnVIEE9P5PAxAoAwclN5cCTO8/AWUXBQA02acBb411AAWDLwKEejb/Z/9w/HmEzP/juMEFLccrAMh4WwAuxyz8UNLFAJlnrQLTI1kBuzzBAzsRwQAI9H0DdPm7Ayu1hwCLvh0BFWXDAYxSrQKrRUsBMfCJArZ7jQKYSMECzfxdBrEw/wAIBb8BGqhNBXgYpP2/ljz/Gets+7wbjQKKKDkGrMvJAyJmCwP8eEMGweENAkqClQNb/Zz8TIBNATrJNQBzkaT/Wd8K/zJUAwNuxIr/XHli/U/eNPw==
奶酪,aBi1v69HlMCtg3+/E4fVvpiUpT9ndOI/fljKv2jsNL6ktQ3Ai6o7QOwhesDoJ34/ZHNPQPRRnT4vAcA/W7YjwJtnAEHWjNG/Pn5bwEwQl8Ben3VA/OOBv5TfQUB3oQrAKcyqv5aEFMBP6gZAj1rovyJxCEB8q5S+G9qFQLB3lr9LiMQ/RV2FwMtoE7+lBJI/jolSwBTj+sAOw0NAys+ZwDk6wL/rtpVAqroFwG73xUBnn7VAPpfVQH+joz55f+m/puqFQKriVsCeaoC/VbikQJYJAUBrjUVA5/A8QIu2AkC86rG/jUQZPr2VF0BD5ELAmDpIPxd0oL7rQyC/gqqNwA==
秘术家的金盘,UJamwAILab7GLf2/Al5fPoLCGsBQTrC/+wGKwDLfScCMn/I+lAHGvqqEBkGZnNpAzC5iv7ajL78jl2Y/UnD7P/1Y1UCLiOe/5S2PwLpl38BSKVpAFhoCwCgo4UB03bDA6x6PvrrCB8Bbyq5AUDBnQMhCpUDoQ3JAOxO7QEn15j8OuT6/lL36v+Wpkr8l1o8/bbWFvwBKGMH5JrJAMBJAQJh/vD6uIAJB2D8svl7LCUBREgdBLscYQUpQTEB+Ucm9A9jbPyD6BT/sPik/DJQ5QOi1ncApJ6pAxZaPQKBtBsDxuui/xX3FPyoe6D5uoqbAoP36PV+4wr8IK4Q+gt2PwA==
神合秘烟的征兆,dsLdvipZ0UAQxJw+NsswQKjog8AIKws+XvizwAjGlr6u6lNAnZbTPmGYFEHsGstAY25uwK5yI0DMBBm/bB8RPwMUEUG21CtAYO14wO9CDcGFLRzANyN1wEjyCUHwBEbAAfghv0YIoj9TZxhBfmukv8FunkAM6BtAYnAOQP0LHUCqVZ/ATZ9jwBqNBD+vCprAh+2Iv7pgxsBtm1q/sWWUQDQHJj+8iwNBigocQPxFwkAXFx9BzB72QMZTN0AAqt+7wlM6vzCOZD6x0RxAvi9Fv8ONmj85H+Q/gFoDQThcGr9AKL+/cAHCvwPXb8CIk8nA1TuCQKZ38T8uf/m/qldewA==
残火灯烛,LxuVwFvDQ0C9CFDAsu+yv63xGMA+b7S/CjWSwDA+5r8KubVAGB2VPi3bGkFvdYBAhCmNwI6AxcCpjfG/hnSPQIzJpb82lKs+yWILwcSUCcGlxaA/bIxTvg0IKUFqs7jAaFufvxvGmD+zRgdBWC2wQFg6GkHSTVbAqquKQOrUvD8QEyfBI5EDwPp+wT8EWB3An28Bv2RDC8HWgn5AG87/QCciD0DFNilBaEatP3ZHSEDykzJB1BasQObKeUCj3iY/4Gf1QPYd+j9IfudAY2wjP5IR6cBllJRAqEd8QDwyNEAGhOq+2MykQPOQeT8T32HAAvxbwDJbor96a/i/9FTLvw==
烛伞蘑菇,aqutwO2STMBWAErAwvUEwALY8r+5jpW/pNxvwCT72z6uYiu/zjQEQMxl4D4LaTRA0hCxPwz6f75O9q+/8LQJwJTCtkB+/IzAMt59wDrU8sDu02w/kDs7wOrez0BoPq7An9caP8C9yr+7SyBBNenRv1syAkHjO1JAOBeUQKnDsEDOtDvADv7hvtRLgcCYJZs+cOTOwGN+X8Ec3I1AQ3QEQV5xqL8wBytBXaUMQGgJC0GV9iZBQvE2QahOfUDMpZ+/YciKP8y9sMCFCVM/4ECGQMkktMAFF4BAp/YlQNauEL8FdTHAFKa6PXOdE79iKTvAYCTKvB/Uvb+Hjmw/0xOnwA==
异国之盏,qcllwCx1x79MLGbAl7THPtRbY8BYe9E/qGWcwE7VXL8IjQvAK+AQwNev+D/WJDdB6o3BP8tW0z/45Wo96jvHPtD7MEE6Eoi+gnWNwNmossBm+JNAgKiewMYDLUHeCVjAKuJIwJjUsL8wVwdB1Iowv3i7sUBmmsU/mEMPQbw7ZUCMxRzAeu58vz60Hr9wwpU/qGyTwD/kIsGJHKRA0GZfwBjbYb8gEPFACN+1v4t7Q0Be2yFBfNQbQZaK/T8g7Ka/1D3dQJO3R8DJrye/nmpMQPksbb9s0nBAPMH6QN/1Kz+rR26/DkPIv81omT7KKBHBALtEQEZiiD+M1Pc/NIT1wA==
桤木,41bVvym1AEBZnPq/T72sv5mpDD/0K3k+mv3Iv3HAGL9Yw/a/PuwbP2sedr/e9gZBD4cGP6+29798S0fApV77vmveKkC8mCS/Lu5bwP3BiMDMhDFAfgibPldNUEEDm7HAAOkXwA2kPUChgRxBcYs+QM0ao0CoWZfAsWvpP0H0H8CqdqbAua0LwEywWr+Seq0/4jCQwJkDkMAXMpa/WAnavpziyT/L5L9A5Z2OwDuyOUA6jqlAr8cCQA1pAEB35yA/Af8fQdBsOEBr5kNA8NK/vi3ZXMBzHs0/zd9SQFwoV79EDHk+P9ExQJB4gMBqkyTApCeFP8jm2D9QURnAxPNLwA==
[纷争]的指引,Iz+DwHDQPkDgbHu/Ij8TvozNrMBgKTK/yUn0wNo8HcCs3w1A5DfjPwDht0Dc9FxBE6agvyZVuL2rU5I/sRGkPyguCUG+NzA/b+IVwbABU8F8UeY/ByiGwLcgg0Hmw8zASicIwB9WDb9NZV9BSutqP5979UA6Rx/A4aUAQfN4+T/AobPAAu0yQKxIib8czADABcNZwBNuMMHZB76/RKQ3QEbfpz9uzSZBmCoCPvqhAUGZDURBn/cqQduUvz/Tl/u/kJUMQepRG7+4pg5AJnRQQCjfdsCKyJhA1F+6QJa6wj8F+b+/2gLHP0Zvzb+KHubAZuOQP0R9aj0cqx/AwHMDwQ==
裁断的翎羽,XAJ/wANkX8Airx+/2FLRPmZpPb/Ar68/rMKGwGB0Bb3t0tzAwvPKv9FoVkD7mWJA02ycP9GZiT+FMlpAUAOkPrJJEkEwCrA+tVXMv1zKucBbExVARjemwLnktT+2gpO9QDRYv7G5178qCxNAqjerv0vfpT48hTJA4RyfQLlCAMAVXQNByUeeQKik378s7ww/DAaOwOuilsAaNvI/vmbhv1XIYMCwdSlAoAcuPWnQrcAR00hAdKcXQdXM6z885b6+Kyitv0/74b8oHIDAkBqPQLGLM8BPBZ9AXGglQKSeSz9oBXE9gZyPPvpOyz8NoLjAgPYdPml/k778bjdAOEF0wA==
流浪者的经验,GxK1v8VOiEArKfa/PzrhP6/Qyb+JY/q/QFxEwAt897/aw3dAppPTP+/zW0DZyYtAPXjjvwAcnzxe8nO/vRSvP9cEVEBB3be/PDegwHeiN8GzJPc/AKyNPfluEEE2UrzACouvv/yjGsD2po1Aa4TaPwSsoUD8WKi/Yh6VP564nD9AGW492WH5v2X1Bb80Wpg/cIqyPkDQ7MBQWx7ABVjCP/0xyj/41fRAueGeP7HbE0HWkw5B6hq6QAxuoj/+oZS/cQFOQCAqfr5oino+8GP9PA3G270RIw1AY+arQK0zZT8JFkO/KibqvphMPL9AwoXAYsfQP8EMKD+eCyDAGCCwwA==
午后闲茶,aa6dwIbigr/RW+g9hEDsv0yUFsCsPk2+ZdOEwEyzBsDYK9TAJAELQIgFtkC0JXZA5L19P7EuF8BYuyY/AUoQPiiowUC43Pi/W88mwFjU18BXZEZAwzfJPxxUsUCjnr7AVT8yvmiDvj+EqKxAtipWQLrfw0Am05+/v4kSQKRAN8BEU6LAM9CFwMH/Xr8XHu+/VGUsvbRcvcBqg4c/SrtOQFDVTrs+LANBDzmPwC8q0T+fKX9ANguxQGqQIUCoRg898bqyQKWCDUA0m/Y+3C7dP0jShcAD1Y1AspTgP0K+1b/IEWjA4GhHQIbDvb80bxDABBgFPooXx7+h5lfAQMdfwA==
魂香之花,31gUwKxdSUATIxu+aRlCQDzypz6s0+G+7+L3wGoUNr/UbJ4/QOEaQB+33kBjeQlBwh+1v1odwT9GuyjAEnxBvnbWIEEgqUa/w064wAevXcEY63k+x9bov9g9N0E0nMDAlModv4y2ub+ZbCVBtC6gv4LSAkEEfKk/sEFYQCLoR7+nxjK/KDGJvTJLGcDkziS/v+W0wPQkOcEzEEHAlfmNQM8hu7/bIxpBEk7DP6hbMUGcektBNTQsQQp11z8np6Q/BB5MPyERh8DggH2985CdP62RSEBHNXRAjlcIQSTgZkD7rCHAZEFkPrUN6b+9nLPAX5qPQE9KFUCBPTXAHAfgwA==
[角逐]的教导,cja5wEtVsUAbFzpAbsw9wH29wMCy9BjAoCAgwJWUucD23QlBp5fdv+mB3T9dAPVAXdunwD0GEEC3TrM/1J8CwFsxfEDsdJA/gj3fwBC9xMBuwHJA/q09PjQBZUFHm7zAakZ2v7n9sj+jeQdBjGRkQLbhSkCHUJ1A0A4hQcy4mr7Au6nABh9Cv+6Slr+e3zzAExMTwIoSxcBhO7BA6/qsP+NyeUAeN/ZACLy5P4QLBUCZTm1AhYCuQE9PjUBrd7a/m7iCQSZ2lUDTi2JAU8ksQFE5FcGuUo1ATVmxP0dD28D16YE/qfF0QJKdacDJHX2/zOywv+uBk8CPqXvA+w23vw==
绿洲花园的恩惠,tUJKwC4Fjr6K9p4/OV3+v7dvkcAaAsK+gxRbwHwP77/pxCa/F360v11+eECjp3pA8I3Av2TyOr93R4Y+InvFPykQY0ChkLA/GERivzOukr8YM48+baSnvxHpqEBsUATAFEc1P9Uj0z/nDMFA9iLWP3QeHEBqpbM+SrNfQJ0+vb98oJjArAqKQG0zcD+gtHfA54fdvsXyHMCWEo5AuLf/Puafij5SOF5AdkInwLUkmsA8w7c/LLmXQMHp3z8ItwA+0enEQBljkUDg1Ts++QsFQAnVkMAUpShAdMp1P415gMBdlP2/VMJOQKoRgL8PwNi/5Q8DwKg3BMCdQALA6DSvvg==
梅落雪间醉,5IkNwfDCgcCu+hFAtrMXwJVjlL+OhYq/d7nWwFBJVL8fkzHA1X1uQIYHRL9LfiNB/uBwP8b3xj+KRPI+nNjTwKCHJEEaBXzAuBnBwGdeK8HK54xA0fbBP6iuCkFcsebAqBnHP4DQHrzbPDdBNBkGPxFSEEGyIZ9ADaQEQY8Tn7/dqYjAMiSyv8grXcBYM0y/Nz4UwVJXZ8FVFpRAbv8JQY9BB8Ao0D9By9Snv6mdOkEabQhBV4k9QZtwq0C36Qc/+aAfQewZjsAcyBM/vqXaQAb4jsCPsehAwGYoQDCFzz1swKLA7LumQF4CWL9wneA9QsCDP0t/McDZB4vAgiX+wA==
破缺棱晶,1buKv7o8Qj9n/4nA9eCVPzAvTj3G910/4goRwEtTpL8p3RBAqQA3QEnVqT+FkhVAmBxcPxP58b+m3iQ/SUqXPwLv0T8F0Es/F5AVwaCL+8AE1VZALCgXwCPz0UBxXITA189kwGNwVr8pT4pAGgbgPwYxhEDV5Pm/ZqueQFskrz80Tya/XQB/wJ5tRT9soSY++vpHP9Kcv8DP582/FUmLv0I3zj9IaepAzMUQQNz4ikCVvgVBVU65QM0WzT9OaDXAtB8gQJKgwj4IsZhAE+MYQKoVcsDNEm9AV96QQEsAxUBtI2Q/32cPPmrF7T+86IHAoKTNv19hlL+qiwk/ZTuOwA==
海染之花,VLr+v+BTV78tgfM9gea/vnH2QcBb5wZAdingwPHbqj8hsSvA4/PsP9ZjSkCOwwZBiM0ZQPwz5r8bDvY+uWN9PRj6FUEwvHM/FsiBwBaJtMCUf2S+DKGqwLL1zkCC+BjAA68Hv5SZqT+lgSBB3Puhv3lCv0Bcqee/h7xCQOIWsL+SSxDA0kdWQHouUb5vkHPAAn+YwIZTyMC3Xgy/rN6MP/av4b9U98lAC/RJwPloJD8ESeFA84kCQdwwWj/Us3o+juMVQLAl1T4qHM8/Ck89QJDr6L4MCFxASJ5rQAy0kz+GBvC/T+a0P1LPX789jJTAaDYhP34kkD+UEwzAbiOiwA==
四喜圆满,ZKUMwRBPxsB/Mw3AhhPKwBLWqMDFpde/oAmOwAz4NsAIxTK+CWpNQAuddEAmM+RAmcFKQFUPp8CCFUFAYELVv5QMw0B8xq/Ac8C8wA0GHMFdkcVA4ndRP3uwAEE2bAzBcoqXP1mtJ8Dsz8VAbFe/QOz/HUHC9pI/plfCQAt5V78e51TA6M6tP4SadL9gg70/tQwwwMaNRsEG/wRBr1ZLQBwhWz4gGTVBU7/DwPwVmUBMCe1AglBCQVDiZUACNna/dU0RQfzRP0Be7M4/tDPlQNeIKsFiX/dA5sKav9dk47+4XVDA3BNdQFhv7j+d7gPAYc6HwCVNy8A0C7XAQgHawA==
哀叙冰玉断片,duNKwL1wdkCRiojAF3nTPygwg8AYNm6/Kok2wdkOQ8AESx6/WzPPvqk7PUEcVUtBpzs5wJ58L0DAoPW/qHw8vvoZhEEXQ3VAAC1QwOZ3Q8H8h4M+jJrdwKD1lEFt1NnAi4dawF6eGT9DbEJBJzMiQHNO2ECA+QlAqofGQLyacz86DvRASf3BQHBvsb8AjTi90Y6RwCkfDsHcuALBWvGrQHiLAr+eaxtBt0mGP7kbjEAEGEVB9OhRQWmjG0AdVk3AzQ79v5DeTcBunZ2+Ur6fvmUs1b9+lIRAKzQGQfroPj/8V1A/AnejwHLWJMDp2hLBcAbNQAS+hEBJHpc/Grs1wQ==
深廊的饫赐之宴,rPhkwLGigT+rYArAhPk3P7yhx8Bg+dW+z84NwVwEAMBhBM2/TfRgQNslQ0FSXU5By7oqPpGHGMCsG0U/cd0vQDlNH0Fi5gg/hQrkwBTtScHwaz2+ZyaKwE4LMEGZudvAktuHv/BK970MDU5B9qpbQAjbFkGrsTzApwNiQHBEAEDtU6fAREA8QHLiD79UozzAXvSbvzWOGMHcSmPA8NTSQJVggD81/ipBiU3gv8KFnkA0hDJBI9M8QQ7sEkBKGKi/+mXPPxxn/z4ei94/9dcIQGZZjsCUDZJAPWaRQPdm6D/6KF/AfSrHPj6Ler/OE9jAFmIrP2AU0727rlHArOMKwQ==
劫波莲,du88wB5PQ7+8Gda+/xMYQKJojr44Ti8+SAMIwd5ikL8Ik5O/VPkDQHYWs0ALqjxB2vRVv4CnLj8pItq/tRWqPm1kOUFASd08+RtDwBauJcE1fOQ/QxIfwHl9NEEdUpfAcnRhv2BwBr8Cax5BoAt7PzOEtkDTWqs+HBp/QLyI176eXIG+gFxDQObWs79gKN0+LazRwHjFEsFSaQTAqECXQM+2sb+fg+ZAn9YPwJy05UCM9xxB91wWQeSiSEAJItg+zHhZQFKsLsBgEp+/TV/2P20nE0BN6pVAbNHVQKCb5D/N4QrA/PxvPzENQL8u4IvA5uKJQOCcpD9HDTDADpsCwQ==
北陆弓原胚,4GRPwBD7u0AlBeM/5gbSQEsdicCbBHrAp7ONwNhFmz6UjAFBkbiAv8LU3UDM7as+ZFzmwLQzmUAiuiQ/kuHjPqSixD7bkeM/Iz2swFhzHsGS+JXACUcNwD2tGsBPKuI/qCllQDyNUsA+HTFA7V7bv2bZtT0stABBKtgsQK2S4UAenSJAFEjAQPJVUj8Qr5TAQf0KQF/fucDWyh5A9TgRQV61Z75nW4VAkzYvQToxq0DakspAI5L0QCO2Y0B/CRDAg7IJwWpAPsDyAKq/8LDUP5FDBsA+Di5AjJyRQFcIgUDwbw/ARvcoP66drj/Q1JS/scCRv+S2s7+gram9Mfm4vw==
玄岩之塔,H/zuv4ixeL9C+t+/VB6wPxAddb9LKxfAetpuwBzVL8CA/S7A8xWpPyCBmEBslItA2rzoP85DZb5EXya/XaZSQPI6r0Cmy7y/2LQyvwiDtcDQ6S6+rd7Mv9yvykAWu0/AR6CJPzoIB8D7NlNAeuvRP141GECkBpLAfoQLwOb7iL5LsjO/7WznPz60Rb8QjS9AR5b6v/1/ucAHUXC/5mfTPikfmz9A2Q9AGeYRwOL+a0BJWrlA4wjWQPzVS78K9de/QzYMwN5c4r5WYVTAwBywP/8cuL++3QU/SiS4P9imFMBtN0PACczZP+W0nD+askDAvD0HvmwOoD+H6bG/T2KuwA==
柔灯铃,r3GCwKCmVDxQ1ak/sBY6QBl7IsCY67e+jsMawfSw6z4FZWO/Mku9P3GOw0Ctq5NBQQsawCTJkT+C+dm/QRQkv5Q+KkGKyo8/KtBowK9IJsHlwMu/8nFUwBgHOkF4GZbA0pxoP7MjFUBSVHZB7M9CPwfAwEBhvik/ENpzQNysFT9aZn7ARUn2QOUrm78z2LW/i/IMwS46B8F8R8m/AEMhQea62L/SpuBAULbmv6Kk2EDMSxRBRaITQeg/n0Cn1/o/XCGUQJYcDL9CEAE/4LyPPyDmOb45zphAO0/RQJgrN70pHz3Al7IEQGt+hcA5/oTAui+YQPr3sj9+5IDARgbTwA==
今昔剧画之虎啮,wqYbwHTnNEAuZm3A4Im3v1hLi8Boi+k9utORwAx4QsDW4hVAF+0jv3FJnUD2DrC/R3MswMjwnsCiZAu/Gp2nQBQEzj/itf4/DDxkwJ+SS8Bomfs/mFypv2a+/kCmwIDAIbsGwOiqRz+9T4pA0OyTQJkQpkDrM0vAai4cQNgSA75vaKXAjE/cv4TTAEBtaYXArNvnQKGaYMCIHQ5AqskVPhPhoD/m6d1AzhA1wLljCsAWwuhATd1OQCR9Iz41lMK/O4GIQF1Jo0DCdm5AscUdP8iiecCgzidAAc9+QJ5pLj42MmG/j627P1Qz5j8Wp4vArDopwGRCrb09e6i/MM37vw==
原素花蜜,omU0wNI11j5OxhXAHmKbPkifRL78ec6/umGzwDDtm797gcy/omQbQAfmC0G5CfVAtHmHPscWPsA+/gXAz+o+QD1AYECWrJ2/QH2fwAiV8MCwMKA9zicLwP8WMkFmwsnAerU0P8ibq75kGw5BV8tkQGzFzED8hSvATmGhP5xokr/Y9ITAd4mmP0Ryp79j++U/kVlmwJwfCMEYqYS/JSeYQBfUUz/lF+1AkoTNv1q4d0BRsRpBoAf5QNDcmzxmHPI9HMsnP+/I7D/Xqbk/MYebP9HEpcAu3l1AI7A8QIL4lb5BHwfAa4B4QDHWj7/u8F7AkJUqvh4TRD/f+v+/ypWbwA==
帕蒂沙兰,h/3UP4irqD/I96vAlU0sv5Uom7+kAuQ/B9YTQJB0hr+ATbc/gC15QFT1Ur+lXwDBb5pcQBdWX8A9DU9AHbT/P5SFE79GSZY/1ITCwIH1sMAxHwVAhpADwAOy7D6ewR/A+LVHwBbFrcB3m+K/uCIFP2SRVEDV25vAfgjvPjkFFUAA958/YZ0kwexakT8Asoe/WzEYQVMAcMBZAMm+IiWHwBjQSUAcXcxAMl05QIDPIkBhRsBAXmt9QAf957+sPrLAmadowBxtab/WETZAddQKQOsMPMB06za+Sh2GP2BgkkASUwA/pzAOwESAokBRzW/ACUtzwG0Kjb/Y/fI/wt+TwA==
涌现的圣杯,3mI3wBM50j5QEhzAyHlYPwC9Grxh+OO/2d/SwFgQl8B1EY2/WV1tQOp8OkHbXA9B6tM+PoZv774P5DnAFGfCP7hRCUHMD/W+5E+nwDiKO8FStDlAAIFiPD7nZUFcRPHA1P0TwC5s1T9Emx9BXVdWQMjCAUHtSJHAstssQOv0lr/GH5zAVupQv8wFjb9SnCg/qpHBwCzFIcGk647A5xuOQGi06j8LJQJBoPWlv3ibCEEuKxtBZSMmQdsjS0BO5N++sEiVQAOOEMCr6ek/xlzLP8zwm78HR3VAn5iZQAKhFkCOVwzAvH3kPzA5gT1e3pnAu1sTQNRAiD68qSLA3JcGwQ==
鸟蛋烧,VMuNwNxhkb8cbe6+XIe9v2TqkMDCiAe/qO4PwIMNnj/onSDAKi4Tv/IxKcGluIhAiZk0QJAAPEDs65M+TDyNwA6bQEB2dkzAxt58wLIPnMAa46BAzjgFP8Cyh0BWTn3A2FaOv62rjcAudq1AFlsawNjSYUCXn/s/xM26QCDLbkCwiSO+uH8Qv3hbSL/8M86+6EdiwNrkF8H4nDtACUo0wKqHL796gBtBQC+6PhDlgUDWX61ARjGaQGqV4z94LmfAft4jQQuASsCe+lvAc9SoQNd32r+CcTVA3+WPQDZiVT8D7UbAdMc3PwADGr9zxrC/CDEwv5Z9979m2ea+AoXCwA==
「浪迹」的教导,09YmwJPMiUBKU1RAvLDTv0voEcERj8A/LJd0wDoW07998HdAeHvfvSsSg8C80WRANDBdv+1ugz+Ip5dAxRGpv1zbukCWAYU/ZXHOwGkaCMH7X5BAde3uv1iZy0DqSV3ARWQlwHUgwMBIKGNAfA0GPmyoXEDX8To/Y6bDQIgcAr8dHxZAyEdQQFwCKL4PLajADcFBQGxonsDeOp4/dqMPwbPvWb/TzCRBgl59vwKOgr9QyI5AEFa8QBc2pb/kjUPABzdPQUCtBUCTTW7AcGi8QE51+j24e4dArSl0QPhDbb6EMIa/s+6mP0ugKD9WUFHA4v3gv8Z7NcCB373AYXCtwA==
地脉的旧枝,S4qdPv/27z9dq2jAt4xDvg6pAz+HSac/iD1EwELHE0BmGi7AQ3u8PyiGjb4Mm+lAWHDPPtS5ZsCBtJDAVSQSQErW87/T78w/9n2CwA7ojsDncQRAOGXLvUR7T0Hk0pfA+BtDwI3srz9c4y9BRKwHQLcnr0Dk8enAQbeHP6c/Hb9QJsvAIgYXvyZU+D9lDBQ/MkhGwNTng8DmY3vAioJZQECyHUAZkM9ACF6hwKmbVkCYK+ZAUkdoPliMEz9SPdW+s1kSQZZIN0An1IBAO1/Tv6ZSAMBWXkM/rkidQDMlh0BIw049fVSFQHIxor9DjKS/sKk3P4/2KEAODWq/612OwA==
烈日威权的梦想,+jzQv3nvHEBG1a+/JiDwP8IshcCIIhg+xSCmwF1Ri7+I/Mo/3SisPygh7kBS70tAFLaGvF4z3j4RE80/kDISQDeC80CoSuQ+4PCywA1MUcEt+ZC/0gN1wG4jvkAHknDA8LsLPXBrjcA3fcZA3nkTwPry1UC+2N8+PWBIQO3RDUDDC7e/SNQyv43Jar9oRhLAzSnCP9F1EsHivVQ/Oo5GP5bsHT6Jp/VAdKsaQKx9t0B0gCxBJtBBQR6zPb2/l5u/AnUswGEfw785oTO/HrMgQAr3Br51xSRA/KDOQEaFJUBhSzLAHP7wv9o1Uj+47QDBM1VMPyUB/r6waMe/xcu/wA==
蟹黄,nBSHv2g8dL5F1Oe/XIC0vfZnDj8A0XA8EElOwHjjgb4uCNO/77wZQAFDs0C5o5FAb6wEQE6IFsB7xpQ/+IEcQDxAg0AYCs6/3atbwKTt6MAMIr4/BitOwEUKv0DJe5LAWnvzvs8U479CUYBAoqa1P2kdj0DIJp2/agvdP4ljAMC0dso/mV0jvgCOl79tfAdABsIawDLE08AJLuC+sdkTP4I1dj42qMBAebaqv2uTDEBGidhAFynrQBAGEj/slYU+qJSUv4BStz84tJk/H7nwP39q57/wKGFAbwIkQPuMpb4aRd+9Mp05Pwiy0L2+6ozAqspxvrrCor5+aoK/DkSJwA==
「乐园]的教导,ejVTwHBySUAba7A/UqF5wOFuC8EZniI/yw0IwCB1JcCQgwVAENBJv+C3i8CEWOJAZ/LwPlFdO7+mkoNAfUyxvqqUXkASy4w+FAfBwLui6MAAnpFALG0av2rOKkF2J7jA1K0wwBGsqsDkBuhAjp+mPzjnxUA3c1TAfxvhQCN6Xr+cdYTAdQ8+QFEOVL9OkznA0u8zQOuD1MBwpI5ACj/2wDKDWj8inCdB0xE0wOuU8z7Km5JAtrfGQLMWmb9FRCfAGIODQUgZM0BrnN6/yEG1QFa6UcACnUpA4DcwQLB2BcBuGtC/XEgmQKAVwz31m4HA8PBJwNlJKMAFlqfA6wqywA==
悠古弦音的乐章,erkfvyeh6kAQu4DA5Qq1PqnLUMChIyi/C7uLwGwmvr93WC9AhjErQM9Sy0AFiTFBdLhWvzEMrL8UHOu/bkl7PvRtmUCSwRlAZjcjwayhPMGT1om/yORUwBf1k0G4TADBNqEywLgp/D+2UH1B+nfGP2NcGkFSSLvAyNVfQJjItz5T2OjAqIUwwDNie78ifwbAJkgOwPT0BsFUUMvAYH3qPwGDbEA+ZC9BSNJ8P7JLBUEedUFBNV4DQcB+4z7i8ra/TiaRQIq7C0CrxtZAsBJXPcyYrcBS5K8/bbDEQE3+SkAzSZA+6J7EvYj+mcCBBefARZVMP2f4FEAmgjrAEFXDwA==
奶油,Hansv/DBr7+uUTi/QGAEP9xAJUCSNRe/UuVywDITV8CYUdY/Qhx1QIBXiEBiRQ1BjTICQPUIQUDMpJM9PcAnwPBPOUHDqua/ToWgwF+rH8EW4DxAlA5Fv/gXK0HDdKbApl7kv7KEqL8J0sZAEN91vroetUCcWJ0/H7bKQEaWNz8BxCvA2A2lwNKKFcAMbSxAWF/ZwOr/M8G1jp8/p2AzQGX/AD/+td9ARF/jP5RrbkG8PBZBQksbQTu3JkCmxqC/qgF5QBpS6sBAXCs/UDQpQDz3OECctlJA8w6dQKgErj/q2OW/1LG8v6zQL74mg1fAy9mNQEBklj4wO648wK/QwA==
狮牙斗士的铁链,EnM5wL4SVj/hAgVAUlEYwE3O3L/eqpO++0fDv8o87r9y/+8+jS1gv7mNkEAwttI/Sz0Kv1V07T4yHdI/Mzx6vx30akA6uK8/dM3Rv94kjb78j+C+fqvPv/tYjEBGg2O/ySTIP6IADkCmhZtA/GPqP2QQ4j9yDHlAuup/QFNKLMCpoLDAWPNDv2nIJr/5Nz/AiIQVv5suFMBcn8FADQYbQHN+sj8DUTtAglO2P7fGQMBmBDu+G+WsQFiBSEDLgJ8+Sn3VP8DUaUA6sBxAjaseQPbi/sCs6wZAEDqBv4YCqsB4jwq++iNSQOmcob+0bBa/vI/wv9ulN8B8FQbAQJl1vg==
「一梦治愈」,p3CPwBJClcCJo+Y/R/KzvxJBJ8Ai2Cc/Vla6wLZqHcAmdavAigCJQPlDFcDe5pRA1L52QKhQyz9A2JE8tcwCwEPLKUFrLVbAPK1+wCaOEcEBNENAZI3ivviw40DZCbHA6xG4vqObPMCqIPRAfGFcwPyVA0F/Gt2/DSTJQPZ0i78hyd/AdHbQv6aZaMAmIyfAxiZ9wAYGPMHQIzBA25FVv1qV+L/k1hJByFPzv1Bg70DujRJBGH8nQeQ72r68eoe/8NzyQE7SoMBwJWHAIKi1QEngxj+z6o5A1BAZQKjVjD8bcdDAzAzAP7h+sz42sjnAyqsdP28x679uVUHAlrPLwA==
苦种,TrwdvwWhS7/kFgTAkfGlv0zeSj4stfw/XA5FviTZBsAvOok//7FuQK6Rxb6iERDAFGBsQBTR8L/zczRAmLC+Paf1pEChYc+/AgD9wL6ny8AaLm5A1Ha1v/MXY0BSQnvAXbglwMyzJMBkgoA+VU0ev684gkC8VArAcs98QMc8Gr8HQti/zIEMwXzvQ78kT6Q+oJsMQHo46MA+Av4/WU7fwEBQYzvGw99AoB+AvGcPxECj3fhAbanFQLyy2r8axxLAkHByQIH63b82O7g/5SSOQEzMnz6TNDZA1zxBQA9/VkDe9VC/VrmQvxJCDUBdjJnAKzZuv8T8jb/6RYW/Sdc5wA==
罪恶·非必要处理型,IHTVwGYYO8Bn4CU/ZTx+wMZ727+C4U6/7mpWwIotbz+In5jArdiYP1D8EcAKAhRBM1B5QFN5kr9QqZ2+muRswHAvkEA1QNnAuHutv1SYEMEtC0JACGxxvo5wHEEgOPHAYt4jQAqX1L+avTtBPH+xPmBsH0GaYQxAQJxWQKFS0r+c+LrAsAf6PUWsocCR/tU/FdX9wLziWMHfEeNAsBNqQHpy6r/zhzpBuTYuwIB93UAWSQNBTOM3QSs/iUCMi3NAaBylQC5cHz+y6ma/Ym20QOnO1MDM25pA8mYsQB6AhsDVG4zAQJ6bQG2gh8AOX0LAcRd8vxw0F8DM+qnAVYfhwA==
晦暗刻像,nXhZwJb4N0Ak6orAfjiDv4zlib382lO+C7MnwPKIWMDLxF5ABrbvv99C40DpQze/wo2TwJr8lMA/mRnASie9QMwrbb5geH4/CVOtwN/aYsAEtUlACRKGvjdlCkFaDq/A9F5IwCwvO0DLkVRAYtOUQGvkj0Demlw+beGQQLs9lr8zOkTAq+UpwALClD9I4Zy+2dkDQCjdW8AyUiFAop3IPyJahz9i1s5AFPpZv22WEcAMHuNAvfYkQJTrTkBpzIc/lkq/QNJ+pkCdS7pA8CSsv4bYosAjvpJAzfGvQNAH173bcrk/XfzUPxTRDr+k55XAls2gv+VvXr9wh4k/yyUHQA==
蓝染花鳉,sr1wwEz/L0BbvZ4/LDW7QAb+uL+7vRbAnEwQwZ4yJcDMBpI+e2tRwLYlrkBQw1ZBPVotwJgP1kA1n1vAQVwVv4oqRkEmgtw/yFHwPjPxKMEgbFQ/4EkmwO9UTUFN0gTAnzYaP0pjH79c+y9BiGuXv/kwQkBQ2IZAsqxIQEIztL4RcZM/EssjQahOhb+4f2S//A4qwaskCsFIWDo+gOuPQNXQ0L/0+4JA5sUnQCTqdUAJvsFAonw+QcSv5EBJNJ49DL+pP+rMicBzslzAtVYGQIsL3T/qZnRAW6ACQTAdXr5ds7y/U4INQAmsjL8KK0bAtwlrQPitTz/uoA/AF5XtwA==
意志明晰的寄偶,k2iCv/GE1UBe/tfA2EelP6Wllb++9gu/DqeswIyZ+78X1RVAey83QGwEC0HSbYxAQMW7O+9eaMA+3mvAKdkNQKDEPEBoX3Q/NSMjwZ17VMFu4mtANi0KwASFmEHXnBLBQ6CRwL+Qab9ygCtBnDOYQDTzJEH918nA7L/CP+qAnT76a6HA1tHzwCc+Cz98ZPC+KwjLvhmPI8EpNNfA2FPvvujnJUDS5V9BSIitPnpk6kAAZ3FBpev+QEFSgz8nUem/CP07QHJamj9GKbBAUB2IPGjpoMBmvUtA2h8EQRyCwEAHSxU/FnD2PwEgU78OMNzAg44vvxp9AkCs7++/n9wIwQ==
离别之贝,1RxfwIPhIEAevja/VCVlQNozkcD+kYG/IocRwQ9b6b+MhtI/hM+rP59bMEHrGFJAKDkMwHDCdj+P4Ns/AuzJPybxL0FQ8ABAD3jSwMErT8FREWrAh3zGwFoMjUDONxrASDu2P/CwKMB8A9RAwFCzPrOzpECcKz1AtxJDQLnaCkBqLI1AGGugQE6k7r9YNUfA4sCSP11h+8C9SQHAczKyQNNb379IS9JAXGOOQKR/T0BE9SlBzuhVQdNPGT5mnSDA7gz9wMCuIMDS45+/hYogQKc8SMDXonZA9O6KQLY7OUARQA3AUDAMwNAqmj91ONvAIutVP86VSD+6yRq/VUbFwA==
吞天之鲸・只角,+mJpwLJC1T9t/IPAxVSsP4YJKcC99yC/B9TdwJYj4L846xdAYEG0Py1uF0FCdCRB2E0iwNnfBb/yL5e/6UYjQORL4UCY5ac/k1UBwVNLMMHUfMY+xuaawDvkN0HOGbjALGxNwJKPJL+7uztBKHSsP7acFEF413O+tysNQYhUpkABWp7AmOF0vbCVTr9oxV6/2GdJv+stO8Ece0K+vsDrQG49jT+38TRB8PtRQJY8DkFfwWVBKfgiQULjEEAz4BjAzPQLQKCEicBnQoFA5G4+P7loJcCTnYtAcdfnQGRliUCsQLy/DJe+v8xqq776HwDBJX0OQIdP4z8Q+dw/7lnXwA==
雾海云间的汞丹,CsVhwBFXVb/Uh/g/zatBwIXYH8BVwh4/d6GWwHfvDsAMIBZA+KD5vs1oMECoGI6+cm/0v4aBKcA//42/mjN4vhwzlUA4EuW9LE3Yv+IsgT4fWhtAbASwPxLKt0BQ3hrAlosPP1gwgUCC4DlAplp2QFiERUDwCTNAKI0uQCQ0osBQb5XA3lvoP9rkej+7nIjALcx4v4K5378uFKZAHuubv1OFDsBp8lpAQG6uwFDbOcA2uvI/EsJBQO+11z8OqzRA31MGQQAMzUCgjOw/VJY0QEuLKsDrv4dAFKu2PwT0BsC1ZSC/ZYxLQIBMCDzcZlA++gCev34nKMCKfd/AIB8vPg==
净水之心,ELCOwBwSv0DwFtW9Sb1GQONijcDYxq++YExXwdK1YEDwp4C90+dPv0om40C86J5BQ369wE0ul79Ik7jAutObP+LL4UBsq05AlPzxwCxnZsFmbADAUiakwNuYnUFZaNTAyohivwcOnkD0bbJBGkVBP3TfEEHhzqe/m4h2QNVfd7+0a0S/PbtyQQC4mr6KSGrA/oMwwXbUCcHmgxbB8lccQTGgF8B8zjBBlN0IwPfnPEC2X1JBaFMWQT5jhUBX/mxACLrrQInnYECB3ydAyD6Gv0SLNsCIbbpAyhEuQWz6a0Ckb/S+Y7WAQP0s5sDi5N/AC9+HQHFzjEBXpY3AO7rmwA==
槲梭饵,3d45Pxgduj5CPR3ADIyAvux9Mz/zjDc/SnLKvzSbZr6Xf4Q/lxBlQBOg+D1bEypAOHwlQJYl0b8+JY+/1ABivkG9LEBn4cm///+5wJvguMD/xN4/nyMPv2I5AEF6/pPADMzyv1ZwsL4Ux49AyAqSPyW1l0AaPlPAcExOP0oxor347jHAEmeXwC9q3r49ZcU/wuLVv9OszsCz2RnA8SY5wFHoFT9wWdFAVGrjv5p0BkHw/PlAmud3QDr8mb+iVla/A/OEQCwT2b6YcMY/F16kP9g9uD58xKE/byNzQO3RNEAJ7gu/MJMjv8GNXr9svELAWkCDPw0PgD9pnCvA3FaCwA==
果酱,+vIpwGQSIkBUYjbAlpzUvQEm+D/YPye/5vNrvwXI/7+7cFc/z63/PyDBBEFeKm5AZOCLvtxxccA88e0+36JqPxSJekArHNe/nfTNwOoI8MBYlQJAHYYQv4D43kB/v+jAG5Bnvx7M4z9Axo9A/ta2QC+6z0A+y3I+yKsOQD2FOcCQEp68odm0wBdLsr8G4ME/gu7dv/R2wcC6Vlw/WucpQLXoVz8Rb/9AYESEv/IQ7j/Aa7xAdLu4QNwrMEBU7Ng/jl45QIExNkCRoKdAmHMMP3WksMCxvJlAZQ8wQEzGpT1nyo8/dCxAP2xb/b+IUHLArmFQv7+5Or9lisu/UDNwvQ==
[勤劳]的指引,HK1Ev9GSuED08HDAFQFdwC6i8r+CxwpAZDmbPxa//r9mJwpAcAeCQJFcDz+4KeA/paQ7QCxJfMA/owG/plTev3xdEUDulJa/GfkWwRi4pMBsNc1AcuAuQMGIR0E3ihnBFuSLwAgPAD5UfQRBg6xaQC8nOUExxEnAHfWMQA3CaL8tIHvBNNWqwYQxHT/MKI3ABAe1QO1RCsGh829AiQyJwFMtc0BDkXRBGL3wv6MgDUFriCVBPjEsQHF9dz+WLIa/ivtQQU91N0AQ5hdB7vwGPwT/g8BYFA9AUeyrQJit/j+Imzq/oj/dP2p2w791TVLAThz/vqjKob94fmTAnGpcwA==
无垢之海的银杯,vM3GP/tyBEHqGGjABLKQP192isDOz8o/y9FVwPsPBj8JJ0BAA1SJQIS/YkBXD5/A8LXCP/PvosD31tg/LgsaQG4UVz8EhCZAhf4qweK6MMGIwly/MzGFwEagtEBvhITAOCUJwEAmP8A7oY9AOPL2PxTZykDdw7vAUUIZwNKGNb+UJEa+RNjWwH7hQD+Ox7PA6G8FQbR8QsDwR9/Anu9NwJgsBkD4rxxBwdAhQAjCLj/kdB5BQGueQB4IUcDICXDAXs94wKPTiEBkFaVAmqb0PrISrMBpl50/zgBEQKwuv0BRc6w/4IZfvuhNij/H+J/ApaFYwJaLej+v3UDAtVeRwA==
珊瑚真珠,e4PBP+JGtT9gZMa/lgYGQH86ij9Qh7M+2A8bwFdvg7+mGR9AiSlfQEbRVEAwJQa9ouL1P3pHQb8NIpU/ONwmQGhqkECo2a6/8FehwCkDSMGudA8/I10UwISTlUDMg1vA7+G3vxpgqcAe9LE/1WoUwIT6j0BC6kbAANDoPnIOzL4MihxALgL3v+6JwL+4KLo/0NffPggyA8EpB0HA0iY/wJW7Pb4aHL1AuCsEQIEtEkF2XRhBIVsFQZIgyL+5aou/k+0owPqOZMBfp9C/z6gnQM+YlEBUSdI/lPSvQGhZi0CEiJa/0K0IwJK7+z96BL7A0+pBPwFoHj+59fu/LmqswA==
鬼兜虫,GU0/wPdG4r6Hts7AuftawJ9kCMCIs38+N/EIwBQGA0Dd1eu/JDUpQCZTJL9OX+NACp7wPwAfVMCjgpK/0aP5vy2kdz8l4Ww/r0X2wAOxv8AeRJE/f5w4wDHYOEEkd+HA6E84wBjGXT6G/0pBz/gfQL2VEEE624jAy1m2QIUSa0DwD4LAetINvyAo+TwaNXY/dPQvwFprCcGyLKy/PHTMQLyDNUBs1j5BxnXzvsrepUCgDA1BgIPNQBBB9j9DyWXAzmu5QNiCdL9m2K5AMumOP8wMG8EGaxZAvNADQN5MZ0CBaEy+RD70Pureqb/AjGbAOlHWv3tfSj/4cM4/CyfHwA==
无心的渊镜,LnERwNEUnr8i9bDAd5qawF+xFsC2nRlAGojTvpg4GcCr/1/A//4fP77gpL+XVZdA+wOOQLa3ksCIkWk/hD7iP2Wzp0Aun6G/ODKbwGUWSMCr48lAbKtNwJMwREH3kObAph+pwMmoZb8VqfxAtYr8P/nAB0Fd4dTANEXEQFibuz4gegrB0/sYwf+LkL94epc/MUDbPy5IDcE0e45AnCLVwKJZqD/VtCJBFhmYwFHG9z84whdBB2XJQCuK/T52o+G/H14cQZB9jz2iK4hARVxRQCMnnMCAPClAmXl6QIe/hL+8wHC/iLwPP/5Bmj5cBQHB2RLhv2rPCD/cKdU/HPerwA==
纯圣露滴的醴泉,gJZFwOnQlEB+9zLApgshP5m/hMD6S/W/C1yjwNLbTUCzjxhApXrLP2+X1UCr6BNBkW1AwJMKt7+hAHO/hLbzPrjkib5B/bo//eMXwXCPUsHUbJXAg7aGwFz3JUEezrnAjpNcPhCnMz+6V3hB2LEPv2/7GUHi+86/V0eNQBj7pUBCbMHA2AitQDBr0T2wnfm/1Y4uwDnNHMHE7BXAkV9AQVo/3j805TNB1miPQCcxF0FYBzxBdvseQW15SkDpwaa/kJzjvXAm9L3mrbRAwDZoPbuw/8DHUC5ABKakQH18iEAOuse/o8oRP6hAb8B1FsHAG/sKv1n2tj9ta1u+ae+DwA==
雾虚草囊,0XT5vgvw9j8iXznAPtsdv/9bh8BxoeA+0r2VwBvGMj+9VpQ+M5+RP0h8P0AibFlArp3zPkAFOMBafbY+/f/0P+SgBEBTAy5AsGR+wAnSdcCuPz+/bCqGwAPd1EB/7RLAm+2Fv+TKZ74oPOtAYi8EQJoYdEDK1UHAPDyQP3FuHz+GdGy/8rF6QBzHtj8cMVzAZUjnPwo1SMAduRbAbsvoP0nZlz8Y6btAmYg7v0Ystb+r0qhAeJaWQJ2AEL50izTAQNayvJZ/QEDDDzpAJMCRP3kXk8DWgbI/AokMQAneoz+yFkw+eJSJPwiJHT9ug0LArw7/v3vAHj/I9Em/nLqRwA==
涤净青金碎屑,ivOawJFDdr+6zw/AxFdtvX4UJMAgK2A/b2AawX51KcDa3aHAODqYP0/y20COnytBv3ICwGyXm8DYOLK/fDW7QDtMHEGSZbw/eGDhv5s3GsH1UYVAxh41wECdLkHi8rHA5GlDwJ9LsD/FLeRAfEmjQBZ3tUChlqXAZNoGQJvAasAx6PC/6Q11P/75vT90dFi+/j+Uv5uBd8A/zBrAPVjQQBadnD5Z1dxACa3LwPBix76/RhBBwmipQLiZcEAXrOG+xEPQQGovm0DuJeE/j90Iv1I+yb/sJrlA1ByiQEMjtr+0OO6/cY17QIx0Qb+xi2rA9YMOQK2Vcz+U57O/uEfFwA==
石化的骨片,QEGjv+1da0D3u+TA0u0YwHLXcsDE3Ig+650TwFXAqz800JFAM3HtP0oXvUCA2pDANAYOwPKlAcHCLSPAsjqBQH8mn8AhNyNArpUAwW5nHsBgvkw93ohQv87GxkD+eK/Amjflv9xrRb6+fsRApwDBQJj58EAo5mDAYgxyP5DaOUCdrVvAqe4gwEKXWEAtDz3AAGXqQPCFhsB8wxi+fxakQCm8K0CGXxxBXM0AwOJk2r7prgJBy77qP4b8sb+fkTLAjMgnQMYes0DcqgBBTzdyvzzCCMEqSco/VX0VQCUkh0BMHJE/xrUhQDsEPkBhJ8y/S7uBwCIB2z7hXoO/7k7wvw==
「静寂闲雅」,oU20wAnhrL/JVB1A8AaIvUj5Ub+uRvm/2tX1wNgcGMAwWR3A2OqiQCfrPUDSzSZB8/rRP6XH3T/SgOq/rkh8wCJfHUFYOnLAaMbUwDqaHMHGJCtAGWcRQBeAFkFWvfDACn04P0C8jD8l9x9Bi93tP4cvEUEQKdg/AoWaQMk9zb5dHfzAXA4hwOxTOcBD77K/waEDwTFLPMEL9pk+W1QCQW22l79ZjzFBHh/Mv+LsWEELTxhBaXfyQKbzPkDWnXY+8f0PQdZVkcAHJBA/UjowQL2uBr46WrZA9fIjQLRmij9rLrPAlw57QGdlIsDzFbY/mXAaQEGLy76SYInAnPauwA==
宿影花,ssKcwFhiVL2uLde/Y01MQEJeasA7ZsS/rQrpwFAzGT43nAfAFBxJPygCH0H1931AUYEnwBqTEkCurec/E3eaP9RrJkHGCeM/SkGywBEzRcH9kgfAWVfGwCDMKUCKbDvAbTanP802m8CQEK9AmKDZv/79hEDzhoxArAOfQNaiZkCOtO5A9QSiQGCILT3gjR2/H0Lgv5PCGsFAMt28rTb8QPGxmL/k4ABBk8qjQAnLTkDf+BxBh6ZiQbddDkAW1InAvj/+wJugjcA6NDbAzPsmQBEYgsBvLZpAEmeRQDkiAEDLo0TA8aOfv9olDUDU+LTA32OHP87CKD56r0dAur3EwA==
谵妄圣主的余哀,CKh6wLejir8vTrM/Bgg0v6xklsAgvqI9PAaJwNuMKcBpZ64+XocAwASc8T9dkGtAwxyGv7KCJz++Pso+V2kMQIMS00DKfFO/CKcJwDojb8CGpKY/97AMwN7CpkCKn9S/A5IDP4Ujer9CnJNAwN2Uv7z3TEDnZdo/lruXQDoOoz6Rl5vApO4/QNgYJr9WNwfAhcemv6ChwMC9D79AwqNHwJlgt78Vl4NAJrjEv1idCL9SdbJASlfuQD5UVb3S0CY/f4e0QFQLlT/B8UvAILttQAVuQr8E5kJArLWCQIHKMMAEXUvAk7CMPzTpDL4X+pzA7h2UvuCatr946xLAvxzmvw==
凶将之手眼,tpgCwOrOOz/Nmqm/5rFjvmgYRcDwFoC+kJZ6wE6zyj/CEnU/9hFLvzRElEC/yU5AvCnRv/Ilf7+gxQu/yoz5PxRVoD+46JU/GQUewANUpsA2hvC/tNR8wOFvjUD+2MO/1Dm1Pkf3t74kBeRAOKM0v+T2lEBLN7M+Su4kQHmXEkAug8+/h9+sQICFHT9eiuy/Agznv/6Yu8B4ftI/Hm2JQA7W274UF8dAFim8PxZxDD/McshAiXbhQDcfB0BYF6W8wy0jv+CPjj5qoIE/unq8P3hEVcAD8QRACZN0QN6Czz5Ws5q/VyFSP7c7/b5184/Ah5uHv29ksz6rJCG+o8omwA==
混沌炉心,WDjov10Uob7ir48+PRoEvlhYVb98lzI/M+xLwMDCw78Ag7G90H3pPQISNkD96WlABwaDP2P0mT8wOI2/lh3PvYwtukBjaru/pZRZwOJgbcCLyI9A6AzHPtwavUBwP0TAZ9COvwCPhbzwGWtAaLbqPX7aBkDnTStAHQ50QKd4179oVje/vLXEv2A/Dr0EQa+/eyWGwOaQr8AheuY/Q6uUwD30Qb5qaqJA3zYawIdyk76khohA+ZubQBIPtj8vUoc/UsjpQEkotj9iQ1a/YqsVQPjQJj/qqGFA2FeTQMoTmL5/rUu/qJH8P+Q7Rb9nKiPAeXN/P6hk8L/UdAPA6hgDwA==
黄色染料,u7VIv5X8pEA8v4LAGCFaQA7mNb8GcO+/3hKSwEttir80jY1AHst4QD9YEUGKrEXAgEUiwC1QhsABmua/Yr6xQITVh74OTvW+NGYTwWhRicEwjsa9GhscwKJW9UC8eLnAJnuqvz7TPcAwFklAoznKP8sQvkAVR6nAHwE1wMBMJT/pMoZAcPJbv++qZD9WlrO+2RvKPmgu/sB0tAHBANwBQKqz3z9yhhZBhodUQAR6s0DMFllBsNb/QJxhWT6O7K6/PgxawMilyz/xqb8/nkKwPi6n5r8nI2tADTTFQNtczEBwG5K+Cv5yPzr+iT+e3sDACN7SvzjMhz5o/AbAY7OMwA==
奇械发条备件・歌裴莉娅,VE2ewIR/mz8zCeK9gXCLP5t8gMA1f+C/aOINwQiD6L+APvO92UUxP6ClRUHV1YFBq3p3wAbiWz/lpdW/Bsl/P4crDkG2RxxAosKHwJK8ocCXB9a/uA59wKFZSEHWMILAbG5lP2rpmkBgrGlB8B5WQAo5oUBGcDZANEXgQHHAuT9KwQ7B89YfQJ0RBz92L13ASU6dwPY42cAnWco/DI49QTBi5j+EScFAvJAyvm6ng0CMEQNBTrgDQUbyjkCQX249fhf6P5nGWkA+eKNAJNydPdIR2MD9n4dATLx/QBWDS8CP5BLAx7liQMTegcCkcTbAoU8UQOJoDD9CUo+/elGVwA==
来自何处的待放之花,VS4dv71b/D/arV3AQFWYu0MCcD8bOQw/66owwLSDY78g4Cq+LpQUQAivvT9Uv32/uToAP/Chh8BYLvC/qqB6QHeF2D9f7BG/+wmbwGA2wsD2pUVAJTCpvprzAEEIfLrAWvwbwDDxr7/BZQZA5M8/QLDajUANP4DAbmW2vmjTC8DTeVc/XluTwFDuGT8gluw/ikQFQNEtnsAW0jLArSeCv7pvpj7iV+9Aj3I0wIRdZkBqMwdBBFMjQF7skr8WBU2/QtFQQOxJDUAtWcA/yj+pvtL5Gb0xhyJA1bKeQNnxrT/YFXi+oKnFP7wBOz8sf0vAdroNP+nf4D8bETq/aCNUwA==
形骸之笠,eM9HwD5VnsDhlvk+JjJHwNAog76J/ko/9nBHv4rOA8ClED3ArgKfP2cOnEAtGP5AEroJQAryQT7MtURA5c+/v5FP3kBY89O/RN8uwBQZhsDiROQ/NOUWwAP8lUBRPYTA8CQWvtKqWT86LqpAxBgZP0Fkc0BxxFtAYSHnQKUX+r+bFby/GbOTP3zQ7L+rgtw/31bvwBLv28DfLtRA9rSovpTDR792q6FAqzvdv5EQbb3M+x5AW2MWQTYzPkDvbsQ/zHKzQPAWnj9uQJc+3BKhQL1EkcCB0ZZA/LkJP/PpZ8Bs8bi/NzBkPxruAcA+H2bAZk81vydXZMDDJ1e/N7R1vw==
温火饵,DRALvobLIMBCbD2/z40rv/oegD9DMkE/MAYEwOqPq79hT+e+7AB5QEFHQkAecT8+DD4dQPUMyr8it4k/hoP9P0QMy0BOD0nA5uuJwAkA58AEw2c/SBUJwCbFbEALX4zA7wCcviI1AsDWZgBAamkAwK56dUBz1K6/GvjrP7zvCMDIPYU/xHQrwOp+8r920hFAeD4CwHD2CMHur+6+giF4wOyak7/R86JApCQAwHpW9EDyaABBI/ECQaNTI8CFP1s+cD0iP+4LM78qbry/PkB3QCpNTkDIAyJAqgVrQHDOUT647h7Az/anvx5c2D4WMqrA09tCP2pX9b39zyLAoWAhwA==
地脉的新芽,IWsIwJub2D9sR1PAnruKP5NNPL+Icxc+pKzAwAgw0D7kM8G+hZUGvz0IBUH6BFZBl+1gv8xtBEAunqLAnpxQvzGPAEEAqGQ99n+RwIwy/MC+Kj5A98sZwKDFhkGQFbfAFUtJwC91LkAlZmpBGrZOP5RS50B4dtk/DC3kQNJW0D+nt5jARLQeP9C/Mz0iwIM/rCsiwY7tLcGbAau/YWQ8QPd1cD8Q2BFBhFD3vyOj7kCH2SdBTh8bQRoQhkDjCNI+TxrxQCRzfb8zuhNAikELP76f279owk1Am+QTQQJZHUB7F58+KwkRP/PZTsCJfc7AuB2VQL7h/T8qQqO/dVf+wA==
却砂木,NFrmv+ZccD81Fem+a89+wHh/l7+R/0W/LeEUQPE0BsDKwZFA5jdCPv64sD9m85VAZmsBwGRfKj9i42s+MZQwwKwpvT/0oPK+aFyXv0y31L4CqBBA8YGeP655/UCOUnvATv+Pv6gGGEDK+c5AonwpQMV2W0Af0RxA0xWqQHe1wT9lGurAOhq+wEDs/L3MHUi/orZSwE7usMBg8+hATLcQQFFBVEBlC89AoD2bPjFwh0ArsAJAwR05QFO2qkAsRZu9t48WQUxbzT+2IJZA682cP3iVqsALybQ/HTqoP4YWxsDCUqE+tQasP2tBU8CcYpW+oArrviP/OcBeR7G/6NV2vQ==
武炼之魂・孤影,eRZjwHpFnkAs1rrAVD+JPsjjob8yIQTAVOoNwYD/CLzcTpA/Eb8MQIEiJUH2GYFBQiNJwACbE8A1W4XA8uAvP4BSDEDhb1lA7ZQ6wVOkQMGGd2W/Mkp6wCJjsUFT9hfBB0pcwKabUECPIaVBrFmOQChaK0ED5ILAbO/4QG8gHUCEiIzAcSXHQN81hb84KPm+cgKrwKLGKcHPtAPBMxVBQYHzFUDEQlJBIyf8P9tZ/UA8xWNBBQ0LQZTkWkCf5sW/u+6EQCTluz5ygQ1BpQdCv2obF8EzupJAj9vKQFBRyECbo4A/R1oKQJzkisCzMrvA9iGFP+nUNUC8aZw/CorwwA==
染血的铁之心,/W6pwEBpwzxuCXNAoOklPQZ7Kj98WtU+CY2twKCLHD3RO2fAgujSP0iv+ECO4ZBB6CDBvU0hA8Cep1m+ysaKv+jBE0EwDvS/XtHdwI4388BYzeI+kKwYwJ+AM0Fqy8HA73kgQN7IyEAbAFFBphiMQIDNj0BomHpAzJJ/QKNA28C/UKW/iTSuQOO3VsDQRZQ/NaBQwQwxqcA1DS8/JdWuQP0TmL8ecJxAdJjIwLQvBsAUewhAHK79QAtQhEAgfbZA0qIHQUSZ3ECe8Mo/JyRbQHfNCcE4qNxAKZdzP/WoKMCQbLu+es7LQAg7zcCo9sm/MEojP4hW77/A+grBuNCkvw==
鱼肉,U8hLwExUCcDy8WM/gDAVP8yyB0Dg9OM+F3UIwEIeJ74kbCG+n9AgP7SMPT3DnLw/NPrXvYyC0j13N+k+UQ4EwColvUDRfLm+rnpwwHe5EMCSvoM/IxXBv4byFz9/B2+/MfhFP5bZB0BS2q4/XOq3P/oIHz52yZNA0j92QFf63r8ugitAp1YWv+ytLr4A2lA7xC6FwDWeRcCt/IlAg9jGP26P7L+gAg5AGsqOvvsUGD41lQZAXZ6BQHWmKkAcxSU+Fb8pQLse+j6IGV8/NVAAQDfpMMAWIo9A3lOMP6zFar6LJ/497U2yP6TXHr84J1i92MosPg4jbL8YUBk+eQmzPw==
最胜紫晶块,8qH2v15syj9ny7K/DgCiPQp0Z8B4BAo+UHmjwDYAUcAecjPA+SDlPbO4IUHZi4xAyyezvtvGDMCgW2U8jc6kQLiX4kCUy/4/O0gEv68BEcD8yWY+tsF1wLnuwkCLNA7ACyBrv7gYIEDCYHNAvxmAQGjTFUC3ANS/6tQEPx34qb9zQ5bAGWCCwADTuz+K7CTA/L9YQPS+eb+g5C+8rFDdP6IsGUDBq2dAj0pRwHjEVMCjWpFAeJeBQHHZ7z+YhIW/Kzdrv4y+tUC5AOU/mTOwv7Cig8CdHANAuJcZQOssncDYOKi/ujkUP1lV0L+j1YLAsS4YP9R4zT0jE2q/PDsCwA==
霜夜的煌荣,VvtdwGTD20A2ww/A9OcVQE8oCMBaBH6/0r1kwDkeFEATW/5Ai+R6P5hb1L+JwXVBGPt5wFCkA0AUJsK/DxOZwOndyT80KyU/gTtMwVAiUMEOHfc/u35Kv47YZ0HHJdXAbCkTwHnnSz8aWYRB+OJGP5wx80BUHoVA2YAPQVlarED8oiDA7U/gPlSMer5SEgzARCnRwEBlNcH+CnK/fu2nQGV/oT/nQVlBPOLMQIa5P0EsiTpBe5vaQLQcwkCGFxS988UXQbhxXb+dVdRA8k62PzEvr8CFh5lAfHkcQflEzUCobqw/mF1APyxSpMBjupHAWpHcPx24FD4BD72/kCiwwA==
史莱姆清,J9sQwJP2i0Bdz3a/1KiiQBBwMj599ui/ksQKwe5eer/Kks5AQq5PQBpTD0EduzJBOXifwEThpT93N+G/ipqLP7DK8kDEmgE/I1kUwVoxgsGgSCC+PM5AwNxROEEVtaPAtrABwL7Skb4/vwtB96XbP543uEBY4c8/hICQQAHLTEBoauE/1GQ6QI/R4L7UIzI/zyepwOMaIsHnQtTAZioaQeFeUb9YUBVB/quQQN8va0ET82FBAcUJQeNUSkBwEE6/zOAxP63IosBlhcI/jWl3PgTcIECJFKlAVQoRQRv52kBiEyC/MeWev2avrb+GfpfAC/2aQEwdLUDpQ8m/2R3ewA==
[公平]的指引,NRZWwLQg3z/S0au/cDawPhs40r+IXau9dhzRwJwTesCevQhA55c9QL5wzkAyYB9BVbp2v/9nvL7VOTDAAvnBvqi7AEGOcp8+YocIwRRf88DapIZAbPsCv9o5iEH6rtTA2qEwwOwwQUAWgDdBMtCCQJvS1kDnUk2/PEnjQICWBL2XrQ7Bv+uxwIAeDb7fcPi/zZtowLJoD8GZtZm/YjvWP705uj9EdRVBEXIZwPvbCUFf1i1BWBHVQLUz3j9O2hq/owwYQYCQND+3s3VAIKP+P7LGUsAFJZBAyry4QCMWKEAhyoq/IEIzQGYnu78KZl7AJMzSP/BJuj2slXnAmbLewA==
哀叙冰玉碎屑,WGGXwMAnkDt2YSzAVsgVP9NRaL+i7TpAWWA3wThoBr463YjA+feCP6Grcj+sDHNB3JUHwCMMjsD4xBjAuKKSQNahPEFFdsM/PMOqwIjpdsEE8+ZA2HZiwGtngUGAmOjA7YHMwKSujL+4uCFBXxOsPwYgCEEj9sHAMLC/QP81gMBmt4s+goNAQDGzSz+4fIM/Xy6ewELDBsEsVr/APKs1QLfhCcD0jzJBhX/TwO8VlkAs4GdBetfEQC27GUAmUM++EXVeQay7zb5InfQ+eKVGPwH2o0ATPvtAEYEtQT/2okAKTrK/vmVqQKYqTL91mc/AJFyeQKRNXkBurLC/Qv0TwQ==
孤云寒林的辉岩,FflKwEek90BDMXnA58dhwGfXEsEMtOG/x5UEv3PuLsAt5StB8qEewFs620Aj4unAWo8rwUrrocDOaKq+DYrfQCfs88CRKmBAeM+9wN96yMBIF7A/4UD3Pm2/8kAhkcvApNw0wGVEg8BHZatAr50mQHeM5EB0qgJANdigQD4EsUDPJkTApBJQwLfLWkB+xNTAOIAeQbiCqMBOTXxAAHC6QGiRm0AsT0FBkhg/QKS4ub+H4wNB+nVKQG6gFkBLIvO/V0zgQMUv00DhcNFAN8gLwLna88DMxgxA0aOfQJuVKcC24Ok+FwoCQBw61j/JgFHAVQGOwOU/b8D1N5E/UWOmPw==
平雷之器,mSaLv92AhcAUI2bAXph0wMrcbMDWbo5ACiUvwOZiakDCya/A8skvvjJErT9S0hdBbESXQFOIX8A+QYq+rxJfPlKa+UBUuWS+0Dcjv7c1aECCtpo/69SwwEoZtUBSZC7AYxoQwOEtD0DfqEFBOHIrvzWsC0GDVZC/xI6cQIkDSUDn1EHBziqXwHlXDz9uJBvAWlsAwOIx5cC9CPZAGCAwP+ovnb/sHQ5BZhjPwCoSWT9SzeVAHY/MQFRQHEBuSNE/qMJ7QHh55j7r8JlAK2QMQFTX9L9YWaM/BCaoQEFNb7+N2yLA1oUJvwB45L/gk9DAUDNCP796uT+hcMe+XhiCwA==
失光块骨,dE2dvwIqPEAkOnDAGEIXP7Mtx7+Ugru9wuspwJDCz7xJNK0/iNdWvv5vCEAQv0NASwnsv2WOL8CeyKa/fzvaP0/9uT46ByZA36xawD/W6b8xdGU/vr6sv+ZIt0BRtCzAEcDwv1sCGUDl5rxA+yCRQJgvNEB8UgzAHzClP/TnaD9Hi1m/WlDdPQY+FEChrOK/HGktQHxezL/R/Oi+8BJVQA9n2z9j/apAAL4Lv0wqL78fgm1AF/V3P4r8QUDSEPi/oDINQCq9TUB4P6pA60lNv/rmlsCaadA/EphNQKwRpz9/opI/Td+0P9hSKD4sm72/qgugv4ogaT/Jtz8+OTsGwA==
宝石闪闪,7x8JwXpOP8Ayuji/P3QCwOfEkMDFnA/AGoZXwKErjb+4VDXAQCmNvTEiO8Bf3pxA83LePttsvD6+Nt6/RO5kwOYMsD8ytYnAxnmzwPe3yMBY0K9AJFx+QLbekkDX69TACC5KP0q7McB9l8RArH/5P2KdrkC+iJtA80DnQCG7GkDwfVi/JrKzP/p0i79Gpg4/Sh1PwATjIMFsb4lAMmtRQADar778jxxBlgfjvwR5DEA5ZKBA3H3HQGiSH0BgoPe/4PEtQQj8oj5ERi/A/I6dQK+C5cCywrVAxvgoQFCBIz+I64HABgN/QLZKoL5uTm4//Xv+vydsjMC11Mm/XqaXwA==
[浮世]的指引,T6f7v7We2T9PmZi/IMmQwCNoR8CbmcM/6xcPwAj9C7+w136+IAJZQGa/Sj7bl8VA7BbdP1V7gMCAmYW/Qds2v7erJUA4GZ++xdrQwMZ0UcDF1JpAT9oDQFtWSUE9U9/A8xcVwPTVCUCUpyxBUBpmQMZ/D0GVUS/AEvCiQKqE/r9imUjBTcoewcw3iz/IRnrAF+8sPwmAxsDPmhJAv2ASQLnlbEBkoiNBnHC5wE3b3UDO7dhASHUUQMIkjz/RPpQ+oB5pQUyUmUCtXO5A3KbRPqlSlcAjjxlAgHcKQGBHlz4Df0O//LWAQCosqr+ksPO+Ooilvv3Vnr+Vjo7A9eGPwA==
烈日威权的余光,VGERwGkIyL8IWcq/0f1XwER1hMAgjzs/KtOMwMDGKj1q9LE+INI3PyknnUAM5gG+ojG6PwzZp8B4mjDAmpU4QLxbqj+wr3S/AF0owFzgJT/4ews/oBuIv2ba00C8X2jAH9WuP5SlDD4aratA5Mt0QBg7tUCuCnc/EBTkPtdeWr/+ZNbARPSnPpqmhT/4nwfAeKK2vkioccAoCIFApVHAP26AuD5mEbFAnMLLwFm0V8CFx6FAo8aTQBPPmb/kBsw/Z/JAQCxC8ECG3fQ/Bs+eP/NVycDApglA6sQbPwq9CcCM8MC/xAx6QB4pTz74jt29TKovwAIzH8ChfZ/AZiXdvw==
折光的胚芽,yAKOv/vLGEBwsQnB7mU3wKECMsAgXUs/EyuKwNFa379YNBFAMt5CQEid6EBCn88+PD6WvxBmE8Ea2qm+qkrRQFBXuL8IFk1A6ePWwFgIwsBjhxdA/RdTwISbG0FZA+fAU6+ZwHqv+D4RkgRBhKGxQN0zDEGZkhDBZOwyQMdTUz8K9HPACdJvwEaxWEDgIgrApt0SQS/qssDa7yPA/5e0QHromkB69zJB18Gov7U7iz/9pSpBeK6NQBs80z9HyIfAsu+/P9q9jkCmpTFBwPn1O5dI48BtABpAbBhbQBhsXUA8rgc/TQXkP3JVUkA5FKfA6ZF5wBwscD3hIK0/eGuowA==
四方和平,sv7YwJZYtL9Sz2g/OCavP5hFsr7gtyHAvUcGwXCgS7+0T6q//QaAQEY+hUBtfhdBU8qLv6LtLUCEcw+/WAxuwFJpDkEuyinAUefhwBL+ecFoDbg/H5+OvxPLFkE7McfAIsN8P2TR678obTVBP3eGv7Dc7UBukJRA7VTaQBRDlz/Xiiy+9/1mQEMajsA0AZU+8cMawTIPZ8Eobc2/tp9KQXVSwL+8hBVBdhdJQO/wWkGq0ihBRUJNQVyXb0DOdMu/F1ZnQBPf68BS6Ue/eJmUQMmAVMBZzM1Amn5fQGhMaUDNOlDA8jMoQOSL3r4gWIa/BDghQMEcdL91A72/UoX/wA==
没有未来菜,ouKlwJnDWMDAKFbADqtqwHXwb8DOcjHAELqmwD0VoMC2NE6/+l2SQCTgwUCmiBtBOGkBQFyvzL9NMbw/QAgMQLoFk0BbM0jA8+F1wAKVBsF2J7BASEo4Pn4VOkEBkwbBIo4HwBBbTcCO1CJBPvFUQGWDE0EaYaPA3MIHQbJ+LkC5cQLBtJ/1PhbPz79wvrO/DDa8P1CJZsHRIY9AnrLJQO9YjEDt6jtBEP78vouqFkEF0BZBK+0oQUTZXkCu9ZXAh5fmQGVYNsDCZXdA5IOZQEqAj8Ca0ZRAenYOv/Epub+oFG7ABLdsQFocZ0Bw20LAoGgpwGnjdMCWE4i/eMknwQ==
泡泡桔,VLulvukVU782I42++fomwAC7EsBoY789s6p4QGkLAj98G4K/v2KhQEINFb5ior7AqLxOQCul0L847YpAaIKDv+Bd278MTDnAa8ycwJhTfcCse+G/QF6gvfhvvMCWkGbAaD+LP5wbKMCQRAa/6mGpv9IFgUDS1wE/pJ/4PqMkLUAoqsfAuosgwfIYCr/QZaC/gGGOQJjepMBBnIVAN1u8P7devD8eUOtA7lbsP2duwEAfWD9A0wCMQCUjGb+FvwvABN22v8lZWj8KUNg/ZJBMQLBDfcCw6Wk/fijnvh+OgL99iH3AaAq3vzTkjb/B5BG//K1fwMxUZMDaBKW/Z0UuQA==
失落迷途的机芯,OmtfwLYhNsCSMhfAW0p5v49OmsDY6dY/N6YQwAAOdj7MPETA/h3XPjWOoT/6rnY/7nSIQO6Y4b8++blAhbzdP0LnzEAJndK/DleJwHD/5MD2mBlA8zqwwMKUzL9InbC/oOdSvwib7MDYzH0+tfONv8UvuEBq8G0/qEmbQLSlQEAo30G+mra6v91eib8wTD2+gwmaQN8vA8FYGu1AMvovwHV2078icuNAtfJ8PyZJvD7Vac9AT0QvQexxKL5yV1PApJhUwE0MccDGAwPAlGHIQG6eWcCs1XhAVjLvP6AuLEDYkDjAqYaTv7DNrEAhANPAzEVVwOlKDMAaEEE/WDPJwA==
灼灼彩菊,nj76v6JvGEBDeYrAY6E1wKR6r77oTCVAhTYHP3MIe78RuyFAoCdXP3uQNsBXVbPADnsYP2lbo8Cen6c/7c0EP4oPTUCOTx2//xgVwS9NvsCoT41AIrX1vr9KzkCm7aLAqph5wLpfiL/eKBVADbkbP0mKzkDiYhnAmNFuQEQ7679GxGa9Bugewdpt6b7F16C/drVYQKU/wMCoRqU/hcnVwO25hb4ZngVB4m7gv5sFLkAtLflALoOBQIy3rb85a3+/h4sHQTxffz/uUJ1ANWwZQFH1A8BBpkFAcW2fQNw7jEDKANM/Q59KvxQ86D9vTrXAbVnDv1Ankj1XAdq+CnEBvw==
沉玉仙茗,IcrBwNg3oMDigK4/IiE1QHj6U0A8nNi/XoLMwEggA8AgxI69dvsvQJmddkBRGv9AdvzVv+cuMEDCRSLAKFxtwGxGAEEbMZu/lb+KwKtRtsAm/jNApDCjPl1uwkAgYcq/OqanP+OkTkBvZPFA6YUeQC52vD8sxalALte4QPASRz4IJ8O/0NXyP0kXpr8GHto+jvUcwaAWBcHo+VRA0oYTQYaMyb/AgClA4FxVP+8E8kBdkpZAeKz0QM6Iw0Akg9G+o9R1QFoHh8A0JtA+BXaDQJ0gW8CgMMBA2Ri5P24zI0CXUQLAJDmkQHL4wj/AlBNAKkjJP+ps4b8qnqC/yi6bwA==
奇巧秘器的残件,qVQWwBbBK0AWxX+/2XKyPhXvh8Am3oK/dtkGwLR4FsBEpdRA3qrJvxEOUkAKk+0/icCrwJ3L2r4YIyW9DDoXQLggLD7c64o/cyxWwKLDiMAaMdE/m4aovpOvgEBT9A3ApDm6v6+Dyj40WyZAmIkbQMhV/T+MoNY/66huQFdLREDfrjnAMkiZPxA/HEBOjETAur9fP5YcWcBda0BAiqICP8bOlD8dy8hAdMjHPxuNJz6dzqpAR8URQNftRUBRxRG/ifLjQDa3GkCAfWU/5dYPP70J17+gJj1AlfCnQD00Sr961Mm+YIqGPO/zY78z6TvAAcWKv6rk47+tIZO/2ZBDPw==
北陆单手剑原胚,dl8Uvob1YkA+X43A/NdcPymr1L/necC+BR+OwPWfbj9SXNM/ZaKbQFmKNEDk/BY/rEG9P63STcAEKjg+VGu2P5SWwb+SSdk/AxQqwaMlMsGoNq0+rnjfv8Wy8UDoEqXA+zXhv7KhbcDTCbdASBPrPxdspkAYjqTAKiCaPyVuBT//6mtAmCnYPziaKT9COp2/xHkXQPd0u8BDTvvAasF8P0OcDED6NwtBMScvQCiLb0BGKxFBjuu4QGIyIMCPepDApeCQv1rjgD9TkFBAOVrCPzt0lMCWTRxACGUUQKkyBkHZH1Y/+ImCP3fgJUBaLSDAjZoYwI6zgj5XDTi/89vZwA==
纯圣露滴的真粹,fxCvvzReTEDhw8W/KhM0P/VMlr/CXxPAjY4CwNbGGEDhI2ZAF7khQBOBpkCzLG5AU09nv2/uxb4SJou/4vcvvy2NO8Ci2kG/HFb6wHLX88CI5ErAmDiwv7gzpEA0XGzAifubP+EgjT7IxQBBOLr1Ps7hs0BLxzg/AKkSQINkaEAkN5LADOfRP6S1/76XhxC/9MYGwPu17sCbq86/69/bQASiwz9HPOBAfZ2MQDs7CkG5nfFAOAa1QDMqaj+u+l+/1RC0v2GdPL8cJXFAmNhHP5sSscAIJcw/lv4QQHbEhEBtO0y/e9J1P/en7r+OJQrAm8ySvzNsJz5GysW/ZDcdwA==
清水玉,/025v/Z9mz9+/zi/yuBgQOYdmL59YoK/h8+RwGozHMDe/TxA2BEFPzTet0BTa/1AWKvkvrL3Z0ASmZi/XhLdvvqOHkFAmuC+TGHev6Y1KsE49zI/ZYwEwFs9AUGx1lbA7DjQvoACBMB8ldBAHdXRv79tlkCPQx9A2Mw3QK6nsz/az8C/BhcNvyOY5L+8Sxk/HQ2EwGjmFcGYJc4/+7/yP7xZDb6rrqxAkPRKQATmEEHWVAlBJeUsQaENg0C04m8+DxF8v1xrkMCYUrG/fVEDQGm1KUA24SBAksrlQPYujD69jwLABsPQv1KRAr+b+7HAYvlcQGKKO77Crf2/KFfLwA==
甜甜花,fudewIQtgL9mt6fAIdBMwLfiRMDP20g/ukm9PtR7Q8DHodS/mk1nQHg30b9BddTA+cw/QO/7ccCUnCRANFHUP/fOMEC6nQbAnEwUwYa2H8H0pe5A75qXPwtukkCtZN/A1nhjwGezxMAyw3G/1KdWP9jiy0BOyHLAoIaZQIqNVD7Mt9w/MM8hwZbUDT/yDBg/cgDeQHre9sCeVqU/SZe2wMMmU0ARMBdBUbAdwKhGMkCfle9AahvgQKUTE8BUWrDAFDT1QAx2pD7zWzo/WkVjQJAlpsC+M1lAAMzWPiqBikC00oO/fJ+cPsSCzEDs1HPAIpNpwIRJVcCFBI0+fYaxwA==
晶螺糕,bHVswJ72r79G0Si/f3Gxvz9RAsB9sBe/jpBNv3y9B0DDKjXA1YzBPyUDpL+R7ThAEfztP0hjMb5dK4M/AXUqwNDEjT9qCRzAhhdnwAY9gMCohpc+aFUsv2VYmz++SW3ASWzJP97+G78VeqxA4HbNPDbNj0B/ei5A1cczQElM2j++HwvA0uSkv5IHgL8UrXE+IiIxwAPq6sDPFFNAJZF3QI6L1b4PV/NArLJ3Ps4vkkAQN4BAERm5QNMoA0BWzmS/wLfYP3YAEb+ojx0/LQo5QNHIvcAsfjVANNCmPx2MG7/k3xvA5uTNPylfyL/M+nS/vo+gv+4Drr8oPma/JjMWwA==
香肠,ttokv77ZkT/FUXrAfHTAv8AG1L/eoTs/W+0GwGgk7D+GGoxAAnVtQASCbT9bSI7A9ZMYwGpvV8B0bF2/kb9dP2SYP8BKpOY/g5kKwa1xwsABJmk/ZERsvzdBaUD4zTnAfvkawGbbTL8oz31Ag+XpPpjnX0B8J8O/dMF3QA3rc0DvsRJAgle0v3YnNEC3vRHAcu8zQN25osBc6THAeBZTQLKPwz87jfdAw+LGvizVkUCbvfZAvbcUQNbNjb8U0XTAp396QHaCPT+9zppAk/tsPz0yH8BGZBZA0SQeQAnE2UA/aCM/q5LlPln6JkC8x4y/EQjev35PUr4aeRE/hoPqvw==
婆娑一舞,uu6NwHxmNEBnAvO/jix1v69k8r/XcHi/8wuxwIJo5L+ESRfAGNEHQMUo8kDH6CVBo8fvv4VPL78MYUo/1GtNP2yRDkHaLlu/rXLEwLCQNsFIJGlA4mY6wEw/b0EYqxfBuZH7v2QC0r++mSRB64+BQOey80C1Iw1AFC+7QOUM6r6oWpJA0CEdwLh/2L9A2q4/SR6XwL77N8ESHwLAYEa5QFAXcD0FZ2hBWkvKPna6tEBiLDVBG3QgQV01ZEBqMRq/9AFqQKCPMr34Hak/cV3yP3RckcCqZMZA87zSQJc1D8AUze++ZctyP85UE8DBI63A2pUmQM+d5z7kXZC+db38wA==
翠绿猎人的笃定,WpXAwPVqXcCeNRHAn6yLvo93C0BAwfE8VLfMwBx3nL8r8k3AGDERPuHV3UDM2kVBaGdwv4xF1T9CR1TAXselv40iMEH0DjDAZPaJwADxB8HgWqxAFfJ3v3nfZ0FEzfrAhJvOv2yYXD9o+UFBuOhBPsmn0EBH+MxA+ocWQV7as7+KpZo/IaT+PtcrKcAKHU1ArN5Ywb63V8HKZVFAsIUdQKX0H8DsKBpBaKDwv6aXkUBkBDJB1cRKQW5Xo0CmTVxAdHjgQLD+UL+KHyE/DH5qQITTDcClCvBAUmQKQYBURr7EaLK/Y3odQMVJOcAUJMDAZUmTQKawNb86xJM+/HiewA==
织金红绸,wKF3wEQ+nD/5gYdAGCiwwDvrEcFY9ye/vc0GwIh/NsAkHL9A2CrfPSoqV782CxVAOy9VwAvpAECmCrNAXoU0wJvtj0BlXI0/QvVCwK4zt8DM/Z8/8/9dv4keqkDB4QnA2Jxwvqbzl78nYb5A0nzGvhQNUkAQBC5ARIMCQYQjaD9dy13ApqVZQGpKDz8lm+zA0koLQKqXyMAmvgJBW0uZv0OWYT8VtPtAioKAPnN8/z/xu7Y/QCv4QPPiS0A0L0HAsfk7QaZ9CkDsNZI/SUfIQMarUcBViF1AAMaKPFWWrsDqcwbAfbadPwD8OjyWoa+/zUdIwLamqsB2cKPAV3Xtvw==
导光四面体,koBUwNwLmUCyE4W/qzQev5FKQsBQgfA/eoaTwGJas8DlTzO/MobFvr6wCUC1fJi/BpYoP8lUJcAffwI/KZlHQO/sHUEAqlE7Zg/swHt4BMFVFthAAqUFwPkjNkHJ5bDAoQKCwLj2pT4o0Q5AVjUYQFqooEDfTzfAmTWPQMw0tsAgrDi/OIQOwZzUnb/qu1PAj1qGQNVUlcBW3rM9d3gzwdCtQD/pQwNBf8shwHw1d8DD7AlBEHq9QBY0Xb6DaDi/vpAPQV5xlUDnhNk/fDEYQH53C8Bbr5ZAInSaQEhejr70A0U/LR7AP3gXaj68ZfzAJf+VvgYuJ79urTDANd52wA==
荧光孢粉,ESIVwIIrakBk+rY+6NsfQNhcTr8yCYa/GdHGwK86xL+vA55A20gZQDRwhj91qq5AqprZvx2kwD8odea9PSTsvtKp7EBwlLO/MFvewC1yYcE6uPg/xJZov05CCkHTcJfA61u3v3ZMOMDUlZFATpYjvwaWmEBKsLY/xEBoQD6jGj/wt2VAxJv2PneC0L/UZcq+wBvYv8RUD8FLdVjA3d3fP7cykb/gJAVBTC4/QBzFM0FgSixBuyfuQELxxT/Mw4e/oHdNQC+cY8BQTDC/h8W2P+hqbUDZT4pARNnbQFG+YECDs5y/Jr+ov6a+ab+eLYTAcmhXQAoEID/cwuq/06+ywA==
花果三重奏,4/mcwIRDy784Lc8+P3wjQOIZE8ARvu+/3aSrwLhQTT8kWnG/IPpdPpqd2D1XD/hA3RmnPn5VB0Dj9w/ARgKov8eIwUDBLZjAhWv+vyF6D8HTSR5ACNe3PibVqkBSCmnAxUoMQCm+ncBB/MFAMP+HPRqlm0AJdX9AV8cAQLnAxD+7cZi+upNAQHqO6L/wfM8/vQiuwLiwOcEn74dA2GCbPw23GMCbOf1ASjcjv+Gx30AXlwBBmy8bQeW8TUDsW3s+fNa0P/F7LcCCiKfAQcmLQMiwTL0S/ItASaulQJeTuT81wYfA/Jo9QL5+MT8QG+6/6D7CPmWVp7+CIY7AArPrwA==
至高的智慧（生活）,A6WlwLLbmz/RJypAJnJqP/ttRsDIgqO/KDRdwHgHGsDeFmI/6CPjPxuhRcB0Tr1A0kwNv1jEX0BerQxA5aU4wGotHUHkaTbArzbSwJCZH8EFT+c/EGesPuQgmEBkI53AuaGYvrdv77+eXoVAJb2Iv2OjpkA66rY/LQLLQPLqpD+P6jTA2t8PwOTmHsDPPcu/Mju0vjwCIMHYR7hAIQNhv1Sz+L+HMhdByyElQDhEHkHeYwZB94D3QJk++z+c++q/bRAEQW/vocDYZgvAD6ChQFKhzz8Ra5JAp0l5QNowKj8BV5TAptrPvjudgb/eEHrApGK/Px+aJL+f4DzAifZYwA==
大英雄的经验,n+qovtwyFUAExZG/DSNUvwt7jMCo1we/c6MCwJjY4z1IddI/dGppPpZpqkAsjYo+sUOkv5C6HcBmTNi+5e4sQID3Qz727yFAZUq3vxT1gj9WZw3A2zQQwPzwCkAaLkC/+tlpP0QvoD/I5n5A/9ZkQKlEzj/I6ge+OesXvwgbVD+LrnfAckoKPuzBMkBnJGzA4FdtQAAxA74g/OE/m91JQILhLEAh7VNAKnapv2KqR8A59d0/kAbTP1hDpD7zmOG/YHJOv9lJvEBxgzNA2kpcv9ocu8CAi7W8c5/XPsRnU8AAM86+VqfvPyhhpb4ABho7xOQVwNRcqb4j4v2/gViTvg==
肺棘鱼,jpGBv91uwj93YY8/STX7Pzgpn7+FdQo/U7DLwMghBEBq9/I+9BrIPxU5cECwqzZBiC1Qv/Q1kT+cjNu/rmuEvzC60EDeKsg/uqV0wL77oMAATIg97ygwwFgdBUGK9vS/OnnFvtI4H0DXnBlBeo6WP4QcKkCiGvA/8wMKQKLgVT9WdQLAISBTQFexzT+cXfu/6ATowAKClMDmmQ7AZsO/QMR6ir/GmrRA2q44v97+nEB1aLlAzAuLQEjuS0BO6eQ+MkBdQKwemz60N5s/Z6bqPlLgl73ngj9AwK6yQIR4lT8o1wm/tMgNQDNPIcBmQyG/W4JOQMJV2D+7GyTAC/CUwA==
面粉,aJIswN+RyT+S0ZfAVmHIP7Y9KD8GXfu/FGy/vx1DiMAHhjE/AOsVQBBFAUEcytI/uBsHQMHaWsCOhZS+1cB3QHlZgECcaITAGiTiwMckE8G8UmRAoEpxP66S5kBcJvfAEn2MvwPnksCMUPA/2BONQARz8EAnSDrAgIexP8LJaL27r4DAQKUEwXw70b/EJn9AX/1xQLNeGcFqxxhAakgWwIqg7j82AftAROAKwKmL4kDvPyJB0tr4QJCwrr/cI8G/KHk4vrBRrz5M5Ck/PI0BQB/tMcA4o0ZAaTpgQLYWPUCNjhrADhuoP/ZDIECa/5rALEC0v1mHnL71rCTA93KowA==
北陆法器原胚,8e2nv50jG79hsvy/2MgIPUyyrL6wLAm+7Bp+wDAf3b4g8E09kOiHPxtapT+CGtdAUkyEQLqhZz+w1BG/5TQkv1Yx9kBm0TXA3CeBwNeXo8ByeiBA3dIgwL2WEUGYuYbAuhNHv3QNSsDTnrZACsvGPp6DpkAU7+U+XRmHQL/lrD+BzB/Azh0ZwPks8b/kaxZAR0g5wJopJsFeqy9AXYRnwDMJuL4Yh9tACtiEv/WrAkHI/BhB9TEDQQcMYL8BnKu/wG3ePzZwQMD/DS2/rCIuQEKmAD+f5QZA996YQACgkz5dDcu/9N2gvqCgCr1tZ5zAbLn5P8/xyj/Sc8y+azTcwA==
诸圣的礼冠,3gHYwGAgMECCmmk/gC48u063gcATDem/zN01wWlrn8AY1l0/655EQBb0R0HzngdBFyAAwPMBLcBE9HO/6i07Px/POkFjLxg/cRn5wBt6OcFoG0FABsrpv85oZEF2n9jAEylIP5m6NEBEoTFBoh7fQGATuUAEgjFAfFNtQOqZr8DesPQ+0iztP1I7hL/BFp/A5AaTwKIu1MD1XzXAYq/lQFbTyz+gWvtAMI1GwEEk3L8FYPVAcZ8qQXvNjkCtc7O95YxuQAgh9EDo6Y1Af+wWQFSFIsFexe9AvZY7P9q/wL8UsRe+/QbgQEyvlL+bqF2/ETt+v+qdZcB9sLvASCPUwA==
焦灼的魔女帽,pMTfwHSxwEC31eY/Dw3jPjPOSsDz+/i/fcvBwEFyqMDKW9BADdAJwN9tx0BwmRZBqGfPwFuKqr/WsNq/SXqmv9PIu0Dh+ns/89j4wBNC8sDO6ZJAlAY1QAaKX0EuG+XAFrBSv+JijkD4TgxBUcHtQCgLhkArQmtA/jDjQCGrZMArN5PAgMs+vsDpTDwr74nAKyoNwDQ8p8CXX4FAH8iGP1wC+j7fJPdAbEYhwP5tl799j6lA3PJmQDc/tUATsu0/eCN8QeQO5EA3koxA6tvpP1nj7MBSt+VAQaSSQG/KwL+PUN4+Ehu9QE6TT8DLX8m/UK7lviVKHsCPyM7AUjx2vg==
久远花落之时,Qw+KwHrotD9OKi3ANDWBvkL8pMAWG+q+2HuQwC+jh7/+/krAeZ+dwDXxCEC/EkxB8tZAv407eT4+RJg/3ToMQKcECEHsIDa+ODBCvnLfiMA/Xy1AzDOiwErbQEHXl5zAtbbFv2hXWMDfvgVByHszQF0NpECApDI/FKuvQIxPzj9D+Jw/jxanQO6yDcDcp2pAJpGQv4BN+8DQsE5A6TAPwB5IAcAyyfpAY6w8wNZLR7/1B/JAy4oKQTyatz+eJ3++VpJOQBzeIL/6mXPAtRIxQGqqU8DKtj1AfXfIQLLFb8DNvIG/sGIcvwmsj79aeQ/BJi6oP7YbJkCwrJQ+p1MDwQ==
锐利的箭簇,OWwKwJaFLkA16ajARzb4vyK1DcAm0GW+62OVv/RkjT60JJJAPOWBP6O4I0CCOOq+n1olwAvliMAkIii/dtE5P0mjEsC15Ls/dLy6wBiwfsCaei5AEENqvVBOxkCYM43AMk4swBM0Rj89irVAQy+zQBCtnkBrWou+Hq9mQE79HUBX6YA/fLv7v+sIGkCb3O+/3nKNQLnIjcCwslY/U8SQQKxELUBmLQtBPClNv2T5BEDt5ZlALsnsPwtEOkAxekXAotOcQM5JSEDZeOVAWAUAvv0b2MAN2i5Ah1kQQE7cJUAHbBVAX2WOP8gg7j+fq5y/JvoZwP1xPL9KZbe+HAw5wA==
「风雅]的教导,xzubwCaOZz9MyYHAUEEFwb//esASx6E/EGtzvk+tz78QdFJAIApVP5CTq8AI6phAJnunP/VzzsBslAPAI0bOvyt/BL8GzR/AHFP+wOd97r8QhhdBIKddQIiagUEuEQzBodN9wDnkCkA7shNB2TbUQGjXH0EJgZm/VeEKQY65pb8WGDrB/rUpwTrxlD9k4a+/ZFiXP8LN7sCTRdpAs+CtvziRjkC3RkJB9JsEwYPYi0AcL+lAXgIPP++wrz+C25E96RO/QUXs8kDrOwlBFYy5P1COGsF/n21AifHGP6ak7L6UDMM/BzOVQGzulL8kVyO/RhYqwFGHWcCq4Z/ACXdqwA==
微光角菌,Yw6nv/E2hb4bUxXAjAMPv5F9IkCgdZ8/LXRQwDYesL52XOo+GhEZQGfkFUC+jdBATqmfP0QB5T6Q2vi/gyv9vx2vAUEeC06/C3y/wBqGtsAyfDZAwxLSvzVBLUHXzbjAW1sywIqddj+5HApBFh4Wv7Lf00BFemY/fifBQKHfYj4puQzAWw/NwBCcgb9tDK8/rES1wFOnG8Gyvqk+N8OGP7FGhD3bPxhB1ExoPlgrFUF5rSVBn4LkQJ42GkBKFfo9whWQQMZwUMAPL3xA5jZzPzJvND+yOlJAFBPUQEbw5D9h1Am/yOR/v1emBsBCiZrAhER5QCpcuT/aiE0/mD6GwA==
远海夷地的琼枝,AN9cwHOTg0CWIhW/mQ08v6vItcAVn5+/XoV6wFCslr+YV+W+sPbtP1SPMkDhMBlB9keCP2Dmyz9N3uQ/vA/jvwa+C0F0YuO+M7PZwC6NW8Go2U6/oRFQwB5vRUFiTNjA7h+cvp8IA8AZUV5BwQ/ev5hNF0FLs0DAWxU9QODqGECw4rDAJm99P6gSIcBMjw3AIL5ywCeyMcHBx9a+kviEQHpyYj9YwzBBGrgDQADXIkHyfh1B4KJMQRUlNUBotwzAqOp/QFJXPMDeuVo/co5AQBVWk8B3NwxAWGOBQKQNI79PGz7AMF7VPeqsFcAkE73AOjrOPhT94D6CRrK/NbPwwA==
繁光躯外骸,wEItv/OigUCBhNzA9YggP5nmJsCINgM/Hf53wJat976C6wc/Zl91QHTuH0EYl8A/sqNJv0XPq8CDsoW/0yaXQDwuY773TU1AlwMVwQeJD8GASD48zFN0wCgMD0FjKsPAT7aEwES0F77E9Q1B8PZQQMCPD0FAKtbA2nsYQNd/fECkvALB4SMLwXE5H0Dk9UXAih/QQGJx2MDuEjTAx1fOQCwpf0BKYUNBQnXxPy0TlkD+SFBBjNi3QE7ByD8CSXnAQQkVwFXhgD+srw1BNOtsvxBhxcBWkyVAe+qzQPs1zkBgaZm/OHBNP8YOPj8odrHANqQKwA6GnD+STNQ/8xiUwA==
[勤劳]的教导,MuMjwEFih0D3axzAtSqSwL3mAsCHOhE/N1ADPyI+DcDzHsZAHHLxPwhNmz8lTVu/9DZSvx8fb8CFVm2/VnnTv5EzLz97Pt2/BmH0wFCPG8C4FrRAtNlcQDlJI0EOkwPBAYoCwHV4CUDgMpRAJf2wQIfk7EDfqitAZNSNQMMo5L966AbBfrBZwSAjXD98WCPAcaUJQJBZvsCubp1AheG+vwzXKUCfijhBjKUgwJV9mEAXLdpADlnRP0xD4D9TxT8/LtxVQfmF00CDpgNBXskMPzzj3cA7xWBA6TRKQBR07b+/+6s/7CvgPzkM6r/ybyS/PCKBv48tO8BKp5PA6DfOPQ==
远海夷地的瑚枝,RJS7v7ZTgkBka0vA/+euv/DPwL/f2Zo+svcuwPlLPL/gfV1A9PAav+U/zkCW0HPAJ0WZwN99XcAX9UbAnh2TQCQYmL8thAFAj9iBwCS3Q8CfKXs/k7VTv+5fA0GXioXAfkMNwIYa+j+wR4JAn3QEQLncSkAuk+g//mMnQCQRFD/gQHu/hZdDwJjDxD+/LOO/rmUlQNb9NsC4UKm+QDGgQGGsjD8P/7lAdBjtv3EbfL6ssdFA0KvlP2URcT+Azp46MtxaQNa5o0BRb5VA8UH6v9tAbcBGvxxAu4CTQKTYl74V+Z8/qFi4Pwz+N79OChXAXpE8PiYHTD4Xdgw/cExdPw==
流沙贵嗣的遗宝,OiiRwHDnXMBnFpm/aE6kP9Jj/T++4CJAIxbkwABzVj12jH/AB6QyP0LpYL9SDkZB93ETQKoIzj/snY3AONBOwBAQL0HKnIe/SqeiwPdPcMCYTeJA9CAPwGSqS0Eyx3XALfk4wLSWGUAn8kRBEMswPuW3rUDN/kpArWENQUI7Rr+T46zAeEBnwEyWtb+e0ES/sXsowU4SJMEywkNADNhdv6YPwr8UZvZAMLFQwBHpUkCKlxdBN5PxQLhokECKTHo/a2klQci1GMDcwglAzqtSQKTV1L/pb79Amx7aQBCzZEBOyEm/vZ+PQPlXnb/Ajj/AOjNYQETZpD4vChi/nM3ewA==
黑晶号角,PLYCP+7ToD84LanATaBSwE742b/qjOQ/CdO1vxp1cz/DiAVACuyaQGu7GEDwJba/qLiDQNkuAsGge8E9D5zHPz+KCb9K84W/E34Ewb94jsD2FKc/FvWwv2Fj30ALnKnAgwkVwB+DA78TvadAy8iVQGqBEkGYQuPA7tAbv0XAnb4aK8fAuDvYwFP47T6sXuu/P7SPQLAbusAUU8u/Fk76v85Jvz+pUhdBAC91wDvaiEAHMwVBNr87QINEO8BKzsS/TzVkQEpfJUB+98hAg5vkP6exkMDIyJ0/32+TPz7Yp0BkadQ+FUalPsCR7j9h80zAx6lrwNZFET8pJ4jAkRp7wA==
至纯者的欢荣,kG3dwFvGlUCwWSbAXsMNwEY278Acyfm+HoS5wMgJd74flUFAkmoovmR0cz9tt3xBPCYhwMjWPsDDQIm/1B0/v6IZxEBSKLm/TAwxwU0+bcEV7ypAxi/jv9vHh0G43hbBxxtGwFQd5z/4NJJBDscGQAxSWkEDGg3A6S4AQW6wZEBXOgPBqpFbQOIlv79t4tS/LoBBwCEvTMEkQCY+jsifQBHBvT7ur3pB0FMawNQDJEG0k05BB7YbQUMAhkDxNho/h0iAQTwEPj84oIdAtvPnP2ybvsBp+aNACAj7QK6WLUAk+PC/7gkzP1N6jMAhpwvBULSQPwwHUD81NYzAmojawA==
终幕的时计,hUfFwOEWub7WZS3AxRraP3XUucCBSKK/fGUNwVA6r75LCTjAWJnXv1VAXUAHRH1B4CRGP9yr8b3icPw/uEvJP9+KNkE4WAQ/jiORwAEFAsGu9uU/c7vpwNKCIEGM7I7AJMtuvtlebcDk4iZBP+Y+QNEKq0C+qSa/9kSjQFxMJEBWF+U/2+UGQVYpSL8u2gVAYKuSwNsvFsF64g9AEDUpQLARx78a//NApVINwPzZhT5T8xZByN08QSvgA0BEJzXAAIjPubnAnr/i3ATAECuVQGxxwMAk0aBACfWMQEA4Nrx2YAvA6ukDQMZI0z/mz8LA0tY5v2Zd9T9Ysoy9zlslwQ==
兽肉,iHOIwJ3DlMCggglA9MYJvmfhYUBWFBLA2jVJwDBM9L9ogpi/pb6lP5WqukCmYxdBtn5nv9iCRkA0aQu/kqQ3wFopsEDaWLi/YNQVPGIzL8D4kRM+LgoGv/e7rUCHvKC/z+ECQAVBOkCoashAyh/5P99aCT/tv4xAsn2dQNt2wr26nDfALGh6QLeED8BYFw9AhBojwVVv18CaW5FAmZQUQaJYLL/ToXM/j+mSP5DXtkBiQcs/7VTRQGuVrUC8f2U/GcLkP2Vjb8CgtNq+T09eQJxqasDLo2hADqzWvtyqGsDNJ+i/ygpWQDqnrb+SmMs/AA6nP6UWtb/lRBk+VzYJwA==
水仙的时时刻刻,VpqawBrlgj+O4aS/y31nP/7bD79TwsM/NYbAwD/Shb8Kujy/1sKuP+um7EDtpu1A9NIJwFp5dsBgfGM9TZ4sQGH4xkAAjMY8L5slwSkuQsHQESdAFvzWv1JiBEEAjsnAQU4bwO5ErD4mDQ9B44sKQCpGAkFVNxS/SqvMQOreAcDneRLAcpn2vipseb8Ne6C/ok8WwLEXAcFiljK/nBQrQEhN379UfhhBbF2tv0l1HkCsRTBBR08CQW5BpT+3VuE/+J/vQJruiz+kZi5A39UIQAzmJMBIDNZAcO/pQKrlwEDoGrm/6aANQM1aWL8pieDArJ4PP5oc9D6W7dC/nE8YwA==
浊水的一掬,2AN0wEDGB0CERYLA14DcvpSGiL88yi+/VawIwfK8pr+JOBfA6fYmPjhSEEHnyYFBG1Dqv4MWmb8Gq3vAz9ScP9pcBUHSoPo/35yNwPGJFcHt36M/vOhIwMzbnEGQkQbBxRYowJHXNEDcbYRBhIFXQBKFFEHZyy7ATEHCQGCFmb+vhprAQBFvQHuHQ78cCHk/0MjZwJVlEsEYmHTAvkb8QC/Lsj8dWx1BtcQzwOGapUDtkjVBk44OQR6fW0A8BD4+dejMQG5Eiz+If5hA01Ipv/PclMBkFYJAvSbsQH2ISz9wRVi/+h/iPyIFhsBxe8XAWuFeQFEOLkAOrZ++QUDfwA==
帝皇的决断,LogDwL4q1D/N5Iu/2IpAP2DOPsAeoYu/uZjGwKwWqb5CKcE/PSfuP9Zev0DtdBhBWK7gvz4mBz+K3im/15jAP1xxv0DQcH29SIJrwKZaF8GGU28/0Y9UwLa8IUFYG57AKixpvjrW1b9Cyx1BYig+P7/xkUAKjCs+bBxeQO2S6z8SOM0/Xc+ZQHquir42PZy/u2KXwLViG8H4xgLAb96WQPGYED/IlhNBh0NOP0pMlEDV2iFB8V4OQczHBEBl7kK/1kEjQFCWsj0ge249FXISQFeCJr96+llArLiuQLUBSb8tRLG/QvjZP9Z+m798DIzAwMG6P1xspD5ERMC/52fcwA==
奇械机芯齿轮,CC09wJlMYMAI+UG+5vNBv8/G1L++IJm/4JAFwBqiIsCkts6+iaEZQHCflEC/7S2/RitVQPlMcL5h1jdADqTRP4WbdUBChF7AnhtSwGlArcAu+oA/h+P7v/ianT2gHBTAY5MTQKJ7b8ABaqM/tzJev4anUkDSBow/15soQAB3Dj81FKHA9FsWwORK679cxiO/YidzPzINBMEpaeVAjYaJv3LvTD/U8IhAjCOYP2mfLUDFPbhA8DAeQUqKWD4tyr+/aHAfwDA8Rr6/zlu/lw+pQMEDgsB4PUlABDVCv12QBMAAN27AWFMUQKqCEUCWJSfAptFowPwwhMC+BLe/w3gHwA==
自在松石碎屑,PGlowLv1+L733SXATRmrPMbmi7/OVytAwpUUwZAvMz/yfanAz6ILPyw95r8CpTJBJAYJv8qVlsD0l++/NFeWQA26CkHmS5g/2oVjwC+OPcE+J8dABFFWwBQbVkGsR7HAe16hwKoL+r+Lq/dA2OXHP4HbzEDqrNzArhVRQNuze8A6X7M/rq1YQMXQXj8yWso/qoVPwDKAycCpaJzA8COGPzIOBcDRLBBBd/zTwBDzB0BQjzZB8DmLQKkPiz/u11G/+hgxQYgY4T6OqoO/txlEP7zaUkACdbtAvdoDQXGnVkAu+Wm/xqF4QG7ArT7AtZzAK5U/QKBTX0A5Cmy/8J8FwQ==
夏祭之面,doVZwFuFv8B5hl6/5qX5v+xUYj4FSmE/4fjBvy7IF8Cq1M++/kI+QOThsEBhvoRAuasJQId/IMAAwla6LNujP0exjkCG3GPANXF+wJqIQsDNxldAAnFDP+IjDEA4OITA3CKbPeewhT+T2JVA8rZ1Pz58yUAoZDk9ynvAQPbABz+DY0rBRiTSwNDfer0mzuC+kFRBwOHOE8HUgiZBRsG1PhYMSD5Bx8VAy/pwwGhAnkBFGtpAxDjgQEXuHECWufc/u4TnQL4vMD9eUF5ArrSSQAHhtL8haI5AJsH9P8zCCb6La4jA1/VfQDDQdj8epC3At6jNv6luccBnESzAue3aPQ==
枣椰,dLs+v+ULTsCoTGa/BtgYP7dsC0Cwkgq+sCAdwMwEkj464ti/T2dCQJjhwz9Dr4VA0x8UQFyVBj9nGCq/lNwLvwn2ukBdFA7AUhwDwA+Ok8DQNW4/jSXlv/R1lkADLFfA6pDSPh0A9L8Z6HZApOKVPr/rKUAkwgg/n+erPxObDb7286k/tpyAvxI4ib9umGRAyj6swKDZ/cDxmWE/XGbKPigPkr985a5Ai60CvyBX30CRJddAhUrhQI1ZHj/xgEK+NL2Cv36FFMBPHPK/8VUsQHVgTj/H2AlAwzthQMLv3L7GHAfAYoZLPmBXDT1Y5hHAT43cPxODRz+Qqma/RuOSwA==
酸桔饵,8OWuvJI7mj72sFE/uiHnPwiu8D32WYE+v6sBwGKIrL+f8JE/bFAXQOvEuT/HoRk/AHLTPz1yHb98mBM/JDm5P4JWeUBQFwLAjTR0wEhUwsDMaxM/FYnovsR48T+/cRXA6q6ZPpl8HsAAZWA+9j2HPsT3D0C+KG+/hKUIvzfXlL+4Lqi/2fMrwNC5VL+MK3o+0MrzvrFQoMArCXQ//luBwHdckr+3IYtAgiOsvhB3l0CNBrtAAUiOQC2yob84DXc++sGnPyirzz0imRbAr34YQBfpLkCRmQlAWPFuQK4jQj9BxxbA/jWtPgCjKjzlQh3AqHYLPqrzur68hlLAVzWDvw==
哈瓦玛玛兹,u4yAwKZIeMAA34c6UPamvwhsH78KSEO/feQ2wLgYOr7O3mDAv4JNQNemC0B55+tAgOlQQHywXUA4cLc+3FRhwJyJ5kBu5IbA+blnwFG2B8FLgBNAnncBv6BUq0ACtafAtolkP42TEcCozQxBv3E8wPEO6kC4nGlASfnZQNOJNUB9WZ3AbrIOwNrDR8AuK28/GnXpwPpbWMF1RHlAtPGYQLynArv32hBBjhN6P5raMUHmxfNAc1A8QYNzOUC0RzC/m1t0QNL1ysDuoKm/NcGiQBJGwb/UTltAv7RXQILZWT+yqpbAxkROP95+Pr9cpyTA8jOtP3iAEMBS5be/0NLfwA==
奇迹之花,vD/Vv9HNd78iy4nArlz0v9hTZMBOQoBALslfwO0Vdj8TumnAIv3BvjTWBsDY68JAaq02QLn2S8AsYsg+zRwRPzt/2kBi/4k/HliTwAA/K8CaLo9AwddhwHP4BEFREYXAfEp2wE7aIb/6nfVASFAyP9bst0DhwC7AE8OlQBV84L476ui/Xp3UvxHngD+U7Na/Qis8viw8rMDMw/w//KXVwKSWRr9wCQRBkFqjwLsTVsDe4eVALq2sQBRswr0M9Ke/UvcAQaXnEkAWUg1AwJ4wQFDzGMBlpTpArKa5QILoDUDDSyW+GA+vPJRUZD6NxN7Aqvg9viTyXD9wMcy9CWudwA==
雷灾的子遗,IjWOwBMwV8Aq+ri/XQvxv3Oiwr9IBWs/VjPLv8szkr8NqZbA3VCawKsG6z6KBUtBrYmTPtzkMkB5Xg1A8GHOPYbPz0CZ51A/HBnRPfe7r78OmoJA2d2SwPhJB0GIOzPAUEEOwCQvJ753iyVBQckYwMVAXkCzpUBAfEdOQc34uz+ze93Am6/1P6Lh078dfp4/Y9nJwGr3DsG3zR1BsrP9v1yGJ77KTb1A8M+jPydrEMBAFqtA7+sXQXW7pkBErGI/dxcEQXUnnL+iWx4/A3STQGR/b8B6k4RAX4W+QOExh8Bgg5a/povOP5JYC8AiDQvB37k7P7sTnL9/4phAv7RhwA==
业果木,blzcv7vSeEDQsIm8EkYEwBuOBsD2GMO/GsDNP7toNsDkBaZA+rfav27SCr99751ABZWGwHb2O0D69SU/k48BwDDysT+EDGA/2K4FwMHPdMDiVLg/ANwvP1JtHUGYlkrA5jnvv14nvD/lYtdAlDY4P6u1DkDK0oU/ae+zQKcuFkBIEazA9QhbwMYzEL836Zm/3EslwOIcqcC8Y5FAHMtXvRuzK0A5v7ZAS7IuQN79lUD5U2BA09UuQLLeg0Cmizq/VzkoQTngAL/6GiZAGhQqP1H/LsChVWQ/5pBqQMy1hcC6Vgg/qMS4vksQacCb1jjAUarDPn4Le788Hq49eY2JvQ==
松木,KpZvwFAcwUBVUlw/+oRsvwIsesDRRxvAEQp6v/XlIcBMRA5Bpdrhv86KHECM3yVAKNvbwPXH3T74SBI/swqCvwnLOD8DFM8/yL2YwJsJ0cA8cEu+CBcxPsg88EBzUTbAzNrSvqJREUAxhapAygR7QMtEHEBfqDxAGl1pQLGaDUBfo6K/ZafgPmJf3z74KFPA+sv3vqPCZsBx8FBA8kV0QGaA8T8A+dJAqz9wQMgR/T8UdG1A8VE2QGCmqUCJT1G/rA4EQYOyEUC0CktAX2qFPOaJy8ACwj1AutY4QCEqTcAi3Zc/ako3P8YTUsBo9em/a+12v/OEwb9NuwrA/5ydPw==
阴燃之珠,zZOLwMgmhUBB5LI+PjFJQGdypb/5ryXA40fLwDAHib128oxARo35vlLexUBSuh9B15utwAwIDz/FT8W/tSe+PnWsS0AAPSA84JyYwIMrMcEQsY0/PphEv7JZFUEWyW7A1yiHPyQZyD5RHQlBZYpeQN1oPUBRFWhANfIfQL9cQT824wxAxs29QBCCZT0ceYO+06O7wBP/7sBzEQi/9tjoQPAfZL/Ga9VAcNj1P/8TqECE9u1A/bzTQAYsoEDaJaw/g90/QH+6hj8GH4w/CguzP7/MN8AVcaNASCrLQCYkeT9Mxbq8WyyDQEjRsr/2rP6/ZPKmP19zGT6y7kLA9yyTwA==
黃金乐曲的变奏,4pmJvpKII0CvMHe/QP5TQL5IlT+g2Dq+zq3cv6Zjj793ucO/fHW4P3mb/UDBqh9BpFjVP4lJi0CsMQ0/zHeAv0JCK0GUMse/lJlKvx8jL8EA+m++9mRBwIXp/UA1zbfAYjE0P1ytqMCQdQtBpEE1wEJh5kAb5JFATohsQK7FkD+d6BTADAXtwCXNmMCYcvo/wXAdwAMHSMGjbppAPJ8KQJYo1j7/oAxBtUeIQHLrDEE0XSZBUOxZQXwJTUAbIwZATg3awCtOkMAouA6+RxwPQBC7EkCIkuQ/QIT1QJSX5r83NibALtOnv5pbCMADI+zAa3aKQE3svT4FQOK/iXv7wA==
金鱼草,tTgbwL2XrD9FEGLAlIOLv8Db/L/Uf0g/JE72P2ABjT+U0iZA9QEgQDX7vsAmMcPAQPvcvv+XLcAup3pAAHbCulJbHMB7Lia/XVcPwYYq98B0NzRAG/5Cv8j4Pb8iMnbAz3v5v/WEssDQs1k+FlUav/scnkBBPF6/zWZUQLuaY0Ap5PY/KBTawDNA9D4ZLwi/hG6uQE6o3cDo8ilAx9Rgv2FyWr6uaixBdGWeQInlnkCWEu5AUxaUQFnyCj+skFnAhQ7BP9PMMcBi7QRAEhpuQO2yfMDqcUhAZ/U9QOaZp0A5bjy/bNi6vifab0B8l0jArwyCwHMOpr/SYgJArrwswA==
漆黑陨铁的一角,emqOvxBeRT/C+0rALGfov1j8xr9FIAs/gCIxv/hBbj7luga/Nv01Pya6fUDAioO90EwhvEQ6EMB//sE+GbkPQFj2Cz50ucU+5/5XwJMYU8BVHYU/frXjv6/mykDz/oTAGKjCv9ABi7877MtAyEvNPUEAsEDkiq+/ACJeQCqXlz8xfm3ADZIzwAxfmj7CyrK/zxQUQAYW3cC1lylApHubP6dFYz8Xoe1AOB7mPdhpGEBfqMhAufu7QIEBIz9Yd1W//KchP2WGIj+TF0RAajIEQFSnVcAu9bw/ZwdzQLy9AD+qsoy/HkuRPxgdlT+pmZLAZFayv0AmNrxUDoY/WnZmwA==
蛋包饭圆舞曲,h5WGwPtGtsDvxzdAW+DxvwYfAr8c176+1v0SvxXmo78KKILAMmEvQPNYqEBr0N5ARJk6QKDAtD+AFwZAlkkhwMZs8EBc7rPAK38mwBwxy8AyPM8/CkihPuLt2j/HIJLAogfnP0b3zr4MFWJACbhJv8K2cEArIo1AkmF1QKJ+Sr+Zvf2/duPEvklWMcBXvxZA/ksawTmMFsFlw6NAZBIhPz1e8L82HdZADmAZwPrLiEAMMVVANF0aQcS/MECTtSZAacimQId+ib8/+oLAHnC6QDfr3b96FqNA0ImRP990SsASvYXANLGpP3sUWcCIIf+/2mH/PtishsD+UXzAKOFYvw==
[角逐]的指引,lBdgwAKDUUDNTqK+RLC4PdTsosAf232/CD+3wPUhbMDIWFRAEwkVQIIv+0DEeixBOBPMv2JmgD7mZbM/kHevPxSv+0Bo7+4++pH2wCF1KcHpuK8/wYE8wJsRUUGUQa3A/kOkv0iB7D7AsjVBS1MCQC2D1kB3Fpy/6HLUQG0JFUBMrRrBvjhSwGHqCr8sKkjAMfonv5fEFcFzY7M/75+AQFg1JkDM+hJB8Vt5PwhXBUFCZCdBn60RQcvUJUCKWdW/eY/OQHiNzz7IK2RAumUaQFRDj8DIB29AjSmRQC5zEr/hIPy/mF7PP3xPxL/bDbPAZs8xP47zhr+xLEzAHmDOwA==
流放者之花,dMZmwI6Wa0DL0CDAnw8TP4ZRfsDV7ZU/oE6PwD8Sez+AjjJApzUTQKGksD+I+r1AkHuSvJCZib9OP/4/LEezv4HV6UCkzKc+JMRGwcYqV8HEdfQ+4+GxwKJDA0FhrbHAAOgLwJse+b8xqB5BzvmKvzhPE0Egn1g/GtPTQKirY0AAhNO/GoRpwEtHmL/AlxbANFBhv6itLMF+56g+nim3PzbwLr8+YVlBrreEQILg7kACVFVBnIYwQRo71j+3QA/AiuAVQNLJK8AoQExAM7RWQLRposA355pA2//QQDIrs0DWB3S/TlCkv+jvlb/8IvzAdMzgvqFKlT7+kCq/wr6zwA==
谧林涓露的铜符,DvWwv0vv4r6huiDAKAMsv+8UB8DDeKW+Dqrtv+AjBT1BvIZAgmmbvvKcnEAiQBDA3KgDwG3klcC/1CvAiRduQN6iGcD0UoC9FtPuvw1ASj8gUHo+sDt3vb3TiD8xyQXAbsVCPyKpYT5pSoc/MdeTQE8tMEATkZI/gTF3v0ZP4j9JQUvAwLZTvd0EVEA/moO/hv+PP0AHDMADLoJA/ZU1QNL1Pz/DxpdAPMwWwDYlE8AH5X9AbVOGP3WWsj/iryw/rXsAQBCRokCQYtU/pL4fvpG0hMDoA98/RZcoQNrUh79rd2a/pGkcQPuniT/ci/E+rM8rwPux0L8RG/q/+Vm1Pw==
渡火者的解脱,4lbOwKMIakBjnI6/DDSCPgg40D/i6wzA9/qIwMA9MsD3p2lA+uk7wDCwOEEE7GVBgjXdwEOCT0BQaES++H1WwEd95UBS2oQ/BlSDwOB5osBhYUVAkHKjvxb7UkEh0ovA9DTHv4zix0CNDURBJm25QCKej0CiIgpBeYg0QUTD7z/uU9LA4nUowMRW7r+X9Ju/Shf/wGK1G8EtZ81AEx8eQQYiRT120wtBgAGsQM/OokA47utAI83lQCqrHUEvuP4/yCHNQI4SFsBLk+RAMCKhP5rP5sC2iddAJg7XQAv12r/Aew1AsIrzP+Haj8A8oY3ATWZZQE0Emj7YK8A/wVAJwA==
布匹,HSa2v8zGGkDR/BC/xYOcP9TxBr8WmXa/WadQwCi4Ib+8cNM/gOP3PzxOT0DXLe5A+2d1vlpFJEDSJgm/TqfHv08Uw0BFcAS/ZK+jwEsuGsGCY7g/2LWjvXI6BkHQUpjA0HyYvwOUKsDOXsBAsN5evtbGl0CZiuc/VASIQEAKzj928Z8+LpNtv1jWH790eak/Px9BwOrPAcGgKey/1TNYQMr0Yz9touNAuuqoP65KKEEuhuJAxHzTQM+dlT+tEwTAcJOMQMsoiMAtrCu/LYMVP2trjT8sMQJAgS2mQFBLIEBHfpW/+sShv0nlNr+mMB/AJONXQAhtSj/u2Sa/NE6rwA==
漫行者的晶髓,CejTwMqA5j9JryTASU4fQCsQSsBip7u/pc9NweGClz/IPOk/ysygP+VdIkEvX4tBYVW8wATu1L/iFknAbzUCQCd16kCDmxNArkYRwbYxVsGA0D+8vOitwNqubEF67MXADTRwv5zg/j+v64VBBAlfQIjI9EBLBQ1A5Gn/QEx7JkBIvYM/4oMdQcRKuT/AFQTAebDxwJFdI8GqNVbAWOxiQa6L5L7YcjtBmXpvP9PPk0AWaGVBbvEhQYVipEDCgKO+aoI6QE56+j9N15BATmDcPg4Nt8ARpv1AlUQDQXBfjECMj4m/JrFmQIvzNsDgF47AOGERQOrHwj+MiQW/t/zawA==
鎏金殿堂,HaMvwINtlD8ZPeu/LPNlPjqfW8CSDtW/MioXwFZvrz+Ucz+/mX8DQCBAbD5pthZBkNIIPhIgBUAcLmG/rHEdwPA7Rr6SYoi+pIPXwFki8cBsPW4/7CHLPh6IA0HLdrDABolcv74lnb8/6UBBXySfv6oKvEBTfKS/ydO1QLjjjkDfseHAuA4+P5AQgD0hacW/eUMowA7SHcHMhM0+NS2NQBZKDEAtJBVBJtslQEIZCEEedvFApKTPQCzSQEDDYEHAflrJQMSSEcCk/ChA8nQWQKdtjMBvQgxAGoB8QPddVUDcMjjA4G4cQF6px7+DUzDAeDwpvl9ATr9ZvtA+EryrwA==
悠古弦音的残章,wsEPv+xFF0G4e/K/gforwMzNhsCp7M2/iS0BQPyxA8AuDyJB5od6v0ZGG0COIsy/UrWiwPHllr6uHM8/hLoUPgyH+78byC9AefXEwKy4iMDAi+I+/4VCv1KmEkHnzZTAuGrRvyGAh76pvrpAIsjYP6ADVEBGkxBACD+EQIKSvT/xvlW+gMyUwAtetD7+r2nAcvExQIk3g8Alklo/FKyhP730oED++wJBgLqhQGTbzD/UC2pAgP8pQA2z7j8QGBjAKcDTQFWMbUDqtdZAYP3rvNmN28BG6fE+C+48QIrcgcB0NV5AGGnqPVVq97/eJg/AJHADwHCG/r/Yhz6/VsAZPw==
[巧思]的指引,AU8RwPQRb0Crs4u/QSY7v8KWoMDYgda9trOuwERHDcCwoIM9/duzPUPlrUBw/CJBQka9PkzIyD346jw+MAzjP/nX3ECA5u68BFKmwPCjzcA/Ep0/kgZTwKhHRkH3ir/AsQjTv4n2Ob9NKx5BZkDRP5Cq8EAy27+9TZalQPgf7z6Jb/7ADxsYvxH0k78RkxTAjIpMv9Lz7sDUSgg/wDnUv3f6rD9mSR5BX08/vwA2SUB4VBhB+NLxQCAjWLzcmQq/1vi6QChqBEBB7Ig/mP9RP+Z8NMB+QUVAwBrEQEbw1b86qAzA9CFkvnm4e8ALy9DAJ215P2AYwTxKyPe/1nJ6wA==
浮游幽核,qn4BwAoOjEBIhFnAwmglQAS/H8DxpKS/3ZgawTimnr+z+HQ/ey8tv5rD4kAYwj1BeO6Kv+8lpj8mYTrAFIsGQMiHFUG1lI8/9zWBwD9gR8EC2xU/Si+0wKb3g0GPktXAhPgCwMyK0L97DEpB3KXEPiaYz0AId4y/QfpoQJHGiT88Fre9/JmYQMJsSL+ODz0/pV2GwDKTIsHm3F3A0xsmQNRepD6KxApB4CHVvIzos0Co+ltB9osxQTRWDkAsuf6/gMNEP0TGmz46Mck/gDP1vB5rDr9hPGZAttUOQWDjdr1p+YK/MEUYPvjBMsBtb+7A8TNxQLjCNEBcAjU/eX3/wA==
卷心菜,+BlZv7fSOMAbM5i/NkflPQrqpz9YFfg+OFO+v5pZoL5+7yS/rzwXQMOXtb98ZPo9BkA2QKx1Pb/WnRo/HnNZvkJUekCD/te/4s16wGgxi8DwfbU/uGqkv8Ljtz9GxcK/jWm9vvZDFsAJxnk/KI9Wv1x3CUB54Xy/O4HlP5XG1r6knNg/aD75uwgtSr8kivY/z63Kv+NnrcAmnUY/eIQswIFrVr9CtT5AwBdEvyJ1ikA+iZJAQdSpQMctkr91UtO/QmVtP+57GMAK1Lq/8CNOQLn9QT+mAu8/h8jNP247JkDnLbK/VKhPvgKu/T8Rxf+/ZLS1vrppLr4pZuG+oQIwwA==
战狂的鬼面,0p0CwH0WZz9Wpp/AvJshQFIBVMAa/cw/IyxNwHPOs7/8Vqq/phNhP9qQAUEpRAxBAa39P6xFKsBA6/m9QWZYQNjkv0CM2xA//qzswBfvfMDVVvw/cvQ+wPnSwkDwravAq0xSwNip+L58LP5ArvxrQP7SCUHeMAzA96KqQOGAn0B+mjXB6qcDweguwj/vQMS/pLVaQLtYAsEF5q5Aeq0ev8NXJj+QsydBDUzdv3z/eUDatypBfEDUQHsg0j+XUY+/rj8gQACLejxn9ntAjsTvP3BvG8A3hVNA3MYDQWu8jUDap2fAYV6QvmMC+j4Ix/PAnuRdvrHshj/cpJQ+RvKLwA==
炬木,uk8gv/yIuUDkWow9euecv8d+HcByRRXA9E0DPq02D8Aqd6pAwzUgP2+shUBBUpFAdM09wDrbrT8WynC+oJ8DwJYoXT9wYQ8/5ucewJdbzMCDbke/eGabPR1IJkErGojAbD4qv1uDgD8QEPVAxRFTQI8Vc0D/fN899N47P3071z+5fhvAyp27v70Rnb8WZ+e/AbjLv6l4mMD4wei+bxp7QJDJMED/Ed5AdNZFQCCVo0BuM29AsKd+QOqSaUDMRwK/JvmFQBY2Fz8vYhVAS/C5vpybi8AYiKs+OksYQOxGbcAOJ1U/giFzvpmJisAYcbm/MseZPp5aAr/w+inALysKwA==
堇瓜,AMYgP0GX2j+wdG3AqmR9vm412D6PztU/Uj0Uv06Irz8yyRFApVPTP3maRL+0rZrA7RkCvjKrjMCFlR6+7pEVQFohN7/SLpw/Ez+twJ1+K8AAh5O+1KIawHZTjT4sSsW/Sizov/TsWr5s++w/INE0P7onT0A1wjnAups9v8zeOj+Pxdg/vwpiwE3d2z+KIwHAXkVRQO6hC8CtYbO/2Phev/au+T4SlbJAnpgzP2rqRL5iFrFA93uyPySFT779yai/mopHv2IStz+piolAU506vmR4lb+lu4c/k/ZsQBFjXEC6nzI/ejuMv0kAej/y+jbAeekAwNe7ND9h9Jc/8NWhPw==
守护座钟,2bApwBEf978yjqHAtWYTwFBoOT7r7dk/1xHVwMReUcDRJC/AY89vQGRB8EBqMAtBlDafQO4dfMA+vOG/9/+NP/JjR0GR8QDAwhEMwYjICsHs14hAjTx9wPG1iEFpoRDBLLBhwGR/sT74NTJBPJM2QHjILkHTGhLAKfTaQHSMJcA+fjjA+SaMwFAcXcBtx/o/AA6dwIecQcHCiVHACBw3wLYcmj4QbCdBue+gwA9gw0DonVNBZwlCQXmMqr9QNRm8we6uQFDkm74mTFdAHY9BQL+LWMAr/5pAfZelQCwfOUBqVgS/bBlxvzLrGL/EvgrB/iULQJ10CD/M5ArAaYELwQ==
白灵果,StcJvwSoC0DB9+C/N6olQCqPnj/ww7k9VsGbwMFW3r9BBqk/YTndPyPRDkD2cAZA1Dg/P8jI0T+/zSbAwJ66u+jbDUEYVDu/NpaYwII2KcGa+VM/tlIGwMeZHEHqJIvALuOjv+SoBMDlhOlAJqUswMFmtkC2Bsm//u8PQKJm477MvQPARGSMwOLoE8Bizia/xi4awML6H8EcU06/3ErivyNPrz7hvd9AgsfCP14nE0H7NzxBDS0PQfbBkj6KhZ+/ocajP+cofcAoM3w+/Dh8P+MCNUBYbdU/HLDdQCuv+z/+cN6/TEoqv4sUHL9tecTAo20/QMHS6T+WHv2+mdefwA==
角斗士的酣醉,8M3CwFrDgr+euyvArrOYvzP2O8CzpcO/0iNSwJu+08BULHw//3SVv4+zJkHSxiVBVmpLwKixz78wbC1AUKiLQBjetUBNgY6/86OgwPe/DMFXd7dAkNenvz67KUGcENzAJURQwCqEWL/rzsFAQmOPQGCY1EB+zwS/zggnQfl7zT/acwzBePs+wDzZfr9ZEco/qKe2viuqJMEAfedAv2onP3yunz/FRwxBtBj0vtegJkCmMxJBQmkVQdMkkUDc8JK+uywWQVhESr5aDyNAJXV5QP89lcDss9hAi3mgQIkBsL8N6gfAusC5PxMXSz9x/QfBdAeAv93gKsA0vYM//LpzwA==
漆黑陨铁的一片,6OSKwPeB9kAafmDAMnYJwDq1IcGeMdG/Fu+MwAjm7r+76zVBid1CwMlin0DGzJnAcHZCwR5Ns8DdEiTADTyzQJqLjsDlwJBACknZwA70ncBKGp4/MLkTPt5GCUFwlLfASHAKwJn/ob8SScFAGsyoQOjX1kDOCt4//cCKQDRyrUD6UILAyiFiv1iwo0BrBfLAFvAGQTxTksD9KYVAhCW4QA0IBEBiskZBtGRoP+FS/r+oph9BSte9PyWdHEDCq9e/4KYiQUiZ4ECaH8BAJInpv5qD3cC+T1tAIIDEQIp5kb8gcoa9BmZOQADi2z+QLQ7A7lJjwNoTq7+tJXK/fKpQPw==
夤夜刻像,X85wwDvu5j+qRbXA/3EnwBwpCMAQLW092V5rwBamm79gOjZANw6Dv8YDH0GYES/A6HCCwKrd+MD8g53A1IvBQKBxCMB3Ilk/8US8wPg7tL+MwxhAG8TfPsXkCUEWb8zA1fWpv9l1BkBIPZ1AMsrjQHp42EBDDxE/21gmQCwrZ76nTJfAPB47wJv3G0DTPK+/MKMfQKovdMAPuzJAFIaRQKJ1uj8lOgNB4t+QwINblcD45/9AMpILQBLJHz8ar90/ZfXDQM8J/UAl2L1Ara4GwPIbCsF+iYRAyAdtQEw7Kz+O9G4/5VNwQLzMUD+QVx3ABXoZwD4Tir+KGnG/onuXPw==
土豆,VGqfPsHEfcBeLo6+rj/4vuh0MkBDFq8/6WwoP+i7nb9GOCjAYWiBQL2Crr4WrXXAof6eQCeXn7/q7B9AGsACvk97iEBVYAXA5QlbwMOLg8DkDGY/YPy8v/Gt5L+mT3+/1BG3vVPID8CMASbAmnuMv8xzcD+85u2/NiGzPu9ACcCO2AFAUFOHwAU0yL8SmNo/dl1xvhzadcAjfoY/zeaRwAgaI79aX7E/8Dsyv9fbJkCSzCVAn/WhQEYmAMAyWs+/Wl++vxSfCcACkeW/vwxsQEcOOj840dM/wU1Sv7bjyT9vAL2/7rhHv6iEBkBeV9y/I7eavzBEkb+eMqC92jU2vw==
慈爱的淑女帽,cvetwPi2BUBj/I7AMx+HwELMosAzkwtA0IODwAMP9j+kjIM/NgA7P5cxq8CtubFAXAJdvsIQncAA50S8oIAiwFE42kDa5q+/lpkVweoWAsHkwttAWHeEvmC7MUEcOgfB0Q6FwD12pL+jfAxBQ0BTQBOwLEHgXcQ/NJPsQIxUCD9ABg9AxN2YwEA7bT6M/1u/wd8AQMQNGsGeAs8/NnK0v7J327+rRHRB+ES2wHm2q0Czdi1B8IyqQEY3Ez8innW/wkheQWaE3T+S84FAB/AYQA1nZsCrC7BA5m3VQHPoh0DfaeA+NE8gv0BMQ77MU7fAcuiBP+cDgT8K0T7Ax0nTwA==
[浮世]的哲学,gmNhwNXIVL8yt7o/22FdwG2Xib9oM4y+fIYZwOiUO8A3AqE/ih69QHpnf0CHgwBBSD+6PyqaeMAcBq+/EIy0vyjnaUCZiGPA3A3VwJ/HOMBEFpBAfp9kQAv1J0HbXfHAXHKxPmKOp0BAVw1B2X7lQLV46EAnvvK+q/mRQIF7PcCUXF/BFtoYwbLQHD5TNjvAR0n+vzaE3MBzL5hA1Mt/QJDoPEBgeQ9BpVPgwJwq/UBtpa1AnmwHQNen9j9pa+Y/ggFwQWjZ0ECxs7pAgG79P7VursBLlYtAI68wv0J8I8D9NRbAVvvDQEpvLcBFPBZAvlKAv0qJTMAPgxHBupYXwA==
